CustomerID,Recency,Frequency,Monetary,R_Score,F_Score,M_Score,RFM_Score,Segment,ProductDiversity,Country,AvgItemsPerOrder,SpendingVariability,CustomerLifetimeDays
12346,326,1,77183.6,1,1,4,1.9,Needs Attention,1,United Kingdom,74215.0,0.0,0
12347,2,7,4310.0,4,4,4,4.0,Champions,103,Iceland,13.505494505494505,23.28990231050118,365
12348,75,4,1797.24,2,3,4,2.9,Loyal,22,Finland,75.51612903225806,48.51485730087981,282
12349,19,1,1757.55,3,1,4,2.7,Loyal,73,Italy,8.643835616438356,34.655912704589504,0
12350,310,1,334.4,1,1,2,1.2999999999999998,At Risk,17,Norway,11.588235294117647,7.275538185065964,0
12352,36,8,2506.04,3,4,4,3.6000000000000005,Champions,59,Norway,6.305882352941176,51.68790029756352,260
12353,204,1,89.0,1,1,1,1.0,At Risk,4,Bahrain,5.0,12.215427404174878,0
12354,232,1,1079.4,1,1,3,1.5999999999999999,Needs Attention,58,Spain,9.137931034482758,8.679742086377074,0
12355,214,1,459.4,1,1,2,1.2999999999999998,At Risk,13,Bahrain,18.46153846153846,29.70352219466962,0
12356,23,3,2811.43,3,3,4,3.3,Loyal,53,Portugal,26.966101694915253,48.5722968956169,302
12357,33,1,6207.67,3,1,4,2.7,Loyal,131,Switzerland,20.671755725190838,39.564761618762496,0
12358,2,2,1168.06,4,2,3,3.1,Loyal,13,Austria,13.052631578947368,52.27752321904825,149
12359,58,4,6372.58,2,3,4,2.9,Loyal,214,Cyprus,6.540322580645161,31.33620817089572,274
12360,52,3,2662.06,2,3,4,2.9,Loyal,105,Austria,9.031007751937985,21.394617726708653,148
12361,287,1,189.9,1,1,1,1.0,At Risk,10,Belgium,9.1,3.280396317520186,0
12362,3,10,5226.23,4,4,4,4.0,Champions,201,Belgium,8.3796992481203,9.664671282056696,292
12363,110,2,552.0,2,2,2,2.0,Needs Attention,23,Unspecified,17.73913043478261,15.751238912311859,132
12364,8,4,1313.1,4,3,3,3.4,Loyal,70,Belgium,17.71764705882353,8.910810071730504,104
12365,291,2,641.38,1,2,2,1.6,Needs Attention,22,Cyprus,7.909090909090909,65.1966351414414,0
12367,4,1,168.9,4,1,1,2.2,Needs Attention,11,Denmark,15.727272727272727,5.648958069655612,0
12370,51,4,3545.69,3,3,4,3.3,Loyal,143,Cyprus,14.089820359281438,21.116236420001904,309
12371,45,2,1887.96,3,2,4,3.0,Loyal,63,Switzerland,9.380952380952381,44.277857887191665,14
12372,72,3,1298.04,2,3,3,2.5999999999999996,Loyal,34,Denmark,15.26923076923077,16.382581689264665,224
12373,311,1,364.6,1,1,2,1.2999999999999998,At Risk,14,Austria,14.071428571428571,10.26028296848613,0
12374,25,1,742.9300000000001,3,1,3,2.4000000000000004,Needs Attention,33,Austria,10.363636363636363,19.774010639733735,0
12375,11,2,457.5,4,2,2,2.8000000000000003,Loyal,14,Finland,10.470588235294118,14.672205115154862,87
12377,315,2,1628.12,1,2,3,1.9,Needs Attention,72,Switzerland,12.25974025974026,15.531661592534688,39
12378,130,1,4008.62,2,1,4,2.3,Needs Attention,219,Switzerland,11.547945205479452,8.958342412809236,0
12379,82,2,852.24,2,2,3,2.3,Needs Attention,39,Belgium,10.175,12.201029969133439,88
12380,22,4,2724.81,3,3,4,3.3,Loyal,77,Belgium,10.836538461538462,27.08885288224848,164
12381,5,5,1845.31,4,3,4,3.7,Champions,70,Norway,9.28735632183908,25.892950235134975,115
12383,185,5,1850.56,1,3,4,2.5,Needs Attention,84,Belgium,15.474747474747474,12.680055152091024,167
12384,29,2,585.27,3,2,2,2.4000000000000004,Needs Attention,26,Switzerland,4.666666666666667,17.29530260815613,92
12386,338,2,401.9,1,2,2,1.6,Needs Attention,10,Australia,35.4,22.821064830546362,29
12388,16,6,2780.66,4,4,4,4.0,Champions,57,Australia,14.62,16.84279813241532,311
12390,80,1,549.84,2,1,2,1.7000000000000002,Needs Attention,32,Belgium,11.03125,7.172142344268664,0
12391,22,1,460.89,3,1,2,2.1,Needs Attention,92,Cyprus,3.0,5.523439108549907,0
12393,72,4,1582.6000000000001,2,3,3,2.5999999999999996,Loyal,47,Australia,12.75,18.045403220237354,260
12394,64,2,1272.48,2,2,3,2.3,Needs Attention,26,Belgium,30.333333333333332,64.92458923381407,153
12395,19,12,3018.63,3,4,4,3.6000000000000005,Champions,91,Belgium,13.576923076923077,12.640153861413182,351
12397,36,2,2409.9,3,2,4,3.0,Loyal,110,Belgium,10.023809523809524,15.703009487720136,99
12398,46,1,1635.6599999999999,3,1,3,2.4000000000000004,Needs Attention,85,Switzerland,16.4,22.430088742767012,0
12399,119,4,1108.65,2,3,3,2.5999999999999996,Loyal,47,Belgium,19.966101694915253,10.49116802024393,142
12401,303,1,84.3,1,1,1,1.0,At Risk,5,Belgium,2.2,5.419340365764086,0
12402,323,1,225.6,1,1,1,1.0,At Risk,11,Belgium,8.545454545454545,7.2340105813379285,0
12403,50,1,427.7,3,1,2,2.1,Needs Attention,5,Denmark,19.2,64.97959679776415,0
12405,149,1,1710.39,1,1,4,1.9,Needs Attention,54,Finland,15.87037037037037,42.769103308331616,0
12406,22,2,3415.3,3,2,4,3.0,Loyal,92,Denmark,17.314285714285713,23.678103145939364,161
12407,50,5,1708.1200000000001,3,3,4,3.3,Loyal,57,Belgium,18.38961038961039,16.695276404955607,214
12408,33,5,2888.55,3,3,4,3.3,Loyal,81,Belgium,13.41904761904762,24.172746971617563,227
12409,79,3,11072.67,2,3,4,2.9,Loyal,91,Switzerland,50.92660550458716,61.50616794139595,103
12410,309,2,693.3299999999999,1,2,3,1.9,Needs Attention,26,Switzerland,8.115384615384615,28.210280245656218,0
12412,75,3,1226.88,2,3,3,2.5999999999999996,Loyal,43,Denmark,13.59016393442623,12.51062163805188,94
12413,67,3,758.1,2,3,3,2.5999999999999996,Loyal,29,France,7.526315789473684,10.267213627643855,270
12414,217,3,562.41,1,3,2,1.9,Needs Attention,16,Austria,16.666666666666668,18.57288607241275,93
12415,24,21,124914.53,3,4,4,3.6000000000000005,Champions,444,Australia,108.36694677871148,181.10239561311863,313
12417,3,9,3649.1,4,4,4,4.0,Champions,158,Belgium,8.083333333333334,11.076127647062123,354
12418,113,1,668.58,2,1,2,1.7000000000000002,Needs Attention,34,Switzerland,11.970588235294118,16.13403350302239,0
12420,64,1,600.39,2,1,2,1.7000000000000002,Needs Attention,29,Cyprus,11.89655172413793,9.201862041164851,0
12421,16,4,807.04,4,3,3,3.4,Loyal,32,Spain,10.755555555555556,11.561200883065126,303
12422,96,3,803.5600000000001,2,3,3,2.5999999999999996,Loyal,39,Australia,9.487179487179487,17.520070403299535,229
12423,1,8,1859.31,4,4,4,4.0,Champions,97,Belgium,10.712,7.838852929581782,352
12424,163,2,1760.96,1,2,4,2.2,Needs Attention,30,Australia,24.666666666666668,62.474226064024606,0
12425,78,1,777.2,2,1,3,2.0,Needs Attention,36,Portugal,13.777777777777779,14.685976941632408,0
12426,195,1,582.73,1,1,2,1.2999999999999998,At Risk,30,Germany,8.6,11.490219434096034,0
12427,22,3,825.8,3,3,3,3.0,Loyal,26,Germany,17.193548387096776,17.504324559364463,349
12428,26,9,7956.46,3,4,4,3.6000000000000005,Champions,258,Finland,12.02721088435374,43.42766763742172,257
12429,9,4,3750.4,4,3,4,3.7,Champions,82,Denmark,16.051546391752577,35.84802256740429,356
12430,43,1,256.4,3,1,1,1.8000000000000003,Needs Attention,11,Norway,10.636363636363637,14.033241574593845,0
12431,36,15,6487.45,3,4,4,3.6000000000000005,Champions,163,Australia,12.36595744680851,50.33543798253851,338
12432,43,5,5059.32,3,3,4,3.3,Loyal,107,Norway,16.675925925925927,75.6796474737069,129
12433,1,7,13375.87,4,4,4,4.0,Champions,219,Norway,26.35952380952381,27.0369316523465,372
12434,85,2,806.14,2,2,3,2.3,Needs Attention,46,Australia,7.88,8.336415331029794,175
12435,80,2,7829.89,2,2,4,2.5999999999999996,Loyal,31,Denmark,57.083333333333336,118.22086735838245,188
12436,100,1,509.01,2,1,2,1.7000000000000002,Needs Attention,16,Norway,13.1875,18.84557161731459,0
12437,2,18,4951.41,4,4,4,4.0,Champions,118,France,14.683417085427136,18.247716430729014,329
12438,14,2,2906.85,4,2,4,3.4000000000000004,Loyal,84,Norway,12.040816326530612,40.54791789245686,125
12441,367,1,173.55,1,1,1,1.0,At Risk,11,France,11.0,4.004083143265363,0
12442,3,1,172.06,4,1,1,2.2,Needs Attention,12,Spain,15.166666666666666,8.012192791822558,0
12444,21,5,5005.46,3,3,4,3.3,Loyal,138,Norway,6.551136363636363,36.38456452930298,149
12445,22,1,133.4,3,1,1,1.8000000000000003,Needs Attention,4,Spain,15.5,16.22621335986927,0
12446,58,1,1002.3100000000001,2,1,3,2.0,Needs Attention,57,RSA,6.157894736842105,6.119333243775087,0
12447,243,1,476.49,1,1,2,1.2999999999999998,At Risk,26,Belgium,7.3076923076923075,7.176101973805942,0
12448,44,1,449.45,3,1,2,2.1,Needs Attention,22,Spain,11.045454545454545,19.12305152907218,0
12449,22,4,4067.29,3,3,4,3.3,Loyal,118,Belgium,8.13089005235602,17.994325824835112,164
12450,156,2,197.88,1,2,1,1.3,At Risk,7,Spain,16.0,18.193495698031363,17
12451,11,5,9035.52,4,3,4,3.7,Champions,265,Switzerland,18.573446327683616,21.135579050968854,313
12452,17,2,430.57,4,2,2,2.8000000000000003,Loyal,21,Switzerland,8.409090909090908,16.023037669155816,0
12453,134,1,707.09,2,1,3,2.0,Needs Attention,43,Austria,11.0,5.037722056802528,0
12454,56,1,3528.34,2,1,4,2.3,Needs Attention,15,Spain,67.06666666666666,104.4952025875328,0
12455,73,6,2466.86,2,4,4,3.2,Loyal,85,Spain,23.211111111111112,23.523037711380642,223
12456,44,3,3181.04,3,3,4,3.3,Loyal,105,Switzerland,13.064,34.238720340309676,210
12457,66,7,2363.23,2,4,4,3.2,Loyal,53,Switzerland,13.596774193548388,46.29048069629005,172
12458,71,2,947.4,2,2,3,2.3,Needs Attention,35,Switzerland,13.31578947368421,18.02832329094384,213
12461,94,2,826.88,2,2,3,2.3,Needs Attention,35,Switzerland,8.2,32.83688746905623,60
12462,19,2,1189.59,3,2,3,2.7,Loyal,51,Spain,8.64516129032258,21.327398878292737,284
12463,53,4,1344.78,2,3,3,2.5999999999999996,Loyal,65,Belgium,9.349397590361447,7.328468719731287,188
12464,10,8,1212.05,4,4,3,3.6999999999999997,Champions,6,Belgium,3.8620689655172415,26.566101335118468,299
12465,17,2,742.1899999999999,4,2,3,3.1,Loyal,46,Belgium,10.191489361702128,6.353031668294546,152
12468,188,2,729.5400000000001,1,2,3,1.9,Needs Attention,36,Germany,9.631578947368421,11.894366717135764,128
12471,2,30,19824.05,4,4,4,4.0,Champions,150,Germany,17.85217391304348,76.19169714190105,362
12472,32,7,6572.11,3,4,4,3.6000000000000005,Champions,219,Germany,12.23598820058997,15.530018825041694,336
12473,29,5,3938.5499999999997,3,3,4,3.3,Loyal,140,Germany,14.517857142857142,53.242991326316854,162
12474,17,18,7375.79,4,4,4,4.0,Champions,253,Germany,11.431603773584905,10.212934432582509,312
12475,54,1,723.38,2,1,3,2.0,Needs Attention,36,Germany,14.86111111111111,10.979105942725358,0
12476,16,11,6816.42,4,4,4,4.0,Champions,177,Germany,10.334763948497853,26.005650763997817,345
12477,23,6,13219.74,3,4,4,3.6000000000000005,Champions,191,Germany,12.176666666666666,48.76364839072834,278
12478,4,1,680.99,4,1,3,2.8,Loyal,36,Greece,6.555555555555555,20.812875568850277,0
12479,11,1,527.2,4,1,2,2.5,Needs Attention,31,Germany,12.419354838709678,9.067401152254927,0
12480,28,4,3281.63,3,3,4,3.3,Loyal,129,Germany,11.084415584415584,28.908123428200177,307
12481,23,10,5596.32,3,4,4,3.6000000000000005,Champions,150,Germany,15.225806451612904,20.611551737305664,342
12483,17,8,2484.98,4,4,4,4.0,Champions,46,Sweden,14.8,31.407259488477756,322
12484,33,6,4541.72,3,4,4,3.6000000000000005,Champions,256,Spain,6.332369942196531,17.15008436296153,303
12488,10,3,1298.66,4,3,3,3.4,Loyal,46,France,9.618181818181819,16.826931830099475,65
12489,336,1,334.93,1,1,2,1.2999999999999998,At Risk,15,France,7.0,8.673208227200645,0
12490,5,10,5417.93,4,4,4,4.0,Champions,131,France,12.506122448979593,17.133910877765565,324
12491,39,1,460.40000000000003,3,1,2,2.1,Needs Attention,25,France,10.0,9.367493712916943,0
12492,63,2,263.21000000000004,2,2,1,1.7,Needs Attention,19,Germany,9.6,5.372805280200221,42
12493,166,2,433.74,1,2,2,1.6,Needs Attention,20,France,9.409090909090908,5.7762227955256185,31
12494,16,7,1246.1000000000001,4,4,3,3.6999999999999997,Champions,63,France,9.181818181818182,7.523139437715911,349
12497,82,1,1043.1,2,1,3,2.0,Needs Attention,14,Germany,88.28571428571429,44.84968852109857,0
12498,21,3,403.70000000000005,3,3,2,2.7,Loyal,21,Germany,6.913043478260869,6.960856110175046,36
12500,23,11,4257.82,3,4,4,3.6000000000000005,Champions,34,Germany,43.90163934426229,96.51899053152205,310
12501,337,1,2169.39,1,1,4,1.9,Needs Attention,149,Germany,11.966442953020135,11.642558487285982,0
12502,96,5,3723.87,2,3,4,2.9,Loyal,102,Spain,5.578231292517007,29.728509806771058,214
12504,18,2,482.04999999999995,4,2,2,2.8000000000000003,Loyal,6,Germany,10.0,46.544862617813266,12
12506,233,1,73.5,1,1,1,1.0,At Risk,23,France,1.0,2.086586656124731,0
12507,134,3,1304.81,2,3,3,2.5999999999999996,Loyal,19,Spain,42.57142857142857,54.53008953561239,164
12508,26,2,398.27,3,2,2,2.4000000000000004,Needs Attention,57,France,3.9420289855072466,4.446343368666962,2
12509,284,1,176.5,1,1,1,1.0,At Risk,7,France,7.857142857142857,18.9161684431977,0
12510,143,2,982.5699999999999,1,2,3,1.9,Needs Attention,29,Spain,10.696969696969697,32.12482880510923,182
12512,66,2,138.03,2,2,1,1.7,Needs Attention,31,Israel,2.911764705882353,2.871632927177357,0
12513,113,1,612.29,2,1,2,1.7000000000000002,Needs Attention,35,France,13.2,9.986948600695868,0
12514,267,1,1017.68,1,1,3,1.5999999999999999,Needs Attention,51,Italy,8.627450980392156,10.635650297696987,0
12515,353,1,383.7,1,1,2,1.2999999999999998,At Risk,16,Italy,8.1875,22.111873695671594,0
12516,78,2,1312.06,2,2,3,2.3,Needs Attention,20,Germany,33.65384615384615,32.54597290933833,102
12517,28,5,2502.84,3,3,4,3.3,Loyal,232,Germany,4.827464788732394,8.341167975955502,161
12518,1,5,2056.89,4,3,4,3.7,Champions,84,Germany,10.629032258064516,8.975297314683546,109
12519,64,1,340.84,2,1,2,1.7000000000000002,Needs Attention,17,Germany,10.166666666666666,10.909873683542338,0
12520,79,5,2634.26,2,3,4,2.9,Loyal,121,Germany,9.467105263157896,11.726679982218656,194
12521,143,1,599.68,1,1,2,1.2999999999999998,At Risk,38,Germany,8.131578947368421,8.921051867890215,0
12522,39,2,192.72,3,2,1,2.1,Needs Attention,11,Germany,16.166666666666668,4.292248827829067,12
12523,19,11,1789.77,3,4,4,3.6000000000000005,Champions,84,France,8.160377358490566,5.421290511365845,312
12524,9,8,4485.72,4,4,4,4.0,Champions,113,Germany,25.6875,33.076008851408616,324
12526,1,3,1316.66,4,3,3,3.4,Loyal,64,Germany,8.901408450704226,8.519842518452757,93
12527,82,3,348.71000000000004,2,3,2,2.3,Needs Attention,18,Germany,13.0,13.665484131048844,243
12528,9,6,1933.48,4,4,4,4.0,Champions,50,Germany,8.217391304347826,12.022408286335333,303
12530,60,4,1662.28,2,3,4,2.9,Loyal,51,Germany,13.833333333333334,19.07785642520893,277
12531,15,1,125.22,4,1,1,2.2,Needs Attention,17,Germany,2.6470588235294117,6.801954736345584,0
12532,30,1,349.83000000000004,3,1,2,2.1,Needs Attention,16,France,9.5625,9.539831562978458,0
12534,131,1,1089.18,2,1,3,2.0,Needs Attention,63,Germany,10.333333333333334,13.107948691309758,0
12535,92,2,716.35,2,2,3,2.3,Needs Attention,28,France,6.4411764705882355,8.924090775398799,94
12536,43,3,12601.830000000002,3,3,4,3.3,Loyal,260,France,10.739463601532567,362.18342853366886,15
12538,29,1,363.95,3,1,2,2.1,Needs Attention,21,Spain,9.095238095238095,7.189807997966221,0
12539,22,4,5568.35,3,3,4,3.3,Loyal,157,Spain,7.571428571428571,17.99307702381259,311
12540,20,17,13400.24,3,4,4,3.6000000000000005,Champions,277,Spain,13.985355648535565,29.064644578260108,342
12541,30,3,981.18,3,3,3,3.0,Loyal,46,Spain,13.076923076923077,12.460669363861442,251
12544,36,1,372.7,3,1,2,2.1,Needs Attention,19,Spain,7.157894736842105,10.293882927787461,0
12545,75,2,1000.39,2,2,3,2.3,Needs Attention,42,Spain,10.46,14.496073400780512,184
12546,47,2,1161.5,3,2,3,2.7,Loyal,59,Spain,9.173913043478262,10.423762822155396,31
12547,198,2,207.79999999999998,1,2,1,1.3,At Risk,7,Spain,16.75,4.709185552877332,82
12548,166,1,95.19999999999999,1,1,1,1.0,At Risk,5,Spain,9.8,5.1154667431232514,0
12550,79,1,964.83,2,1,3,2.0,Needs Attention,57,Spain,9.982456140350877,17.690194838414094,0
12551,358,1,168.0,1,1,1,1.0,At Risk,10,Spain,10.0,3.1989581637360205,0
12552,39,2,437.82,3,2,2,2.4000000000000004,Needs Attention,20,Italy,4.4,23.762512249782276,0
12553,8,10,3692.28,4,4,4,4.0,Champions,95,France,10.287958115183246,11.880807825798376,321
12556,50,2,603.71,3,2,2,2.4000000000000004,Needs Attention,100,Spain,2.958677685950413,3.8508279922498896,100
12557,16,5,11990.960000000001,4,3,4,3.7,Champions,15,Spain,132.84848484848484,446.19750586925,355
12558,8,1,269.96,4,1,1,2.2,Needs Attention,11,USA,17.818181818181817,22.01308239124263,0
12559,311,2,561.71,1,2,2,1.6,Needs Attention,21,Germany,13.476190476190476,24.540081014342153,8
12560,5,3,2134.01,4,3,4,3.7,Champions,91,Germany,10.571428571428571,17.180256921113195,137
12561,303,1,238.85,1,1,1,1.0,At Risk,16,Germany,11.0625,4.683017857108812,0
12562,8,7,3781.7400000000002,4,4,4,4.0,Champions,99,France,10.589285714285714,19.084931131101072,190
12564,261,1,456.9,1,1,2,1.2999999999999998,At Risk,21,France,6.333333333333333,8.372563611497464,0
12565,289,1,145.92,1,1,1,1.0,At Risk,9,Saudi Arabia,8.88888888888889,4.985759721446672,0
12566,86,1,351.65,2,1,2,1.7000000000000002,Needs Attention,19,Germany,13.947368421052632,9.859135965605915,0
12567,23,10,9401.28,3,4,4,3.6000000000000005,Champions,323,France,9.652466367713005,17.3024339679799,346
12569,2,32,4124.69,4,4,4,4.0,Champions,92,Germany,9.579787234042554,14.51375716460846,250
12571,40,2,519.61,3,2,2,2.4000000000000004,Needs Attention,31,France,15.382352941176471,6.172507623041566,81
12572,9,2,1020.42,4,2,3,3.1,Loyal,53,Germany,7.533333333333333,11.707049057175709,43
12573,227,1,160.54000000000002,1,1,1,1.0,At Risk,26,France,3.0,7.948758213888326,0
12574,316,1,218.45,1,1,1,1.0,At Risk,11,France,5.545454545454546,6.252552206172219,0
12576,36,5,1315.83,3,3,3,3.0,Loyal,72,Poland,10.988636363636363,4.8565089619276085,268
12577,35,3,657.8,3,3,2,2.7,Loyal,137,France,3.2108843537414966,5.486704022682708,323
12578,21,2,2794.51,3,2,4,3.0,Loyal,111,Italy,10.491228070175438,25.465203831639112,308
12579,78,1,440.42,2,1,2,1.7000000000000002,Needs Attention,29,France,9.827586206896552,8.532003659938384,0
12580,247,1,415.7,1,1,2,1.2999999999999998,At Risk,24,Germany,9.916666666666666,6.165258848310156,0
12581,40,1,197.71,3,1,1,1.8000000000000003,Needs Attention,15,Germany,10.733333333333333,3.7756219292165567,0
12582,239,2,511.36,1,2,2,1.6,Needs Attention,21,Finland,13.636363636363637,22.969411242211955,49
12583,3,15,7281.38,4,4,4,4.0,Champions,115,France,20.48582995951417,22.17591686712561,370
12584,4,9,2338.15,4,4,4,4.0,Champions,44,Italy,4.333333333333333,16.30945833072536,276
12585,234,2,2040.1,1,2,4,2.2,Needs Attention,77,Germany,14.701149425287356,22.168976141315973,117
12586,17,1,196.94000000000003,4,1,1,2.2,Needs Attention,11,Italy,7.181818181818182,8.664634178922125,0
12587,8,1,144.0,4,1,1,2.2,Needs Attention,4,Finland,12.75,10.161364737737411,0
12588,39,1,214.89999999999998,3,1,1,1.8000000000000003,Needs Attention,10,Finland,5.3,9.00508498325005,0
12589,29,2,646.68,3,2,2,2.4000000000000004,Needs Attention,29,France,8.742857142857142,10.452372920244741,115
12590,211,2,9864.26,1,2,4,2.2,Needs Attention,68,Germany,62.98529411764706,92.92868335397539,0
12591,317,1,452.84999999999997,1,1,2,1.2999999999999998,At Risk,26,Italy,8.76923076923077,14.520936211606278,0
12592,92,2,437.6,2,2,2,2.0,Needs Attention,11,Germany,16.11111111111111,7.501755785766493,121
12593,109,3,418.09999999999997,2,3,2,2.3,Needs Attention,14,France,9.80952380952381,7.060304863241017,110
12594,38,10,3338.2200000000003,3,4,4,3.6000000000000005,Champions,50,Italy,15.059322033898304,15.06336201562172,285
12596,51,2,618.27,3,2,2,2.4000000000000004,Needs Attention,25,Spain,17.555555555555557,22.139078629520753,190
12597,19,4,3811.22,3,3,4,3.3,Loyal,184,Spain,10.854368932038835,24.5527987143534,248
12598,10,8,3023.08,4,4,4,4.0,Champions,84,France,14.878787878787879,14.75940533516818,275
12599,29,7,1032.58,3,4,3,3.3000000000000003,Loyal,32,France,15.419354838709678,9.57112266697554,275
12600,29,10,2599.04,3,4,4,3.6000000000000005,Champions,32,Germany,12.09375,40.75933722999641,342
12601,190,5,577.0600000000001,1,3,2,1.9,Needs Attention,21,Germany,8.75,13.235267960620142,142
12602,59,1,153.12,2,1,1,1.4000000000000001,At Risk,12,France,13.5,4.742312439383055,0
12603,22,1,739.1999999999999,3,1,3,2.4000000000000004,Needs Attention,2,Germany,31.5,344.5024237940859,0
12604,79,2,254.18,2,2,1,1.7,Needs Attention,15,France,12.5625,6.328255025413142,182
12607,60,1,1579.51,2,1,3,2.0,Needs Attention,101,USA,12.158415841584159,5.979403091173288,0
12609,78,3,1126.85,2,3,3,2.5999999999999996,Loyal,57,Germany,10.8,11.51706372826442,240
12610,23,5,2099.54,3,3,4,3.3,Loyal,85,Italy,9.89622641509434,18.07965561038475,103
12611,52,1,1193.32,2,1,3,2.0,Needs Attention,65,Italy,13.015384615384615,16.957082637840106,0
12612,74,1,704.0400000000001,2,1,3,2.0,Needs Attention,19,Germany,13.789473684210526,16.82652448712418,0
12613,57,5,3344.38,2,3,4,2.9,Loyal,124,Germany,10.745098039215685,14.444812522366968,204
12614,278,1,315.6,1,1,2,1.2999999999999998,At Risk,20,Germany,3.8,2.840700432528643,0
12615,2,4,2291.19,4,3,4,3.7,Champions,82,France,13.104761904761904,18.75354551679627,166
12616,95,2,713.3,2,2,3,2.3,Needs Attention,25,France,8.875,14.658441570446485,202
12617,29,1,355.53,3,1,2,2.1,Needs Attention,39,France,5.071428571428571,7.629709980742645,0
12618,22,1,177.31,3,1,1,1.8000000000000003,Needs Attention,11,Italy,8.727272727272727,8.46423706490485,0
12619,16,9,3641.24,4,4,4,4.0,Champions,50,Germany,37.53333333333333,52.29322901961951,237
12620,15,3,1339.41,4,3,3,3.4,Loyal,89,France,12.83695652173913,7.175569027080603,189
12621,2,20,13689.67,4,4,4,4.0,Champions,261,Germany,15.931477516059957,38.81796118358395,364
12622,232,1,180.1,1,1,1,1.0,At Risk,11,Germany,6.2727272727272725,4.623276091494193,0
12623,276,1,305.1,1,1,1,1.0,At Risk,18,Germany,10.61111111111111,8.66373442100155,0
12624,106,2,641.13,2,2,2,2.0,Needs Attention,36,France,9.342105263157896,7.714713164962045,71
12625,212,2,2683.82,1,2,4,2.2,Needs Attention,73,Germany,18.74418604651163,33.26730738060531,107
12626,23,9,6620.48,3,4,4,3.6000000000000005,Champions,232,Germany,11.744897959183673,20.06456022399176,303
12627,11,7,4478.53,4,4,4,4.0,Champions,162,Germany,11.965217391304348,11.934482442148543,129
12628,4,3,786.46,4,3,3,3.4,Loyal,34,Germany,10.926829268292684,7.599360900599534,60
12630,10,2,1270.88,4,2,3,3.1,Loyal,60,Finland,8.5625,18.883951614305428,34
12631,57,1,640.5,2,1,2,1.7000000000000002,Needs Attention,31,Finland,7.612903225806452,26.501484202705264,0
12633,59,4,2163.98,2,3,4,2.9,Loyal,73,Germany,11.504950495049505,30.181442757934796,229
12635,90,2,1689.18,2,2,4,2.5999999999999996,Loyal,96,Germany,11.603960396039604,13.112677188488433,65
12637,67,8,6021.9,2,4,4,3.2,Loyal,205,France,7.697435897435898,13.096385023818971,256
12638,33,1,671.69,3,1,2,2.1,Needs Attention,39,Sweden,14.794871794871796,23.999062256758673,0
12639,239,1,486.1,1,1,2,1.2999999999999998,At Risk,22,Sweden,9.136363636363637,22.57095114295885,0
12640,24,3,1174.58,3,3,3,3.0,Loyal,47,France,5.867924528301887,15.644463146454843,57
12641,115,1,185.9,2,1,1,1.4000000000000001,At Risk,10,Sweden,7.2,8.260037664697553,0
12642,25,3,1013.26,3,3,3,3.0,Loyal,39,Germany,11.74468085106383,17.588552924759018,82
12643,128,6,3344.64,2,4,4,3.2,Loyal,11,France,75.33333333333333,178.85244586335503,204
12644,130,1,477.91,2,1,2,1.7000000000000002,Needs Attention,31,Germany,10.483870967741936,5.560847386497311,0
12645,34,4,1775.18,3,3,4,3.3,Loyal,58,Germany,14.849315068493151,14.852057824200466,282
12646,5,2,1346.97,4,2,3,3.1,Loyal,43,USA,19.933333333333334,17.70379111941846,44
12647,22,12,3722.82,3,4,4,3.6000000000000005,Champions,78,Germany,11.826446280991735,29.124684445730235,346
12648,155,1,318.05,1,1,2,1.2999999999999998,At Risk,21,Germany,7.619047619047619,8.957338119691373,0
12649,107,3,623.51,2,3,2,2.3,Needs Attention,28,Germany,18.903225806451612,14.348826522773395,105
12650,3,1,314.44,4,1,2,2.5,Needs Attention,20,France,12.7,23.94229545342191,0
12651,335,1,114.0,1,1,1,1.0,At Risk,9,France,8.666666666666666,3.9044045640788823,0
12652,331,1,919.98,1,1,3,1.5999999999999999,Needs Attention,48,France,10.520833333333334,17.011660034448713,0
12653,149,2,2209.85,1,2,4,2.2,Needs Attention,37,Israel,21.372093023255815,62.69382183641587,147
12654,11,5,601.98,4,3,2,3.1,Loyal,31,Germany,6.947368421052632,4.368287762966784,284
12656,17,5,4051.17,4,3,4,3.7,Champions,89,France,13.674603174603174,32.48421949457042,216
12657,11,4,1643.18,4,3,3,3.4,Loyal,35,France,22.21276595744681,30.52879756792872,67
12658,19,1,686.05,3,1,3,2.4000000000000004,Needs Attention,36,Germany,8.88888888888889,8.707792838091127,0
12659,30,1,91.68,3,1,1,1.8000000000000003,Needs Attention,5,France,21.0,5.585738984234764,0
12660,11,1,245.1,4,1,1,2.2,Needs Attention,13,France,9.76923076923077,2.855510866323627,0
12662,1,11,3849.78,4,4,4,4.0,Champions,129,Germany,8.947826086956521,7.065240961115043,372
12664,8,9,4881.88,4,4,4,4.0,Champions,10,Finland,32.513513513513516,98.81014131062574,314
12665,325,1,63.0,1,1,1,1.0,At Risk,3,Germany,12.333333333333334,7.937253933193772,0
12667,58,1,620.13,2,1,2,1.7000000000000002,Needs Attention,33,Finland,11.969696969696969,26.117632029740165,0
12668,12,4,3807.15,4,3,4,3.7,Champions,115,Germany,10.149068322981366,28.116420496660513,343
12669,151,3,2744.0299999999997,1,3,4,2.5,Needs Attention,98,France,11.03960396039604,112.08461237859281,105
12670,10,5,2996.05,4,3,4,3.7,Champions,58,France,15.184782608695652,19.38959929841711,222
12672,330,1,225.89999999999998,1,1,1,1.0,At Risk,10,France,7.8,12.750529400773916,0
12673,5,2,610.52,4,2,2,2.8000000000000003,Loyal,42,Germany,8.357142857142858,10.091602631403546,321
12674,39,4,1970.6,3,3,4,3.3,Loyal,52,France,13.650602409638553,19.109512638690582,169
12676,25,6,1331.39,3,4,3,3.3000000000000003,Loyal,33,Sweden,14.88888888888889,22.285103682990044,286
12678,42,12,17628.46,3,4,4,3.6000000000000005,Champions,105,France,66.2,155.71285285941283,311
12679,59,4,1113.02,2,3,3,2.5999999999999996,Loyal,43,France,11.541666666666666,17.121998660219766,225
12680,1,4,862.81,4,3,3,3.4,Loyal,33,France,8.51923076923077,5.7386538952451005,112
12681,15,22,13787.54,4,4,4,4.0,Champions,267,France,11.81191222570533,18.867566274905084,353
12682,4,31,12288.22,4,4,4,4.0,Champions,209,France,10.619047619047619,24.983172873241088,367
12683,4,15,8476.57,4,4,4,4.0,Champions,177,France,14.497093023255815,25.063034923300503,361
12684,8,7,2283.63,4,4,4,4.0,Champions,61,France,18.904761904761905,14.463138910445998,205
12685,28,6,2863.08,3,4,4,3.6000000000000005,Champions,117,France,9.700636942675159,11.391930034752999,65
12686,372,1,89.14,1,1,1,1.0,At Risk,7,France,15.285714285714286,3.9516868007761663,0
12688,114,1,4873.8099999999995,2,1,4,2.3,Needs Attention,171,Israel,17.707602339181285,25.909800727775,0
12689,26,2,1247.61,3,2,3,2.7,Loyal,57,France,8.722222222222221,10.35102443559077,101
12690,206,1,389.01,1,1,2,1.2999999999999998,At Risk,16,France,6.625,13.081858542144028,0
12691,28,6,1035.8,3,4,3,3.3000000000000003,Loyal,21,France,12.3125,33.14135354079747,329
12693,127,4,855.91,2,3,3,2.5999999999999996,Loyal,35,Germany,6.538461538461538,14.246854036331097,192
12694,70,2,869.67,2,2,3,2.3,Needs Attention,32,France,13.756756756756756,15.910949513288465,112
12695,7,4,582.1,4,3,2,3.1,Loyal,23,France,8.148148148148149,14.370884541569545,203
12697,29,3,957.59,3,3,3,3.0,Loyal,37,Sweden,12.390243902439025,17.548235947754087,140
12700,8,4,4939.99,4,3,4,3.7,Champions,193,France,11.07089552238806,14.368521722278645,207
12701,80,2,797.71,2,2,3,2.3,Needs Attention,50,Germany,12.79245283018868,6.863147029992694,162
12702,20,1,219.0,3,1,1,1.8000000000000003,Needs Attention,12,Germany,4.416666666666667,2.744333003912543,0
12703,71,1,283.55,2,1,1,1.4000000000000001,At Risk,21,Germany,7.809523809523809,5.230737906607351,0
12704,7,8,2340.84,4,4,4,4.0,Champions,64,Finland,11.431818181818182,27.9173469702975,162
12705,15,9,6868.29,4,4,4,4.0,Champions,228,Germany,11.967065868263473,16.373694993901722,341
12707,292,1,603.42,1,1,2,1.2999999999999998,At Risk,33,France,7.757575757575758,14.285712725243425,0
12708,30,10,2712.91,3,4,4,3.6000000000000005,Champions,86,Germany,8.32484076433121,7.207940993062048,338
12709,15,15,9736.52,4,4,4,4.0,Champions,93,Germany,18.923076923076923,53.53957413008129,351
12710,97,3,1149.02,2,3,3,2.5999999999999996,Loyal,75,Germany,11.051948051948052,8.775641211555861,104
12712,29,13,4396.13,3,4,4,3.6000000000000005,Champions,58,Germany,7.984962406015038,24.125906902041603,342
12713,1,1,848.55,4,1,3,2.8,Loyal,38,Germany,13.368421052631579,14.375259619153505,0
12714,9,5,4708.86,4,3,4,3.7,Champions,216,France,11.849420849420849,14.33692751641287,285
12715,106,1,353.86,2,1,2,1.7000000000000002,Needs Attention,20,Sweden,9.380952380952381,15.356630644835631,0
12716,4,2,1053.49,4,2,3,3.1,Loyal,60,France,10.26086956521739,7.152467813466685,129
12717,151,2,1030.98,1,2,3,1.9,Needs Attention,49,Greece,9.2,17.077638169681002,94
12718,71,1,238.25,2,1,1,1.4000000000000001,At Risk,19,France,10.68421052631579,8.023529615161902,0
12719,5,2,644.95,4,2,2,2.8000000000000003,Loyal,34,France,9.58974358974359,6.611012721495753,59
12720,3,25,5781.73,4,4,4,4.0,Champions,211,Germany,13.19774011299435,10.947516846355196,366
12721,32,6,2656.13,3,4,4,3.6000000000000005,Champions,133,France,12.167701863354038,9.238305665031818,323
12722,85,4,997.63,2,3,3,2.5999999999999996,Loyal,50,France,10.679245283018869,12.79252317289958,65
12723,4,5,725.07,4,3,3,3.4,Loyal,53,France,6.2898550724637685,10.702049000696043,61
12724,5,4,1031.41,4,3,3,3.4,Loyal,47,France,8.39622641509434,8.80805584396255,327
12725,371,1,427.8,1,1,2,1.2999999999999998,At Risk,24,Italy,6.833333333333333,8.889099333257658,0
12726,28,7,2609.1,3,4,4,3.6000000000000005,Champions,57,France,25.346774193548388,11.24606736753999,329
12727,11,7,3980.7,4,4,4,4.0,Champions,109,France,15.093525179856115,28.31090698735873,309
12728,71,4,836.33,2,3,3,2.5999999999999996,Loyal,38,France,9.108695652173912,7.958721066508912,261
12729,114,1,453.01,2,1,2,1.7000000000000002,Needs Attention,26,France,8.961538461538462,6.143852174203213,0
12731,24,12,18895.91,3,4,4,3.6000000000000005,Champions,109,France,30.791970802919707,71.08949033719001,341
12732,180,1,236.26000000000002,1,1,1,1.0,At Risk,12,France,9.25,11.983077335319273,0
12733,234,1,383.95,1,1,2,1.2999999999999998,At Risk,22,USA,6.2272727272727275,16.137965273236063,0
12734,353,1,110.39999999999999,1,1,1,1.0,At Risk,4,France,22.0,22.170250336881626,0
12735,315,2,779.5699999999999,1,2,3,1.9,Needs Attention,38,France,8.55813953488372,11.09023099795671,21
12736,333,1,234.0,1,1,1,1.0,At Risk,4,France,43.25,21.068459839295333,0
12738,372,1,155.35,1,1,1,1.0,At Risk,11,Germany,13.454545454545455,3.433319358606452,0
12739,78,2,1013.04,2,2,3,2.3,Needs Attention,38,United Arab Emirates,12.789473684210526,30.687671244810797,20
12740,64,1,427.6,2,1,2,1.7000000000000002,Needs Attention,27,France,12.666666666666666,6.322009670018408,0
12743,134,2,546.43,2,2,2,2.0,Needs Attention,114,Unspecified,2.3805970149253732,3.5502384462841547,0
12744,52,7,21279.29,2,4,4,3.2,Loyal,178,Singapore,23.60810810810811,369.85623612261463,266
12747,2,11,4196.01,4,4,4,4.0,Champions,42,United Kingdom,12.37864077669903,46.595948034709835,366
12748,1,209,33719.73,4,4,4,4.0,Champions,1768,United Kingdom,5.603264417845484,21.78654059343414,372
12749,4,5,4090.88,4,3,4,3.7,Champions,160,United Kingdom,7.391959798994975,11.160059878220078,209
12750,129,1,275.88,2,1,1,1.4000000000000001,At Risk,15,Poland,9.133333333333333,7.752775724124324,0
12752,81,1,4366.78,2,1,4,2.3,Needs Attention,53,Norway,42.679245283018865,73.19723033217778,0
12753,23,6,21429.39,3,4,4,3.6000000000000005,Champions,132,Japan,57.974619289340104,72.44463078264968,339
12754,236,3,3010.74,1,3,4,2.5,Needs Attention,49,Japan,102.87301587301587,95.04691831946813,72
12755,281,2,3811.95,1,2,4,2.2,Needs Attention,4,Japan,372.75,1894.278031940313,85
12756,87,1,112.07999999999998,2,1,1,1.4000000000000001,At Risk,4,Japan,36.0,22.64865558923973,0
12757,16,13,7857.1,4,4,4,4.0,Champions,237,Portugal,6.474393530997305,99.47834214858756,195
12758,117,2,2791.59,2,2,4,2.5999999999999996,Loyal,84,Portugal,22.010309278350515,17.02908848653182,159
12759,52,3,1531.44,2,3,3,2.5999999999999996,Loyal,81,Netherlands,9.494736842105263,7.374191757484193,223
12762,8,2,1898.52,4,2,4,3.4000000000000004,Loyal,62,Portugal,17.782608695652176,27.00914614199592,17
12763,138,2,494.08,2,2,2,2.0,Needs Attention,16,Japan,17.555555555555557,26.31112421612463,230
12764,317,1,1693.88,1,1,4,1.9,Needs Attention,45,Lebanon,8.577777777777778,29.117840071063654,0
12766,4,7,6989.63,4,4,4,4.0,Champions,205,Portugal,11.761290322580646,17.537146802952524,362
12769,239,1,1143.6,1,1,3,1.5999999999999999,Needs Attention,32,Brazil,11.125,32.8962824647406,0
12770,211,1,1351.45,1,1,3,1.5999999999999999,Needs Attention,12,Japan,61.916666666666664,71.95736243313351,0
12772,60,1,892.47,2,1,3,2.0,Needs Attention,55,Portugal,10.10909090909091,18.005438895835056,0
12775,17,5,1386.04,4,3,3,3.4,Loyal,47,Netherlands,13.287878787878787,10.730962087312923,294
12778,20,6,822.23,3,4,3,3.3000000000000003,Loyal,40,Netherlands,16.5,9.273260706054208,292
12779,38,8,3981.36,3,4,4,3.6000000000000005,Champions,88,Poland,13.583892617449665,16.394010021182787,333
12781,64,2,826.74,2,2,3,2.3,Needs Attention,25,Czech Republic,26.84,15.677647697704316,221
12782,5,5,2330.92,4,3,4,3.7,Champions,81,Portugal,10.54368932038835,17.958129376375716,352
12783,2,6,2225.91,4,4,4,4.0,Champions,76,Portugal,7.428571428571429,47.779489752475214,73
12784,9,2,574.42,4,2,2,2.8000000000000003,Loyal,54,Portugal,5.084745762711864,10.079444107318903,6
12785,364,1,311.95,1,1,2,1.2999999999999998,At Risk,14,Portugal,9.357142857142858,11.81904602330911,0
12787,10,3,463.66,4,3,2,3.1,Loyal,17,Netherlands,13.05,13.110849304056705,182
12789,65,1,91.85,2,1,1,1.4000000000000001,At Risk,4,Netherlands,1.0,11.506547049397575,0
12790,192,1,324.92,1,1,2,1.2999999999999998,At Risk,21,Netherlands,7.904761904761905,8.612819459829577,0
12791,374,1,192.60000000000002,1,1,1,1.0,At Risk,2,Netherlands,48.5,114.97556262093264,0
12792,257,1,400.53999999999996,1,1,2,1.2999999999999998,At Risk,25,Portugal,8.68,9.03351384198493,0
12793,335,2,545.48,1,2,2,1.6,Needs Attention,21,Portugal,12.291666666666666,14.02010688623483,36
12794,53,2,860.41,2,2,3,2.3,Needs Attention,43,Portugal,13.155555555555555,10.090821997531156,45
12795,19,1,430.48,3,1,2,2.1,Needs Attention,14,Portugal,4.857142857142857,26.537868982077107,0
12797,366,1,254.03,1,1,1,1.0,At Risk,13,Portugal,9.076923076923077,8.312727652560323,0
12798,10,3,6977.04,4,3,4,3.7,Champions,6,Japan,657.0,1240.4974824641927,160
12802,187,1,427.58,1,1,2,1.2999999999999998,At Risk,25,Netherlands,12.56,8.190750230188524,0
12808,37,3,483.65000000000003,3,3,2,2.7,Loyal,27,Portugal,6.714285714285714,3.5487995399294077,331
12809,178,1,489.31,1,1,2,1.2999999999999998,At Risk,25,Portugal,8.8,14.570298349725032,0
12811,261,3,514.85,1,3,2,1.9,Needs Attention,27,Portugal,7.419354838709677,5.687414420956057,23
12812,45,1,229.64000000000001,3,1,1,1.8000000000000003,Needs Attention,15,Japan,10.933333333333334,5.879105212125234,0
12814,102,1,125.92,2,1,1,1.4000000000000001,At Risk,2,Poland,24.5,32.470343392086264,0
12815,148,2,1063.46,1,2,3,1.9,Needs Attention,38,Poland,8.063829787234043,18.546249955693373,50
12816,96,2,572.2,2,2,2,2.0,Needs Attention,27,Poland,4.413793103448276,13.632566141629802,80
12817,281,1,166.04,1,1,1,1.0,At Risk,4,Austria,13.25,13.358657617190936,0
12818,262,1,1542.08,1,1,3,1.5999999999999999,Needs Attention,14,Austria,66.35714285714286,118.99735400142585,0
12820,3,4,942.34,4,3,3,3.4,Loyal,55,United Kingdom,12.23728813559322,5.279517831490073,323
12821,214,1,92.72,1,1,1,1.0,At Risk,6,United Kingdom,11.666666666666666,4.392114145450533,0
12822,71,2,948.88,2,2,3,2.3,Needs Attention,41,United Kingdom,11.956521739130435,14.571163594662423,16
12823,75,5,1759.5,2,3,4,2.9,Loyal,1,United Kingdom,46.0,138.96915125307487,221
12824,60,1,397.12,2,1,2,1.7000000000000002,Needs Attention,25,United Kingdom,9.28,8.947605415230752,0
12826,3,7,1474.72,4,4,3,3.6999999999999997,Champions,58,United Kingdom,11.626373626373626,5.609080761062992,362
12827,6,3,430.15000000000003,4,3,2,3.1,Loyal,19,United Kingdom,7.88,8.320543852417343,38
12828,3,6,1018.71,4,4,3,3.6999999999999997,Champions,46,United Kingdom,8.821428571428571,9.187188522858637,127
12829,337,2,293.0,1,2,1,1.3,At Risk,9,United Kingdom,34.18181818181818,21.020824090756893,23
12830,38,6,6814.64,3,4,4,3.6000000000000005,Champions,13,United Kingdom,259.1578947368421,134.07934370776073,134
12831,262,1,215.05,1,1,1,1.0,At Risk,9,United Kingdom,15.0,9.833629939029523,0
12832,32,2,383.03,3,2,2,2.4000000000000004,Needs Attention,27,United Kingdom,7.222222222222222,3.502531115711068,65
12833,145,1,417.38,1,1,2,1.2999999999999998,At Risk,24,United Kingdom,6.5,5.030143845005755,0
12834,283,1,312.38,1,1,2,1.2999999999999998,At Risk,18,United Kingdom,6.111111111111111,4.183209044321924,0
12836,59,4,2612.86,2,3,4,2.9,Loyal,148,United Kingdom,6.08,12.9772913133871,252
12837,173,1,134.1,1,1,1,1.0,At Risk,12,United Kingdom,2.0,6.875995795651578,0
12838,34,2,683.13,3,2,3,2.7,Loyal,115,United Kingdom,2.9186991869918697,5.61818412326108,340
12839,3,14,5591.42,4,4,4,4.0,Champions,95,United Kingdom,12.124203821656051,8.728569905895478,364
12840,144,4,2726.77,1,3,4,2.5,Needs Attention,67,United Kingdom,13.371681415929203,10.537611270113604,82
12841,5,25,4022.35,4,4,4,4.0,Champions,229,United Kingdom,6.564285714285714,10.220292671474786,367
12842,70,2,1118.99,2,2,3,2.3,Needs Attention,34,United Kingdom,16.08823529411765,30.52241065704494,238
12843,66,8,1702.26,2,4,4,3.2,Loyal,69,United Kingdom,7.58252427184466,12.3585156172554,198
12844,29,2,325.96000000000004,3,2,2,2.4000000000000004,Needs Attention,47,United Kingdom,2.4038461538461537,5.307772098117113,101
12845,267,4,354.09,1,3,2,1.9,Needs Attention,26,United Kingdom,7.555555555555555,41.46181119029277,22
12847,22,1,871.54,3,1,3,2.4000000000000004,Needs Attention,72,United Kingdom,9.989010989010989,11.96214258355313,0
12849,31,2,1050.8899999999999,3,2,3,2.7,Loyal,47,United Kingdom,12.215686274509803,20.350341643805585,237
12851,97,1,135.18,2,1,1,1.4000000000000001,At Risk,43,United Kingdom,2.18,2.812619347127644,0
12852,295,1,311.55,1,1,2,1.2999999999999998,At Risk,17,United Kingdom,8.764705882352942,5.111357379865535,0
12853,135,6,1957.1000000000001,2,4,4,3.2,Loyal,66,United Kingdom,10.256410256410257,16.09245839255821,181
12854,79,3,1324.5,2,3,3,2.5999999999999996,Loyal,95,United Kingdom,5.7,15.03975011659573,239
12855,373,1,38.1,1,1,1,1.0,At Risk,3,United Kingdom,10.0,4.330127018922195,0
12856,8,6,2179.93,4,4,4,4.0,Champions,155,United Kingdom,3.4363057324840764,6.41855228662797,55
12857,211,2,1106.4,1,2,3,1.9,Needs Attention,37,United Kingdom,7.456521739130435,11.809233470851616,91
12863,52,1,521.2,2,1,2,1.7000000000000002,Needs Attention,5,United Kingdom,37.6,133.6212108910857,0
12864,138,1,147.12,2,1,1,1.4000000000000001,At Risk,3,United Kingdom,72.0,61.143542586278066,0
12865,26,2,1568.23,3,2,3,2.7,Loyal,86,Austria,9.736842105263158,7.028926169103318,97
12866,283,1,559.12,1,1,2,1.2999999999999998,At Risk,26,Belgium,6.576923076923077,12.81863463268042,0
12867,26,7,4036.82,3,4,4,3.6000000000000005,Champions,240,United Kingdom,7.988847583643123,7.130345966350859,333
12868,186,6,1607.0600000000002,1,4,3,2.5,Needs Attention,72,United Kingdom,8.672897196261681,5.904255373135322,187
12871,84,2,380.64,2,2,2,2.0,Needs Attention,8,United Kingdom,18.181818181818183,47.24727870951453,123
12872,327,2,599.97,1,2,2,1.6,Needs Attention,58,United Kingdom,4.833333333333333,8.675186973257638,38
12873,282,1,374.0,1,1,2,1.2999999999999998,At Risk,4,United Kingdom,32.0,17.0,0
12875,143,2,343.2300000000001,1,2,2,1.6,Needs Attention,1,United Kingdom,1009.5,172.73911557606172,219
12876,58,2,2218.02,2,2,4,2.5999999999999996,Loyal,67,Belgium,22.83529411764706,20.992060032254077,138
12877,4,12,1535.77,4,4,3,3.6999999999999997,Champions,100,United Kingdom,7.64935064935065,12.410395419152579,354
12878,236,2,854.99,1,2,3,1.9,Needs Attention,38,United Kingdom,11.638297872340425,6.617481662404997,29
12879,45,3,573.22,3,3,2,2.7,Loyal,7,United Kingdom,37.0,56.14766519336905,47
12881,276,1,298.0,1,1,1,1.0,At Risk,7,United Kingdom,3.0,67.25485643643673,0
12882,9,2,1463.04,4,2,3,3.1,Loyal,12,United Kingdom,18.923076923076923,61.75429078832685,24
12883,25,4,703.47,3,3,3,3.0,Loyal,39,United Kingdom,4.666666666666667,4.118723098868968,64
12884,88,1,309.05,2,1,2,1.7000000000000002,Needs Attention,7,United Kingdom,6.142857142857143,55.695937912921444,0
12885,63,3,1175.22,2,3,3,2.5999999999999996,Loyal,66,United Kingdom,9.225352112676056,6.173301609069431,60
12886,68,2,1378.4,2,2,3,2.3,Needs Attention,75,United Kingdom,9.390243902439025,5.871800778655694,151
12888,214,2,354.12,1,2,2,1.6,Needs Attention,4,United Kingdom,15.2,30.414159202581946,41
12890,24,1,380.46999999999997,3,1,2,2.1,Needs Attention,78,United Kingdom,3.158536585365854,6.679220678629595,0
12891,186,3,331.0,1,3,2,1.9,Needs Attention,2,United Kingdom,316.6666666666667,83.91861136442462,107
12893,31,1,188.14,3,1,1,1.8000000000000003,Needs Attention,27,United Kingdom,2.823529411764706,6.547896207296888,0
12895,42,2,372.8,3,2,2,2.4000000000000004,Needs Attention,22,United Kingdom,9.545454545454545,3.0378528245373873,44
12897,205,2,216.5,1,2,1,1.3,At Risk,3,United Kingdom,27.5,17.365363034884513,97
12901,9,28,17654.54,4,4,4,4.0,Champions,30,United Kingdom,198.92241379310346,284.30916581968563,261
12902,265,1,138.68,1,1,1,1.0,At Risk,10,United Kingdom,6.6,4.766596269876441,0
12904,18,2,509.58,4,2,2,2.8000000000000003,Loyal,59,United Kingdom,4.194444444444445,7.408149442945524,154
12906,12,5,2919.81,4,3,4,3.7,Champions,55,United Kingdom,27.761904761904763,55.30811392461885,66
12908,176,2,750.0,1,2,3,1.9,Needs Attention,1,United Kingdom,600.0,80.61017305526642,136
12909,40,5,2178.67,3,3,4,3.3,Loyal,78,United Kingdom,14.065934065934066,34.821976508183845,213
12910,23,8,3075.04,3,4,4,3.6000000000000005,Champions,48,United Kingdom,22.56,26.8024770886963,218
12912,3,5,1662.3,4,3,4,3.7,Champions,17,United Kingdom,27.916666666666668,33.47994769748136,37
12913,5,5,2483.63,4,4,4,4.0,Champions,37,United Kingdom,28.38,46.67830089811212,363
12915,149,2,363.65,1,2,2,1.6,Needs Attention,19,United Kingdom,4.2272727272727275,5.461284932768397,223
12916,139,4,3006.15,2,3,4,2.9,Loyal,53,United Kingdom,10.457943925233645,25.54756486436682,181
12917,128,1,594.0,2,1,2,1.7000000000000002,Needs Attention,2,United Kingdom,60.0,0.0,0
12919,8,6,1335.19,4,4,3,3.6999999999999997,Champions,34,United Kingdom,13.46,19.894144445652586,161
12920,17,1,164.23,4,1,1,2.2,Needs Attention,27,United Kingdom,4.607142857142857,4.574013135532206,0
12921,9,37,16587.09,4,4,4,4.0,Champions,233,United Kingdom,13.230555555555556,15.952469249561519,364
12922,161,1,405.38,1,1,2,1.2999999999999998,At Risk,28,United Kingdom,13.214285714285714,5.352446555266491,0
12923,64,1,176.97,2,1,1,1.4000000000000001,At Risk,28,United Kingdom,2.3793103448275863,5.23700954414991,0
12924,88,4,933.7,2,3,3,2.5999999999999996,Loyal,22,United Kingdom,16.033333333333335,34.26401372842373,239
12925,5,2,694.05,4,2,3,3.1,Loyal,42,United Kingdom,12.022222222222222,6.168163864112678,70
12928,35,5,2062.7000000000003,3,4,4,3.6000000000000005,Champions,59,United Kingdom,17.523809523809526,18.71997831832796,323
12929,312,1,117.85,1,1,1,1.0,At Risk,8,United Kingdom,4.625,3.065352170399257,0
12930,78,2,415.8,2,2,2,2.0,Needs Attention,20,United Kingdom,10.08,5.447373220186039,93
12931,22,15,42055.96,3,4,4,3.6000000000000005,Champions,28,United Kingdom,341.5121951219512,577.2266468647891,336
12933,24,3,607.53,3,3,2,2.7,Loyal,102,United Kingdom,4.7075471698113205,6.427519174638178,259
12935,2,7,2160.7,4,4,4,4.0,Champions,80,United Kingdom,14.364341085271318,6.150210413461067,317
12936,17,4,1063.9,4,3,3,3.4,Loyal,56,United Kingdom,9.016129032258064,20.085317365297662,61
12937,15,4,1504.27,4,3,3,3.4,Loyal,81,United Kingdom,8.391666666666667,12.058335782426063,252
12938,26,1,114.14,3,1,1,1.8000000000000003,Needs Attention,9,United Kingdom,15.555555555555555,4.102614342641099,0
12939,64,8,11581.8,2,4,4,3.2,Loyal,21,United Kingdom,103.74468085106383,172.7906293455731,270
12940,55,2,913.54,2,2,3,2.3,Needs Attention,87,United Kingdom,4.151515151515151,7.765379319523769,33
12942,131,3,683.9,2,3,3,2.5999999999999996,Loyal,68,United Kingdom,2.7066666666666666,7.29574335973869,234
12944,36,2,604.51,3,2,2,2.4000000000000004,Needs Attention,29,United Kingdom,9.633333333333333,7.678847113239446,319
12945,288,1,462.95,1,1,2,1.2999999999999998,At Risk,23,United Kingdom,7.173913043478261,8.695647109682318,0
12947,144,6,1603.99,1,4,3,2.5,Needs Attention,83,United Kingdom,12.010309278350515,14.680112302291958,229
12948,16,7,2064.95,4,4,4,4.0,Champions,82,United Kingdom,9.310344827586206,7.229478967355137,248
12949,31,8,4167.22,3,4,4,3.6000000000000005,Champions,166,United Kingdom,11.074418604651163,8.404646395828,221
12950,2,3,1843.0,4,3,4,3.7,Champions,13,United Kingdom,60.0,66.61718611714254,21
12951,9,6,1064.07,4,4,3,3.6999999999999997,Champions,53,United Kingdom,7.984126984126984,6.441978257567138,322
12952,6,4,1387.79,4,3,3,3.4,Loyal,64,United Kingdom,8.265822784810126,5.732306412451426,72
12953,10,1,329.85,4,1,2,2.5,Needs Attention,17,United Kingdom,4.9411764705882355,5.789766580685576,0
12955,1,11,4757.16,4,4,4,4.0,Champions,81,United Kingdom,20.355555555555554,21.355406689181432,266
12956,306,1,108.07,1,1,1,1.0,At Risk,19,United Kingdom,1.7894736842105263,3.7924421609115733,0
12957,10,8,4017.54,4,4,4,4.0,Champions,208,United Kingdom,10.710084033613445,7.420974880508916,329
12962,7,2,266.39,4,2,1,2.5,Needs Attention,15,United Kingdom,8.0625,7.712389572413123,106
12963,8,8,1856.63,4,4,4,4.0,Champions,75,United Kingdom,9.273684210526316,8.55868400209427,357
12965,89,1,771.91,2,1,3,2.0,Needs Attention,108,United Kingdom,2.596330275229358,5.503246658587378,0
12966,10,1,160.18,4,1,1,2.2,Needs Attention,10,United Kingdom,7.5,3.9639649062242954,0
12967,358,2,1660.9,1,2,3,1.9,Needs Attention,19,United Kingdom,23.05263157894737,58.14987592570974,13
12968,112,1,135.95,2,1,1,1.4000000000000001,At Risk,5,United Kingdom,14.6,21.266182073893752,0
12970,7,4,452.24,4,3,2,3.1,Loyal,116,United Kingdom,2.052980132450331,3.353294872046932,315
12971,4,86,11189.91,4,4,4,4.0,Champions,94,United Kingdom,30.455737704918032,36.56015994058782,368
12974,198,1,144.8,1,1,1,1.0,At Risk,8,United Kingdom,3.0,7.626504535406206,0
12976,212,1,738.6,1,1,3,1.5999999999999999,Needs Attention,22,United Kingdom,25.5,46.288799239826204,0
12977,156,1,39.239999999999995,1,1,1,1.0,At Risk,9,United Kingdom,1.3333333333333333,6.578022119147973,0
12980,158,9,7374.900000000001,1,4,4,2.8,Loyal,6,United Kingdom,44.3,265.2201760900991,200
12981,30,2,372.21999999999997,3,2,2,2.4000000000000004,Needs Attention,12,United Kingdom,12.1,7.948374146889875,103
12982,243,1,390.54,1,1,2,1.2999999999999998,At Risk,28,United Kingdom,10.285714285714286,5.381140149835285,0
12984,19,1,97.5,3,1,1,1.8000000000000003,Needs Attention,4,United Kingdom,6.5,6.551526539669972,0
12985,1,2,1239.38,4,2,3,3.1,Loyal,73,United Kingdom,20.17105263157895,7.834755876804509,27
12987,74,2,558.7,2,2,2,2.0,Needs Attention,27,United Kingdom,7.821428571428571,9.110788563783503,124
12988,292,1,535.32,1,1,2,1.2999999999999998,At Risk,75,United Kingdom,1.4782608695652173,5.5297757873175,0
12989,3,15,6924.110000000001,4,4,4,4.0,Champions,41,United Kingdom,45.984375,151.2603657348385,361
12990,31,3,409.5,3,3,2,2.7,Loyal,8,United Kingdom,15.384615384615385,13.227181609599732,278
12991,23,2,503.76,3,2,2,2.4000000000000004,Needs Attention,31,United Kingdom,13.064516129032258,7.491363687104849,89
12993,23,4,414.76,3,3,2,2.7,Loyal,26,United Kingdom,8.88888888888889,3.7324900986047282,275
12994,4,3,974.4200000000001,4,3,3,3.4,Loyal,52,United Kingdom,7.524590163934426,4.064516526004531,264
12995,85,1,211.32,2,1,1,1.4000000000000001,At Risk,3,United Kingdom,36.0,55.91060006832336,0
12997,22,4,1226.89,3,3,3,3.0,Loyal,45,United Kingdom,11.254237288135593,15.831898001528455,294
12999,196,3,455.88,1,3,2,1.9,Needs Attention,25,United Kingdom,12.214285714285714,13.59014558946508,49
13000,107,3,534.85,2,3,2,2.3,Needs Attention,30,United Kingdom,12.225806451612904,12.551081331130206,258
13001,4,13,9818.82,4,4,4,4.0,Champions,166,United Kingdom,16.238938053097346,45.211773005389105,322
13002,318,1,120.94999999999999,1,1,1,1.0,At Risk,7,United Kingdom,10.428571428571429,5.140351572189812,0
13003,106,3,149.05,2,3,1,2.0,Needs Attention,4,United Kingdom,17.166666666666668,18.582314620807242,109
13004,12,18,5655.91,4,4,4,4.0,Champions,277,United Kingdom,11.935643564356436,5.668397369130754,346
13005,174,2,513.7,1,2,2,1.6,Needs Attention,21,United Kingdom,6.615384615384615,12.149935738988024,72
13006,56,1,81.57,2,1,1,1.4000000000000001,At Risk,4,United Kingdom,13.75,17.128158832752572,0
13008,323,1,229.46999999999997,1,1,1,1.0,At Risk,14,United Kingdom,12.5,6.893913105928149,0
13011,372,1,50.550000000000004,1,1,1,1.0,At Risk,3,United Kingdom,4.333333333333333,1.6039014932345452,0
13012,9,8,1661.8400000000001,4,4,4,4.0,Champions,67,United Kingdom,9.258426966292134,7.8507284002638205,285
13013,1,13,4810.9400000000005,4,4,4,4.0,Champions,155,United Kingdom,10.155251141552512,13.661634085581285,370
13014,11,10,3466.2799999999997,4,4,4,4.0,Champions,67,United Kingdom,8.302752293577981,29.48633571505251,270
13015,53,5,3346.28,2,4,4,3.2,Loyal,156,United Kingdom,9.1875,21.777181145624674,195
13016,73,3,789.89,2,3,3,2.5999999999999996,Loyal,39,United Kingdom,11.212765957446809,5.488934541892478,49
13017,7,1,204.0,4,1,1,2.2,Needs Attention,1,United Kingdom,48.0,0.0,0
13018,16,28,7277.7,4,4,4,4.0,Champions,313,United Kingdom,11.866812227074236,7.516190225475124,279
13021,4,9,2616.38,4,4,4,4.0,Champions,101,United Kingdom,10.320610687022901,11.858549128537613,354
13023,64,2,689.9,2,2,3,2.3,Needs Attention,36,United Kingdom,7.15,7.781974816926745,65
13026,1,5,975.36,4,4,3,3.6999999999999997,Champions,32,United Kingdom,40.5,27.828289314182534,274
13027,114,6,6912.0,2,4,4,3.2,Loyal,6,United Kingdom,664.6153846153846,119.31125422446695,240
13028,23,2,661.3199999999999,3,2,2,2.4000000000000004,Needs Attention,40,United Kingdom,17.733333333333334,7.145371801510276,22
13029,31,3,1247.5,3,3,3,3.0,Loyal,8,United Kingdom,13.4,177.64859976931987,322
13030,11,2,799.48,4,2,3,3.1,Loyal,76,United Kingdom,3.9797979797979797,8.622600491094607,356
13032,52,2,1010.18,2,2,3,2.3,Needs Attention,55,United Kingdom,5.28169014084507,8.868401195173307,34
13033,357,1,190.55,1,1,1,1.0,At Risk,11,United Kingdom,7.545454545454546,3.493806207874418,0
13034,55,2,642.77,2,2,2,2.0,Needs Attention,37,United Kingdom,9.972972972972974,4.891347880092366,314
13035,74,2,921.88,2,2,3,2.3,Needs Attention,23,United Kingdom,23.85185185185185,25.226183611500566,186
13037,138,3,881.07,2,3,3,2.5999999999999996,Loyal,44,United Kingdom,8.979166666666666,8.47357266113987,118
13038,80,3,908.46,2,3,3,2.5999999999999996,Loyal,24,United Kingdom,12.857142857142858,30.38389369873941,210
13040,9,2,676.99,4,2,3,3.1,Loyal,38,United Kingdom,8.255813953488373,4.582475490041686,24
13043,273,1,516.42,1,1,2,1.2999999999999998,At Risk,13,United Kingdom,19.53846153846154,28.31508920916685,0
13044,291,1,560.47,1,1,2,1.2999999999999998,At Risk,33,United Kingdom,13.0,10.485896462449556,0
13045,99,1,305.28000000000003,2,1,1,1.4000000000000001,At Risk,18,United Kingdom,12.277777777777779,9.790266474772729,0
13046,31,2,629.31,3,2,2,2.4000000000000004,Needs Attention,33,United Kingdom,7.542857142857143,12.478408289737041,235
13047,32,10,3237.54,3,4,4,3.6000000000000005,Champions,106,United Kingdom,8.087209302325581,8.573930276655911,342
13048,14,4,1835.91,4,3,4,3.7,Champions,77,United Kingdom,9.102941176470589,7.578183619194704,312
13049,64,2,656.6800000000001,2,2,2,2.0,Needs Attention,14,United Kingdom,19.142857142857142,45.15949678030691,253
13050,15,17,5836.86,4,4,4,4.0,Champions,246,United Kingdom,9.300248138957816,8.536053650935946,351
13052,212,1,348.15000000000003,1,1,2,1.2999999999999998,At Risk,18,United Kingdom,12.333333333333334,15.400303759418287,0
13055,78,3,1214.41,2,3,3,2.5999999999999996,Loyal,74,United Kingdom,11.763157894736842,5.734498217544194,135
13058,25,3,271.40000000000003,3,3,1,2.4,Needs Attention,5,United Kingdom,6.5,37.248451549791206,127
13059,250,1,183.4,1,1,1,1.0,At Risk,8,United Kingdom,4.375,27.509076424232887,0
13060,254,1,307.53,1,1,2,1.2999999999999998,At Risk,15,United Kingdom,8.2,12.509541615445844,0
13061,72,1,248.61,2,1,1,1.4000000000000001,At Risk,10,United Kingdom,10.7,15.128490010572769,0
13062,191,1,346.98,1,1,2,1.2999999999999998,At Risk,11,United Kingdom,31.181818181818183,28.29439777508165,0
13064,13,4,1119.49,4,3,3,3.4,Loyal,51,United Kingdom,7.478260869565218,10.497964723786154,314
13065,373,1,205.86,1,1,1,1.0,At Risk,14,United Kingdom,5.285714285714286,4.704480212088693,0
13066,24,2,470.8,3,2,2,2.4000000000000004,Needs Attention,48,United Kingdom,6.708333333333333,7.5798069737207205,7
13067,82,1,115.46000000000001,2,1,1,1.4000000000000001,At Risk,14,United Kingdom,2.1333333333333333,4.930962622141075,0
13068,10,2,344.0,4,2,2,2.8000000000000003,Loyal,1,United Kingdom,100.0,9.899494936611665,309
13069,1,24,4436.12,4,4,4,4.0,Champions,281,United Kingdom,13.847058823529412,16.115198408929267,368
13070,192,1,228.8,1,1,1,1.0,At Risk,9,United Kingdom,12.222222222222221,9.171937878357248,0
13072,267,1,177.15,1,1,1,1.0,At Risk,7,United Kingdom,9.857142857142858,9.165443641355129,0
13075,130,1,919.61,2,1,3,2.0,Needs Attention,22,United Kingdom,22.045454545454547,24.03382863447205,0
13077,1,4,729.27,4,3,3,3.4,Loyal,99,United Kingdom,7.705357142857143,9.481343700675273,365
13078,3,26,12627.94,4,4,4,4.0,Champions,95,United Kingdom,15.726256983240223,39.6615496696054,363
13079,4,5,220.10000000000002,4,4,1,3.0999999999999996,Loyal,2,United Kingdom,10.333333333333334,29.517954987882653,136
13080,179,1,58.08,1,1,1,1.0,At Risk,6,United Kingdom,20.0,4.95916121939991,0
13081,12,11,28337.38,4,4,4,4.0,Champions,503,United Kingdom,18.62109375,28.966126780263146,359
13082,126,9,3613.63,2,4,4,3.2,Loyal,63,United Kingdom,59.23287671232877,114.07162335010874,212
13083,4,2,303.75,4,2,1,2.5,Needs Attention,15,United Kingdom,10.38888888888889,9.5240465016035,71
13085,158,2,416.08000000000004,1,2,2,1.6,Needs Attention,17,United Kingdom,9.818181818181818,11.616394072835652,137
13089,3,97,58825.83,4,4,4,4.0,Champions,636,United Kingdom,17.09020902090209,40.43712422692511,366
13090,9,14,8910.82,4,4,4,4.0,Champions,98,United Kingdom,14.6,90.50230828623191,364
13091,28,1,345.82,3,1,2,2.1,Needs Attention,21,United Kingdom,22.19047619047619,8.254456920210986,0
13092,71,5,477.83,2,4,2,2.6,Loyal,19,United Kingdom,11.16,7.727154888228051,288
13093,276,8,7832.47,1,4,4,2.8,Loyal,97,United Kingdom,24.91194968553459,48.52181164201813,97
13094,21,12,1927.3200000000002,3,4,4,3.6000000000000005,Champions,4,United Kingdom,71.5,23.22147900019553,347
13095,71,1,74.39999999999999,2,1,1,1.4000000000000001,At Risk,6,United Kingdom,24.0,3.5155426323684367,0
13097,33,10,6010.42,3,4,4,3.6000000000000005,Champions,214,United Kingdom,5.58628841607565,12.28714699536809,327
13098,1,28,28882.44,4,4,4,4.0,Champions,156,United Kingdom,27.916083916083917,57.63690753378791,316
13099,99,1,207.35999999999999,2,1,1,1.4000000000000001,At Risk,1,United Kingdom,288.0,0.0,0
13101,234,1,101.19,1,1,1,1.0,At Risk,8,United Kingdom,14.125,6.812992708263907,0
13102,1,24,6424.09,4,4,4,4.0,Champions,140,United Kingdom,13.828947368421053,18.067166802649286,363
13103,40,1,243.94,3,1,1,1.8000000000000003,Needs Attention,8,United Kingdom,10.25,15.509403368832178,0
13104,3,6,1098.48,4,4,3,3.6999999999999997,Champions,14,United Kingdom,25.2,49.456278873364504,351
13106,133,1,76.5,2,1,1,1.4000000000000001,At Risk,1,United Kingdom,18.0,0.0,0
13107,44,4,1531.6200000000001,3,3,3,3.0,Loyal,54,United Kingdom,22.29310344827586,20.567550220701172,289
13108,373,1,350.06,1,1,2,1.2999999999999998,At Risk,10,United Kingdom,29.8,27.228325202504347,0
13109,60,2,786.54,2,2,3,2.3,Needs Attention,41,United Kingdom,11.063829787234043,7.0961082023086,97
13110,31,7,1488.67,3,4,3,3.3000000000000003,Loyal,109,United Kingdom,2.6758620689655173,9.160880829736207,279
13113,1,24,12245.960000000001,4,4,4,4.0,Champions,95,United Kingdom,15.225,134.30676321835378,365
13115,12,4,2294.78,4,3,4,3.7,Champions,88,United Kingdom,13.058333333333334,10.34848472513936,172
13116,138,1,501.14,2,1,2,1.7000000000000002,Needs Attention,30,United Kingdom,9.7,8.02050937127516,0
13117,22,8,984.91,3,4,3,3.3000000000000003,Loyal,66,United Kingdom,12.43421052631579,6.254219340685414,350
13118,20,5,1197.81,3,4,3,3.3000000000000003,Loyal,68,United Kingdom,5.189873417721519,14.898066702220476,269
13120,239,1,30.599999999999998,1,1,1,1.0,At Risk,1,United Kingdom,12.0,0.0,0
13121,269,1,283.73,1,1,1,1.0,At Risk,50,United Kingdom,5.04,3.7968145671263507,0
13122,94,2,922.39,2,2,3,2.3,Needs Attention,54,United Kingdom,10.636363636363637,4.765605497476239,146
13124,90,3,3866.33,2,3,4,2.9,Loyal,185,United Kingdom,9.136170212765958,13.849812360805922,269
13126,5,8,2099.64,4,4,4,4.0,Champions,124,United Kingdom,15.307142857142857,8.181387401596695,361
13127,78,1,259.17,2,1,1,1.4000000000000001,At Risk,15,United Kingdom,8.466666666666667,6.868984329162917,0
13130,94,1,64.0,2,1,1,1.4000000000000001,At Risk,2,United Kingdom,16.0,9.899494936611665,0
13131,23,3,1073.3,3,3,3,3.0,Loyal,30,United Kingdom,10.159090909090908,24.59772534130287,164
13132,262,1,77.3,1,1,1,1.0,At Risk,3,United Kingdom,6.666666666666667,16.67822932248305,0
13133,274,2,109.8,1,2,1,1.3,At Risk,7,United Kingdom,4.571428571428571,4.145752272478651,30
13134,86,4,1793.58,2,3,4,2.9,Loyal,94,United Kingdom,10.806122448979592,8.53061803237648,154
13135,197,1,3096.0,1,1,4,1.9,Needs Attention,1,United Kingdom,4300.0,0.0,0
13136,56,5,2607.61,2,4,4,3.2,Loyal,94,United Kingdom,10.456692913385826,8.588852821442538,156
13137,11,8,3650.41,4,4,4,4.0,Champions,345,United Kingdom,3.1619318181818183,4.948075470949751,298
13138,22,6,962.39,3,4,3,3.3000000000000003,Loyal,31,United Kingdom,7.507936507936508,3.9158336728996344,350
13139,16,7,5064.94,4,4,4,4.0,Champions,132,United Kingdom,14.264705882352942,18.783841726427546,243
13140,108,3,423.72,2,3,2,2.3,Needs Attention,40,United Kingdom,4.043478260869565,6.994096751688574,258
13141,85,5,2388.75,2,4,4,3.2,Loyal,113,United Kingdom,11.466666666666667,10.04593343631965,230
13142,19,1,307.09,3,1,1,1.8000000000000003,Needs Attention,23,United Kingdom,11.217391304347826,7.405796656043963,0
13144,333,1,110.95,1,1,1,1.0,At Risk,3,United Kingdom,7.0,23.180613307963473,0
13145,40,4,618.52,3,3,2,2.7,Loyal,5,United Kingdom,24.166666666666668,104.31928041674112,332
13146,26,1,228.91,3,1,1,1.8000000000000003,Needs Attention,16,United Kingdom,9.058823529411764,14.158323134135209,0
13147,10,4,712.8000000000001,4,3,3,3.4,Loyal,1,United Kingdom,36.0,68.58921197972755,89
13148,29,12,3707.12,3,4,4,3.6000000000000005,Champions,231,United Kingdom,6.191222570532916,9.09854415709852,335
13149,14,4,1676.06,4,3,4,3.7,Champions,76,United Kingdom,14.883720930232558,12.539046086985476,274
13151,296,1,1257.8700000000001,1,1,3,1.5999999999999999,Needs Attention,73,United Kingdom,4.905405405405405,9.517896244776132,0
13153,6,1,486.22,4,1,2,2.5,Needs Attention,15,United Kingdom,27.866666666666667,40.68028688385052,0
13155,33,4,971.76,3,3,3,3.0,Loyal,67,United Kingdom,5.847058823529411,8.932254675356841,335
13157,49,4,1741.22,3,3,4,3.3,Loyal,69,United Kingdom,16.54022988505747,9.976240665371849,248
13158,95,4,1201.06,2,3,3,2.5999999999999996,Loyal,59,United Kingdom,9.924050632911392,6.350932643304625,224
13159,9,4,1437.85,4,3,3,3.4,Loyal,114,United Kingdom,8.75206611570248,7.729622979483455,106
13160,22,1,91.8,3,1,1,1.8000000000000003,Needs Attention,4,United Kingdom,14.0,9.367496997597597,0
13161,313,1,112.75,1,1,1,1.0,At Risk,8,United Kingdom,3.625,8.528458138156376,0
13162,122,4,1688.29,2,3,4,2.9,Loyal,74,United Kingdom,21.68354430379747,14.115659768421217,212
13165,46,2,1021.48,3,2,3,2.7,Loyal,40,United Kingdom,32.76190476190476,23.382023093584024,305
13166,283,1,417.2,1,1,2,1.2999999999999998,At Risk,39,United Kingdom,5.2682926829268295,7.05418423660046,0
13167,19,4,791.33,3,3,3,3.0,Loyal,51,United Kingdom,12.076923076923077,8.613748815344346,125
13168,36,4,1319.19,3,3,3,3.0,Loyal,102,United Kingdom,5.206106870229007,8.392117820608433,281
13169,64,2,712.88,2,2,3,2.3,Needs Attention,11,United Kingdom,20.923076923076923,54.94673229359132,188
13170,27,1,116.00999999999999,3,1,1,1.8000000000000003,Needs Attention,29,United Kingdom,4.59375,2.497960438198822,0
13171,22,3,468.41,3,3,2,2.7,Loyal,37,United Kingdom,4.978260869565218,13.736679796652059,277
13173,4,2,353.65,4,2,2,2.8000000000000003,Loyal,41,United Kingdom,6.441860465116279,6.17069159600275,363
13174,16,3,2817.03,4,3,4,3.7,Champions,228,United Kingdom,4.442675159235669,7.891525615104567,352
13176,46,1,492.84,3,1,2,2.1,Needs Attention,66,United Kingdom,6.291666666666667,6.499168527534563,0
13177,65,1,282.45,2,1,1,1.4000000000000001,At Risk,17,United Kingdom,5.352941176470588,2.402067124496781,0
13178,26,11,5725.47,3,4,4,3.6000000000000005,Champions,95,United Kingdom,13.471698113207546,12.183851294641027,334
13182,45,1,121.18,3,1,1,1.8000000000000003,Needs Attention,11,United Kingdom,18.272727272727273,3.564410954778567,0
13183,8,9,3957.78,4,4,4,4.0,Champions,51,United Kingdom,23.48936170212766,41.05960779262501,326
13184,15,10,1701.29,4,4,4,4.0,Champions,138,United Kingdom,9.348066298342541,9.70112812258599,275
13185,268,1,71.4,1,1,1,1.0,At Risk,1,United Kingdom,12.0,0.0,0
13186,40,3,1575.89,3,3,3,3.0,Loyal,69,United Kingdom,10.379746835443038,9.247854550879502,89
13187,337,1,236.02,1,1,1,1.0,At Risk,37,United Kingdom,2.5675675675675675,5.134776195373717,0
13188,11,1,114.60000000000001,4,1,1,2.2,Needs Attention,2,United Kingdom,12.5,59.82123368838193,0
13189,19,2,260.68,3,2,1,2.1,Needs Attention,29,United Kingdom,29.03448275862069,4.765313919225938,96
13192,95,2,911.94,2,2,3,2.3,Needs Attention,57,United Kingdom,9.444444444444445,4.8288841485187515,109
13193,61,1,117.88,2,1,1,1.4000000000000001,At Risk,22,United Kingdom,1.7241379310344827,4.053620622083824,0
13194,136,1,60.7,2,1,1,1.4000000000000001,At Risk,3,United Kingdom,8.666666666666666,12.691072978016214,0
13196,11,4,1797.78,4,3,4,3.7,Champions,97,United Kingdom,11.127272727272727,8.565039183419493,250
13198,10,6,3401.2400000000002,4,4,4,4.0,Champions,199,United Kingdom,11.716814159292035,6.137832402067542,351
13199,4,38,9817.12,4,4,4,4.0,Champions,48,United Kingdom,51.89915966386555,72.05896798929794,363
13200,19,4,870.09,3,3,3,3.0,Loyal,42,United Kingdom,11.217391304347826,13.46187369326177,107
13203,10,4,869.46,4,3,3,3.4,Loyal,56,United Kingdom,14.035087719298245,8.033449630757936,232
13207,15,2,250.26000000000002,4,2,1,2.5,Needs Attention,7,United Kingdom,16.25,19.08126511978251,135
13208,59,6,1223.9,2,4,3,2.9,Loyal,124,United Kingdom,5.395973154362416,6.75690587807511,250
13209,30,8,5891.61,3,4,4,3.6000000000000005,Champions,255,United Kingdom,13.249221183800623,11.500654173541285,331
13210,94,1,353.48,2,1,2,1.7000000000000002,Needs Attention,22,United Kingdom,14.363636363636363,6.031092597703831,0
13211,10,3,1197.42,4,3,3,3.4,Loyal,45,United Kingdom,15.607142857142858,41.5978631553462,350
13212,20,3,788.08,3,3,3,3.0,Loyal,128,United Kingdom,2.183098591549296,5.513017089292441,41
13213,57,5,1520.58,2,4,3,2.9,Loyal,82,United Kingdom,15.11111111111111,9.658203499174197,142
13216,268,1,333.74,1,1,2,1.2999999999999998,At Risk,5,United Kingdom,59.4,33.546316042152824,0
13217,122,3,533.98,2,3,2,2.3,Needs Attention,3,United Kingdom,65.5,83.11892744736305,34
13218,127,1,62.63999999999999,2,1,1,1.4000000000000001,At Risk,5,United Kingdom,17.6,5.922458948781324,0
13220,78,4,819.2900000000001,2,3,3,2.5999999999999996,Loyal,18,United Kingdom,9.333333333333334,45.97204644957525,158
13221,240,2,847.41,1,2,3,1.9,Needs Attention,62,United Kingdom,3.696969696969697,9.85428113630247,119
13223,200,2,163.20000000000002,1,2,1,1.3,At Risk,5,United Kingdom,17.6,38.11676796371906,31
13224,60,2,2155.95,2,2,4,2.5999999999999996,Loyal,101,United Kingdom,14.055555555555555,21.87519890964305,91
13225,3,7,6463.84,4,4,4,4.0,Champions,23,United Kingdom,106.75,112.59705445067266,358
13226,273,1,108.21000000000001,1,1,1,1.0,At Risk,16,United Kingdom,5.0,4.14974974145028,0
13227,202,1,257.7,1,1,1,1.0,At Risk,9,United Kingdom,11.0,22.122895380125993,0
13228,81,1,358.0,2,1,2,1.7000000000000002,Needs Attention,2,United Kingdom,100.0,0.0,0
13229,226,1,160.95,1,1,1,1.0,At Risk,10,United Kingdom,6.3,2.809848750377856,0
13230,4,14,2806.97,4,4,4,4.0,Champions,393,United Kingdom,2.7250409165302782,6.168081474164608,360
13232,13,7,1357.6,4,4,3,3.6999999999999997,Champions,147,United Kingdom,3.758454106280193,5.938537668268733,230
13233,74,2,605.12,2,2,2,2.0,Needs Attention,43,United Kingdom,23.348837209302324,8.051814374951906,261
13235,212,1,1031.07,1,1,3,1.5999999999999999,Needs Attention,53,United Kingdom,7.603448275862069,14.194793214986015,0
13236,25,2,744.85,3,2,3,2.7,Loyal,34,United Kingdom,11.555555555555555,7.246429854412491,82
13238,17,4,700.73,4,3,3,3.4,Loyal,20,United Kingdom,9.612903225806452,15.388639050544949,343
13239,262,1,329.56,1,1,2,1.2999999999999998,At Risk,21,United Kingdom,15.571428571428571,8.929287952201639,0
13240,96,4,663.65,2,3,2,2.3,Needs Attention,59,United Kingdom,4.447761194029851,6.147789787175539,269
13242,112,3,270.40000000000003,2,3,1,2.0,Needs Attention,12,United Kingdom,10.0,0.0,101
13243,203,1,600.07,1,1,2,1.2999999999999998,At Risk,56,United Kingdom,4.017241379310345,6.34719911696246,0
13244,93,1,121.74000000000001,2,1,1,1.4000000000000001,At Risk,27,United Kingdom,1.4074074074074074,2.2246474799968667,0
13245,51,1,430.5,3,1,2,2.1,Needs Attention,16,United Kingdom,7.8125,8.408425833650433,0
13246,18,6,1987.3,4,4,4,4.0,Champions,110,United Kingdom,11.361702127659575,27.514398965553724,312
13247,18,4,501.12,4,3,2,3.1,Loyal,18,United Kingdom,13.12,11.810156688206979,64
13248,125,2,465.68,2,2,2,2.0,Needs Attention,25,United Kingdom,11.73076923076923,5.222703455550141,64
13249,92,3,711.41,2,3,3,2.5999999999999996,Loyal,21,United Kingdom,23.73913043478261,54.124995310773976,168
13253,157,2,1030.4,1,2,3,1.9,Needs Attention,35,United Kingdom,43.666666666666664,32.22321781494217,182
13255,9,2,399.51,4,2,2,2.8000000000000003,Loyal,13,United Kingdom,13.615384615384615,21.30580353102328,364
13258,12,3,698.58,4,3,3,3.4,Loyal,28,United Kingdom,7.552631578947368,16.65226864197815,193
13259,62,1,292.32,2,1,1,1.4000000000000001,At Risk,77,United Kingdom,1.5172413793103448,3.397778343921011,0
13260,61,1,557.62,2,1,2,1.7000000000000002,Needs Attention,8,United Kingdom,17.75,69.16298385490815,0
13261,269,2,944.1,1,2,3,1.9,Needs Attention,8,United Kingdom,23.333333333333332,26.09913791679718,17
13262,263,1,200.29,1,1,1,1.0,At Risk,11,United Kingdom,11.363636363636363,12.608407368245855,0
13263,1,35,7454.07,4,4,4,4.0,Champions,450,United Kingdom,2.8503279666070362,4.819827554026414,323
13265,53,5,2107.66,2,4,4,3.2,Loyal,66,United Kingdom,19.252747252747252,28.16994286471347,220
13266,11,12,3834.2599999999998,4,4,4,4.0,Champions,82,United Kingdom,23.67914438502674,16.433490017229982,245
13267,3,19,4521.49,4,4,4,4.0,Champions,88,United Kingdom,9.33175355450237,10.660588013580949,364
13268,18,11,3214.69,4,4,4,4.0,Champions,257,United Kingdom,8.313636363636364,6.282224598787329,249
13269,1,15,5346.2300000000005,4,4,4,4.0,Champions,177,United Kingdom,11.120253164556962,16.37024481691346,368
13270,366,1,590.0,1,1,2,1.2999999999999998,At Risk,1,United Kingdom,200.0,0.0,0
13271,37,1,217.38,3,1,1,1.8000000000000003,Needs Attention,79,United Kingdom,2.6354166666666665,2.428154513638962,0
13272,31,2,276.56,3,2,1,2.1,Needs Attention,15,United Kingdom,6.4,4.787839457068988,58
13273,113,1,138.98,2,1,1,1.4000000000000001,At Risk,16,United Kingdom,9.5625,6.2233215943470785,0
13276,64,2,590.9300000000001,2,2,2,2.0,Needs Attention,30,United Kingdom,5.366666666666666,8.797130677722116,36
13277,16,4,258.4,4,3,1,2.8,Loyal,5,United Kingdom,22.0,10.95536398299938,117
13278,41,1,542.73,3,1,2,2.1,Needs Attention,46,United Kingdom,11.673913043478262,8.509807927690469,0
13279,78,1,137.75,2,1,1,1.4000000000000001,At Risk,9,United Kingdom,8.11111111111111,6.880111029465861,0
13280,122,3,814.86,2,3,3,2.5999999999999996,Loyal,67,United Kingdom,6.141176470588236,5.562869153709129,214
13282,18,3,1132.14,4,3,3,3.4,Loyal,29,United Kingdom,8.297297297297296,21.560551620637774,202
13283,60,2,93.66,2,2,1,1.7,Needs Attention,7,United Kingdom,12.857142857142858,6.437556472244211,125
13284,331,1,201.19,1,1,1,1.0,At Risk,13,United Kingdom,7.0,5.157613366764287,0
13285,23,4,2709.12,3,3,4,3.3,Loyal,157,United Kingdom,10.967914438502675,5.071008419728948,266
13291,156,1,361.11,1,1,2,1.2999999999999998,At Risk,41,United Kingdom,5.5476190476190474,8.506086066706358,0
13292,39,2,578.9399999999999,3,2,2,2.4000000000000004,Needs Attention,29,United Kingdom,11.193548387096774,6.875368517982473,245
13294,190,2,873.74,1,2,3,1.9,Needs Attention,48,United Kingdom,8.38888888888889,4.6972087106661915,59
13295,360,1,201.20000000000002,1,1,1,1.0,At Risk,10,United Kingdom,8.2,3.692876024636264,0
13296,137,1,87.4,2,1,1,1.4000000000000001,At Risk,5,United Kingdom,15.6,9.701907029033002,0
13297,8,4,2089.85,4,3,4,3.7,Champions,52,United Kingdom,16.322033898305083,21.172995983396312,59
13298,1,1,360.0,4,1,2,2.5,Needs Attention,2,United Kingdom,48.0,127.27922061357856,0
13299,268,1,142.5,1,1,1,1.0,At Risk,5,United Kingdom,6.0,18.198901065723717,0
13300,169,1,371.89,1,1,2,1.2999999999999998,At Risk,20,United Kingdom,10.15,5.371834416658801,0
13301,104,4,618.09,2,3,2,2.3,Needs Attention,75,United Kingdom,4.2592592592592595,6.385995180427594,188
13302,155,1,63.75,1,1,1,1.0,At Risk,1,United Kingdom,5.0,0.0,0
13304,351,1,300.42,1,1,1,1.0,At Risk,21,United Kingdom,11.333333333333334,3.779695188012614,0
13305,4,10,2000.86,4,4,4,4.0,Champions,50,United Kingdom,15.209876543209877,12.442561976915476,368
13307,120,1,15.0,2,1,1,1.4000000000000001,At Risk,1,United Kingdom,4.0,0.0,0
13308,23,3,1385.51,3,3,3,3.0,Loyal,49,United Kingdom,15.61111111111111,24.120707062384767,180
13309,7,5,1456.79,4,4,3,3.6999999999999997,Champions,82,United Kingdom,14.429906542056075,5.487427373394152,301
13310,28,3,1132.03,3,3,3,3.0,Loyal,65,United Kingdom,8.152777777777779,3.552700220068902,296
13311,4,2,598.57,4,2,2,2.8000000000000003,Loyal,25,United Kingdom,11.73076923076923,21.079296196833663,145
13313,22,5,1555.32,3,4,3,3.3000000000000003,Loyal,47,United Kingdom,10.91025641025641,9.524327838709711,317
13314,2,3,775.94,4,3,3,3.4,Loyal,55,United Kingdom,9.03225806451613,5.698362934869398,72
13316,37,4,5977.7300000000005,3,3,4,3.3,Loyal,66,United Kingdom,79.86206896551724,77.35748456607678,217
13317,66,6,2273.68,2,4,4,3.2,Loyal,100,United Kingdom,8.346774193548388,6.07957298319644,292
13318,1,3,640.76,4,3,2,3.1,Loyal,14,United Kingdom,15.2,26.469095305956138,36
13319,5,26,10845.550000000001,4,4,4,4.0,Champions,209,United Kingdom,9.92436974789916,14.40839725003808,360
13320,78,4,1548.7,2,3,3,2.5999999999999996,Loyal,77,United Kingdom,10.339622641509434,4.681138226365423,135
13321,72,2,567.36,2,2,2,2.0,Needs Attention,10,United Kingdom,33.81818181818182,64.266079671656,14
13322,17,1,199.48000000000002,4,1,1,2.2,Needs Attention,25,United Kingdom,4.68,8.641981312176044,0
13323,3,5,787.85,4,4,3,3.6999999999999997,Champions,6,United Kingdom,8.333333333333334,42.10373894719248,81
13324,36,10,7121.95,3,4,4,3.6000000000000005,Champions,25,United Kingdom,69.4,63.94867748634253,324
13325,82,1,675.3,2,1,3,2.0,Needs Attention,12,United Kingdom,20.0,45.28724735206671,0
13327,39,8,3627.77,3,4,4,3.6000000000000005,Champions,74,United Kingdom,14.814814814814815,22.011521468398215,326
13328,316,1,1308.48,1,1,3,1.5999999999999999,Needs Attention,17,United Kingdom,40.0,63.11562331057464,0
13329,32,2,789.0,3,2,3,2.7,Loyal,16,United Kingdom,27.235294117647058,36.814236416652406,335
13330,93,3,1140.93,2,3,3,2.5999999999999996,Loyal,37,United Kingdom,14.169811320754716,12.377610305104206,223
13332,14,1,350.9,4,1,2,2.5,Needs Attention,21,United Kingdom,8.523809523809524,3.4650389264631296,0
13334,82,3,3536.82,2,3,4,2.9,Loyal,207,United Kingdom,6.619402985074627,9.200495209325384,223
13336,77,1,795.12,2,1,3,2.0,Needs Attention,51,United Kingdom,10.96078431372549,3.9830809239907263,0
13338,158,1,487.02,1,1,2,1.2999999999999998,At Risk,19,United Kingdom,13.473684210526315,28.47271985644139,0
13339,201,1,860.12,1,1,3,1.5999999999999999,Needs Attention,54,United Kingdom,6.037037037037037,4.7164293633958065,0
13340,45,7,10736.48,3,4,4,3.6000000000000005,Champions,128,United Kingdom,43.059701492537314,62.82835606921988,231
13341,261,1,775.85,1,1,3,1.5999999999999999,Needs Attention,42,United Kingdom,7.166666666666667,11.596510210871537,0
13343,178,1,353.43,1,1,2,1.2999999999999998,At Risk,19,United Kingdom,7.105263157894737,8.686013190537924,0
13344,68,3,2543.72,2,3,4,2.9,Loyal,115,United Kingdom,8.159663865546218,27.83635077680172,209
13345,288,1,389.5,1,1,2,1.2999999999999998,At Risk,20,United Kingdom,7.05,7.682832879389709,0
13347,70,1,341.36,2,1,2,1.7000000000000002,Needs Attention,8,United Kingdom,25.625,8.849490703666833,0
13348,64,1,233.76,2,1,1,1.4000000000000001,At Risk,14,United Kingdom,9.714285714285714,7.690140969570593,0
13349,11,1,247.32,4,1,1,2.2,Needs Attention,16,United Kingdom,14.0625,10.357111244615139,0
13350,16,2,979.12,4,2,3,3.1,Loyal,36,United Kingdom,7.175,14.9371715305587,63
13351,66,1,373.94,2,1,2,1.7000000000000002,Needs Attention,16,United Kingdom,7.3125,8.333968142487706,0
13352,60,1,397.97999999999996,2,1,2,1.7000000000000002,Needs Attention,24,United Kingdom,13.375,8.598097489257876,0
13354,71,1,743.53,2,1,3,2.0,Needs Attention,51,United Kingdom,11.843137254901961,6.41300904565149,0
13355,122,1,674.7,2,1,3,2.0,Needs Attention,32,United Kingdom,9.8125,15.690450339452934,0
13356,80,1,768.24,2,1,3,2.0,Needs Attention,42,United Kingdom,7.738095238095238,8.719023096830643,0
13357,257,1,609.95,1,1,2,1.2999999999999998,At Risk,85,United Kingdom,3.577777777777778,5.827570470660296,0
13358,269,1,439.03,1,1,2,1.2999999999999998,At Risk,29,United Kingdom,9.827586206896552,7.954944259851222,0
13359,64,1,439.56,2,1,2,1.7000000000000002,Needs Attention,23,United Kingdom,7.0,9.694044237359831,0
13362,9,4,3090.7400000000002,4,3,4,3.7,Champions,128,United Kingdom,8.325301204819278,8.247273564113716,278
13363,18,2,992.5,4,2,3,3.1,Loyal,47,United Kingdom,11.833333333333334,8.483892847809155,26
13364,71,1,134.95999999999998,2,1,1,1.4000000000000001,At Risk,10,United Kingdom,7.1,5.183965020458118,0
13365,34,2,2225.37,3,2,4,3.0,Loyal,122,United Kingdom,9.7421875,9.12429461698974,184
13366,50,1,56.160000000000004,3,1,1,1.8000000000000003,Needs Attention,1,United Kingdom,144.0,0.0,0
13368,257,2,623.4,1,2,2,1.6,Needs Attention,29,United Kingdom,11.275862068965518,11.349759996160419,80
13369,366,1,308.28000000000003,1,1,2,1.2999999999999998,At Risk,14,United Kingdom,10.642857142857142,12.559338542112187,0
13370,372,1,754.87,1,1,3,1.5999999999999999,Needs Attention,39,United Kingdom,8.794871794871796,6.99184893658014,0
13372,90,1,378.64,2,1,2,1.7000000000000002,Needs Attention,23,United Kingdom,6.913043478260869,8.9308898148715,0
13373,61,3,3312.25,2,3,4,2.9,Loyal,135,United Kingdom,10.449367088607595,14.542914190230254,215
13375,89,1,778.65,2,1,3,2.0,Needs Attention,37,United Kingdom,11.945945945945946,15.965687616920263,0
13376,99,3,1019.76,2,3,3,2.5999999999999996,Loyal,45,United Kingdom,9.30188679245283,10.131652202011548,135
13379,26,3,572.56,3,3,2,2.7,Loyal,85,United Kingdom,6.195876288659794,5.42538814192587,110
13381,32,6,3639.31,3,4,4,3.6000000000000005,Champions,77,United Kingdom,11.796511627906977,11.383709362571112,267
13382,281,1,222.99,1,1,1,1.0,At Risk,15,United Kingdom,8.733333333333333,2.179678220026329,0
13384,31,7,4151.93,3,4,4,3.6000000000000005,Champions,123,United Kingdom,15.93421052631579,26.15121809472929,147
13385,330,1,534.57,1,1,2,1.2999999999999998,At Risk,35,United Kingdom,8.028571428571428,7.62667028682016,0
13388,131,2,677.1,2,2,3,2.3,Needs Attention,35,United Kingdom,8.057142857142857,10.324687514346746,0
13389,11,3,797.96,4,3,3,3.4,Loyal,50,United Kingdom,8.411764705882353,4.753600723991999,221
13390,75,1,544.08,2,1,2,1.7000000000000002,Needs Attention,13,United Kingdom,17.23076923076923,37.67481345980055,0
13391,204,1,59.8,1,1,1,1.0,At Risk,1,United Kingdom,4.0,0.0,0
13394,2,8,2520.02,4,4,4,4.0,Champions,124,United Kingdom,15.432258064516128,13.213158851895056,308
13395,185,1,307.72,1,1,2,1.2999999999999998,At Risk,21,United Kingdom,16.0,7.947898674073126,0
13396,29,2,1360.99,3,2,3,2.7,Loyal,42,United Kingdom,13.953488372093023,21.841598015620768,290
13397,73,5,1544.13,2,4,3,2.9,Loyal,28,United Kingdom,11.31578947368421,33.35034468398402,266
13398,192,1,457.34,1,1,2,1.2999999999999998,At Risk,26,United Kingdom,10.807692307692308,7.074953003377479,0
13402,127,2,621.23,2,2,2,2.0,Needs Attention,32,United Kingdom,12.282051282051283,11.68546505951817,244
13403,18,1,75.0,4,1,1,2.2,Needs Attention,3,United Kingdom,14.666666666666666,17.320508075688775,0
13404,1,2,252.49,4,2,1,2.5,Needs Attention,11,United Kingdom,10.090909090909092,14.536098701320977,211
13405,74,3,572.451,2,3,2,2.3,Needs Attention,25,United Kingdom,6.111111111111111,8.42722603476527,243
13408,2,62,28117.04,4,4,4,4.0,Champions,234,United Kingdom,33.9581589958159,47.9487119022129,371
13410,24,5,1003.06,3,4,3,3.3000000000000003,Loyal,15,United Kingdom,18.5,21.802917272404205,267
13411,107,1,213.55,2,1,1,1.4000000000000001,At Risk,17,United Kingdom,4.0,9.207474673833268,0
13414,134,3,1390.5,2,3,3,2.5999999999999996,Loyal,23,United Kingdom,65.58333333333333,109.42187287303888,162
13416,44,2,712.5,3,2,3,2.7,Loyal,11,United Kingdom,7.473684210526316,19.996944210998286,37
13417,5,2,640.83,4,2,2,2.8000000000000003,Loyal,26,United Kingdom,5.785714285714286,7.803308915226606,200
13418,12,18,6127.43,4,4,4,4.0,Champions,223,United Kingdom,12.888157894736842,24.158793715916154,360
13419,64,1,221.06,2,1,1,1.4000000000000001,At Risk,16,United Kingdom,17.1875,7.5965473517030535,0
13420,150,2,159.85,1,2,1,1.3,At Risk,8,United Kingdom,12.625,10.408236350533718,20
13421,40,2,1851.08,3,2,4,3.0,Loyal,88,United Kingdom,11.35576923076923,15.354683186021514,249
13422,64,1,2626.3,2,1,4,2.3,Needs Attention,127,United Kingdom,10.440944881889763,10.219026283737925,0
13425,108,3,1624.21,2,3,3,2.5999999999999996,Loyal,66,United Kingdom,14.397435897435898,16.471293130350983,186
13426,1,10,3641.32,4,4,4,4.0,Champions,103,United Kingdom,14.299363057324841,26.29119129206155,358
13427,19,3,582.6,3,3,2,2.7,Loyal,25,United Kingdom,18.79310344827586,14.694614777130969,195
13428,10,1,218.47,4,1,1,2.2,Needs Attention,70,United Kingdom,2.108108108108108,2.218670802435917,0
13429,11,4,1006.8,4,3,3,3.4,Loyal,55,United Kingdom,20.746268656716417,8.762166469501606,64
13430,19,2,679.45,3,2,3,2.7,Loyal,48,United Kingdom,15.326530612244898,8.93528322016095,67
13431,67,2,1269.1,2,2,3,2.3,Needs Attention,44,United Kingdom,14.608695652173912,29.021920820578746,21
13434,74,2,534.24,2,2,2,2.0,Needs Attention,9,United Kingdom,30.0,66.7406874402714,22
13435,5,7,3809.8900000000003,4,4,4,4.0,Champions,68,United Kingdom,21.07920792079208,42.77515274243464,183
13436,2,1,196.89,4,1,1,2.2,Needs Attention,12,United Kingdom,6.333333333333333,4.698021101775434,0
13437,14,7,3408.06,4,4,4,4.0,Champions,143,United Kingdom,7.682634730538922,12.886832986352841,175
13439,255,1,283.71,1,1,1,1.0,At Risk,54,United Kingdom,4.481481481481482,3.6631399134017846,0
13441,92,1,296.64,2,1,1,1.4000000000000001,At Risk,13,United Kingdom,15.692307692307692,19.995610287491374,0
13447,23,3,1129.14,3,3,3,3.0,Loyal,55,United Kingdom,9.898305084745763,10.47089476459605,12
13448,17,6,3539.37,4,4,4,4.0,Champions,137,United Kingdom,8.512820512820513,12.969772972552601,357
13449,24,1,291.88,3,1,1,1.8000000000000003,Needs Attention,19,United Kingdom,11.68421052631579,7.659206935263793,0
13450,27,6,2043.7199999999998,3,4,4,3.6000000000000005,Champions,32,United Kingdom,27.91549295774648,19.922715094595983,191
13451,26,5,2976.15,3,4,4,3.6000000000000005,Champions,315,United Kingdom,4.851015801354402,4.94770480610247,308
13452,259,2,590.0,1,2,2,1.6,Needs Attention,1,United Kingdom,1.0,0.0,11
13453,166,2,356.97999999999996,1,2,2,1.6,Needs Attention,16,United Kingdom,7.882352941176471,8.167421473721785,123
13455,25,2,1058.34,3,2,3,2.7,Loyal,42,United Kingdom,7.695652173913044,11.839684386706073,341
13456,18,6,1766.72,4,4,4,4.0,Champions,43,United Kingdom,12.142857142857142,35.71479172309228,189
13458,7,14,9646.57,4,4,4,4.0,Champions,242,United Kingdom,14.418848167539267,18.459534797549512,352
13460,29,2,183.44,3,2,1,2.1,Needs Attention,16,United Kingdom,16.823529411764707,3.426091925554967,20
13461,39,3,1445.0,3,3,3,3.0,Loyal,14,United Kingdom,43.333333333333336,27.603762801431994,124
13462,253,1,151.5,1,1,1,1.0,At Risk,9,United Kingdom,6.888888888888889,2.9141894241795603,0
13464,58,1,674.68,2,1,3,2.0,Needs Attention,41,United Kingdom,9.829268292682928,5.792594862745232,0
13466,184,1,307.9,1,1,2,1.2999999999999998,At Risk,17,United Kingdom,15.235294117647058,6.626737729922355,0
13467,11,2,1083.71,4,2,3,3.1,Loyal,89,United Kingdom,5.898989898989899,9.402501096008507,25
13468,2,37,5704.97,4,4,4,4.0,Champions,184,United Kingdom,8.572847682119205,13.474436184860537,371
13470,99,2,165.0,2,2,1,1.7,Needs Attention,7,United Kingdom,10.0,0.0,15
13471,1,4,2531.58,4,3,4,3.7,Champions,214,United Kingdom,6.115384615384615,7.94492869353476,46
13473,61,2,422.64,2,2,2,2.0,Needs Attention,21,United Kingdom,12.666666666666666,11.31836895114688,272
13474,236,1,229.59,1,1,1,1.0,At Risk,59,United Kingdom,2.0625,2.745847220681697,0
13475,191,4,1431.78,1,3,3,2.1999999999999997,Needs Attention,64,United Kingdom,11.767441860465116,8.627178417180236,107
13476,179,2,1238.47,1,2,3,1.9,Needs Attention,56,United Kingdom,7.189655172413793,20.351765905415792,102
13477,38,6,1454.58,3,4,3,3.3000000000000003,Loyal,57,United Kingdom,12.924050632911392,10.516214612803324,253
13479,201,2,300.95,1,2,1,1.3,At Risk,14,United Kingdom,8.933333333333334,8.646912468511244,33
13481,46,5,1804.56,3,4,4,3.6000000000000005,Champions,98,United Kingdom,10.477064220183486,6.326044260332845,211
13482,232,1,184.64,1,1,1,1.0,At Risk,11,United Kingdom,10.545454545454545,3.86947894072668,0
13483,66,1,140.34,2,1,1,1.4000000000000001,At Risk,10,United Kingdom,16.0,6.5758619206914615,0
13484,241,1,313.8,1,1,2,1.2999999999999998,At Risk,8,United Kingdom,5.5,24.321815604220717,0
13485,233,1,454.24,1,1,2,1.2999999999999998,At Risk,23,United Kingdom,12.043478260869565,12.885425338963707,0
13486,78,3,1122.41,2,3,3,2.5999999999999996,Loyal,69,United Kingdom,9.695652173913043,5.601415391706979,76
13487,58,3,575.4,2,3,2,2.3,Needs Attention,26,United Kingdom,7.794117647058823,4.476728298287098,295
13488,17,13,8968.31,4,4,4,4.0,Champions,271,United Kingdom,10.706161137440759,17.212658639709744,350
13489,105,4,449.52,2,3,2,2.3,Needs Attention,11,United Kingdom,40.0,41.07215243318161,189
13491,52,10,1215.82,2,4,3,2.9,Loyal,73,United Kingdom,10.5,5.496601770729965,320
13492,136,3,1269.84,2,3,3,2.5999999999999996,Loyal,38,Switzerland,8.16,14.51249784264077,78
13493,275,2,618.63,1,2,2,1.6,Needs Attention,6,Switzerland,47.5,47.671480374238726,11
13494,312,1,316.26000000000005,1,1,2,1.2999999999999998,At Risk,18,United Kingdom,9.0,5.548250386648136,0
13495,8,5,2044.8700000000001,4,4,4,4.0,Champions,34,United Kingdom,17.270833333333332,33.95494210822182,360
13496,11,2,653.33,4,2,2,2.8000000000000003,Loyal,28,United Kingdom,9.742857142857142,12.164894511971529,349
13497,283,2,348.05,1,2,2,1.6,Needs Attention,19,United Kingdom,8.578947368421053,6.0771934889185815,85
13499,18,5,1159.11,4,4,3,3.6999999999999997,Champions,31,United Kingdom,32.5,17.988382366800415,252
13500,23,3,1166.77,3,3,3,3.0,Loyal,60,United Kingdom,9.36923076923077,5.651786213565243,99
13501,288,1,1340.32,1,1,3,1.5999999999999999,Needs Attention,52,Switzerland,10.76923076923077,23.717021227962036,0
13502,17,3,292.0,4,3,1,2.8,Loyal,17,United Kingdom,14.666666666666666,12.011159299269092,307
13503,71,1,216.85,2,1,1,1.4000000000000001,At Risk,17,United Kingdom,14.588235294117647,4.023286993901146,0
13504,64,1,295.93,2,1,1,1.4000000000000001,At Risk,22,United Kingdom,8.090909090909092,5.436369845730431,0
13505,73,4,4393.63,2,3,4,2.9,Loyal,182,Switzerland,11.56279069767442,27.056715244657322,159
13506,316,2,458.52,1,2,2,1.6,Needs Attention,26,United Kingdom,12.461538461538462,4.771560944403189,53
13507,3,4,2479.16,4,3,4,3.7,Champions,146,United Kingdom,9.858024691358025,5.936384214452393,142
13508,244,1,110.97,1,1,1,1.0,At Risk,12,United Kingdom,2.0,5.735378445149973,0
13509,9,7,979.72,4,4,3,3.6999999999999997,Champions,27,United Kingdom,25.136363636363637,19.246494950112172,275
13510,1,4,1791.56,4,3,4,3.7,Champions,86,United Kingdom,12.052173913043479,5.817023889069968,182
13512,261,1,251.21,1,1,1,1.0,At Risk,15,United Kingdom,9.533333333333333,5.433243528325898,0
13513,127,1,205.1,2,1,1,1.4000000000000001,At Risk,10,United Kingdom,10.9,14.423453123298874,0
13514,74,1,152.20000000000002,2,1,1,1.4000000000000001,At Risk,4,United Kingdom,10.0,3.128897569432401,0
13515,73,4,891.12,2,3,3,2.5999999999999996,Loyal,50,United Kingdom,11.542372881355933,5.261744137970395,175
13516,21,3,1389.41,3,3,3,3.0,Loyal,43,United Kingdom,22.386363636363637,43.73448265012882,217
13517,60,3,2128.42,2,3,4,2.9,Loyal,125,United Kingdom,9.709219858156029,4.869670655164164,120
13518,86,1,659.4399999999999,2,1,2,1.7000000000000002,Needs Attention,36,United Kingdom,10.31578947368421,5.351401140622151,0
13519,78,1,122.75,2,1,1,1.4000000000000001,At Risk,8,United Kingdom,2.875,4.432464446719067,0
13520,59,6,3624.35,2,4,4,3.2,Loyal,49,Switzerland,17.731182795698924,39.452617837488916,312
13521,1,3,1093.65,4,3,3,3.4,Loyal,313,United Kingdom,1.688073394495413,2.392881658052097,8
13522,30,1,125.80000000000001,3,1,1,1.8000000000000003,Needs Attention,5,United Kingdom,8.8,9.370325501283295,0
13523,33,5,3964.88,3,4,4,3.6000000000000005,Champions,157,United Kingdom,10.186046511627907,22.132346065513733,333
13524,41,5,680.1800000000001,3,4,3,3.3000000000000003,Loyal,17,United Kingdom,12.0,12.082589201961717,179
13525,15,2,628.78,4,2,2,2.8000000000000003,Loyal,5,United Kingdom,65.66666666666667,98.95851285597752,233
13527,34,7,2287.51,3,4,4,3.6000000000000005,Champions,153,United Kingdom,7.5874439461883405,6.7777333203172025,293
13529,79,2,307.76,2,2,2,2.0,Needs Attention,15,United Kingdom,4.933333333333334,12.54361560240716,125
13531,205,2,483.8,1,2,2,1.6,Needs Attention,17,United Kingdom,7.909090909090909,9.640744838390912,161
13532,34,1,210.31,3,1,1,1.8000000000000003,Needs Attention,66,United Kingdom,1.9545454545454546,3.843936080643719,0
13533,183,3,270.79,1,3,1,1.5999999999999999,Needs Attention,61,United Kingdom,2.6842105263157894,2.1821353576939826,84
13534,2,25,5870.08,4,4,4,4.0,Champions,119,United Kingdom,10.003378378378379,8.677351673521384,355
13536,1,7,3448.29,4,4,4,4.0,Champions,91,United Kingdom,11.932960893854748,16.026611569921972,74
13538,43,7,1280.85,3,4,3,3.3000000000000003,Loyal,10,United Kingdom,7.0,16.221633703175524,272
13539,86,3,631.34,2,3,2,2.3,Needs Attention,35,United Kingdom,8.64864864864865,5.50505679355811,223
13544,40,2,291.41,3,2,1,2.1,Needs Attention,76,United Kingdom,1.4597701149425288,2.602321373377908,200
13546,12,3,626.99,4,3,2,3.1,Loyal,72,United Kingdom,3.663265306122449,5.483524761905703,188
13548,96,2,682.41,2,2,3,2.3,Needs Attention,114,United Kingdom,3.556451612903226,6.958051746031058,147
13549,26,7,918.2,3,4,3,3.3000000000000003,Loyal,37,United Kingdom,8.980392156862745,6.730377724446488,216
13551,319,1,91.80000000000001,1,1,1,1.0,At Risk,4,United Kingdom,3.0,10.2,0
13552,66,12,3740.07,2,4,4,3.2,Loyal,82,United Kingdom,13.0,21.41185165949636,249
13555,74,4,4149.28,2,3,4,2.9,Loyal,128,United Kingdom,19.558823529411764,22.997588915964915,128
13557,28,2,584.06,3,2,2,2.4000000000000004,Needs Attention,31,United Kingdom,16.058823529411764,10.118071882015153,252
13558,6,4,605.06,4,3,2,3.1,Loyal,123,United Kingdom,1.9657142857142857,2.871058811572377,62
13560,7,1,174.37,4,1,1,2.2,Needs Attention,32,United Kingdom,1.9393939393939394,2.835004342362128,0
13561,216,1,141.85999999999999,1,1,1,1.0,At Risk,14,United Kingdom,5.928571428571429,20.793141409376545,0
13562,82,3,1799.33,2,3,4,2.9,Loyal,50,United Kingdom,9.231707317073171,9.020184182651102,163
13563,84,2,777.53,2,2,3,2.3,Needs Attention,49,United Kingdom,4.26530612244898,28.898367959943677,55
13564,144,3,1749.02,1,3,4,2.5,Needs Attention,68,United Kingdom,7.963855421686747,59.748055399387084,223
13565,19,2,240.22,3,2,1,2.1,Needs Attention,35,United Kingdom,4.526315789473684,5.714163307467655,315
13566,41,2,874.71,3,2,3,2.7,Loyal,134,United Kingdom,3.2670454545454546,5.221501863548357,41
13568,173,1,192.85,1,1,1,1.0,At Risk,41,United Kingdom,1.5909090909090908,2.775996430821255,0
13569,17,2,373.75,4,2,2,2.8000000000000003,Loyal,73,United Kingdom,1.9294117647058824,3.232635598573595,350
13570,243,1,239.49,1,1,1,1.0,At Risk,27,United Kingdom,5.962962962962963,10.635411821616717,0
13571,13,12,2092.32,4,4,4,4.0,Champions,157,United Kingdom,5.158357771260997,3.9081890220119933,240
13572,206,1,1384.25,1,1,3,1.5999999999999999,Needs Attention,32,United Kingdom,16.181818181818183,31.117735345463416,0
13573,50,2,294.4,3,2,1,2.1,Needs Attention,24,United Kingdom,11.653846153846153,9.347157330110912,202
13575,23,5,732.0699999999999,3,4,3,3.3000000000000003,Loyal,41,United Kingdom,9.76086956521739,5.52703444957269,152
13576,10,18,6717.34,4,4,4,4.0,Champions,78,United Kingdom,21.0,73.67862357985675,362
13577,25,4,1687.6000000000001,3,3,4,3.3,Loyal,61,United Kingdom,9.53012048192771,12.641355461763865,216
13579,15,2,467.04,4,2,2,2.8000000000000003,Loyal,19,United Kingdom,7.6521739130434785,10.410900641823119,354
13581,309,1,118.0,1,1,1,1.0,At Risk,10,United Kingdom,3.0,9.47874815925957,0
13583,156,1,781.03,1,1,3,1.5999999999999999,Needs Attention,53,United Kingdom,13.679245283018869,6.454497267659915,0
13584,307,1,142.4,1,1,1,1.0,At Risk,24,United Kingdom,1.5416666666666667,6.216102278456483,0
13587,64,1,712.4,2,1,3,2.0,Needs Attention,8,United Kingdom,22.5,101.35858551273719,0
13588,16,9,2478.95,4,4,4,4.0,Champions,131,United Kingdom,14.977011494252874,8.101884160184808,239
13589,15,2,379.65,4,2,2,2.8000000000000003,Loyal,21,United Kingdom,5.428571428571429,6.954307503780866,164
13590,11,6,1981.92,4,4,4,4.0,Champions,70,United Kingdom,21.24137931034483,18.43622456640815,291
13591,65,3,1117.13,2,3,3,2.5999999999999996,Loyal,56,United Kingdom,8.362068965517242,9.384474914412515,202
13592,36,4,247.95999999999998,3,3,1,2.4,Needs Attention,15,United Kingdom,5.25,5.559059272934585,228
13593,108,5,2037.0800000000002,2,4,4,3.2,Loyal,77,United Kingdom,5.7109375,9.603729749343493,227
13594,53,1,396.97,2,1,2,1.7000000000000002,Needs Attention,26,United Kingdom,13.807692307692308,7.991678681844395,0
13596,6,2,697.04,4,2,3,3.1,Loyal,133,United Kingdom,2.4457831325301207,4.863464811679346,7
13598,47,1,180.17000000000002,3,1,1,1.8000000000000003,Needs Attention,33,United Kingdom,1.45,4.315096271618203,0
13599,1,21,5153.67,4,4,4,4.0,Champions,171,United Kingdom,13.336032388663968,20.80677891157492,365
13600,312,1,219.52,1,1,1,1.0,At Risk,19,United Kingdom,17.05263157894737,9.925306158460868,0
13601,45,2,693.32,3,2,3,2.7,Loyal,90,United Kingdom,5.5353535353535355,6.472048193023759,166
13602,65,1,428.89,2,1,2,1.7000000000000002,Needs Attention,23,United Kingdom,11.608695652173912,6.7087176781688695,0
13603,26,1,164.34,3,1,1,1.8000000000000003,Needs Attention,27,United Kingdom,6.074074074074074,5.017181249696655,0
13606,29,3,280.53999999999996,3,3,1,2.4,Needs Attention,40,United Kingdom,6.488372093023256,7.525876703417268,282
13607,40,1,678.01,3,1,3,2.4000000000000004,Needs Attention,93,United Kingdom,2.9591836734693877,5.473723049700855,0
13610,12,7,1131.88,4,4,3,3.6999999999999997,Champions,165,United Kingdom,2.2831858407079646,4.518543207255065,273
13611,89,3,1171.8,2,3,3,2.5999999999999996,Loyal,67,United Kingdom,10.35135135135135,10.69422059296877,270
13614,24,4,1610.46,3,3,3,3.0,Loyal,171,United Kingdom,2.8358208955223883,7.416536352144886,306
13615,319,1,417.69,1,1,2,1.2999999999999998,At Risk,23,United Kingdom,8.217391304347826,6.564035952384,0
13617,40,3,544.18,3,3,2,2.7,Loyal,31,United Kingdom,6.818181818181818,10.271177071568669,140
13618,174,1,177.34,1,1,1,1.0,At Risk,13,United Kingdom,18.923076923076923,8.221295362404724,0
13621,117,1,213.85,2,1,1,1.4000000000000001,At Risk,19,United Kingdom,18.05263157894737,4.990491367948376,0
13623,31,5,747.78,3,4,3,3.3000000000000003,Loyal,75,United Kingdom,3.6296296296296298,15.36066731225495,266
13626,253,1,257.23,1,1,1,1.0,At Risk,19,United Kingdom,11.0,4.1218203410600776,0
13627,59,5,1638.47,2,4,3,2.9,Loyal,84,United Kingdom,13.793478260869565,20.73014364989644,298
13629,23,11,7792.36,3,4,4,3.6000000000000005,Champions,28,United Kingdom,74.10169491525424,101.78790950180723,315
13630,5,7,2031.78,4,4,4,4.0,Champions,51,United Kingdom,19.591549295774648,35.62749167000361,280
13631,100,11,3070.42,2,4,4,3.2,Loyal,6,United Kingdom,42.45454545454545,278.19120494561093,167
13632,25,5,2121.27,3,4,4,3.6000000000000005,Champions,121,United Kingdom,7.102739726027397,10.414370514896229,218
13634,33,5,1575.16,3,4,3,3.3000000000000003,Loyal,156,United Kingdom,3.74468085106383,7.668906029876322,293
13635,68,1,1071.03,2,1,3,2.0,Needs Attention,62,United Kingdom,10.919354838709678,7.497878108087916,0
13636,37,5,949.12,3,4,3,3.3000000000000003,Loyal,57,United Kingdom,9.396825396825397,5.519100799071561,248
13637,52,3,810.5,2,3,3,2.5999999999999996,Loyal,79,United Kingdom,4.0495049504950495,6.227736923483426,174
13638,16,1,122.64,4,1,1,2.2,Needs Attention,8,United Kingdom,11.625,5.044793638707421,0
13639,74,1,1033.34,2,1,3,2.0,Needs Attention,39,United Kingdom,20.0,38.97632217128754,0
13642,216,1,354.8,1,1,2,1.2999999999999998,At Risk,57,United Kingdom,2.621212121212121,5.458320130591338,0
13643,31,3,519.44,3,3,2,2.7,Loyal,24,United Kingdom,9.75,7.326884899330844,154
13644,16,4,2624.26,4,3,4,3.7,Champions,144,United Kingdom,14.157534246575343,7.968597416722522,89
13645,120,1,252.1,2,1,1,1.4000000000000001,At Risk,5,United Kingdom,31.6,27.270350199438216,0
13647,10,4,1678.1200000000001,4,3,4,3.7,Champions,65,United Kingdom,11.329113924050633,21.867062596854097,225
13649,257,2,346.6,1,2,2,1.6,Needs Attention,23,United Kingdom,6.043478260869565,16.55594331028228,109
13650,17,6,1836.34,4,4,4,4.0,Champions,79,United Kingdom,9.604166666666666,9.810299741025853,250
13651,35,2,94.2,3,2,1,2.1,Needs Attention,6,United Kingdom,5.5,1.5257784898208515,4
13652,46,3,1095.08,3,3,3,3.0,Loyal,48,United Kingdom,9.174603174603174,4.368632857839509,322
13654,43,6,2707.33,3,4,4,3.6000000000000005,Champions,157,United Kingdom,13.144578313253012,8.34172295195836,230
13655,114,2,932.97,2,2,3,2.3,Needs Attention,52,United Kingdom,10.803571428571429,6.546564259510182,127
13656,165,2,379.65,1,2,2,1.6,Needs Attention,49,United Kingdom,10.0,6.762295277120483,172
13657,11,2,382.14,4,2,2,2.8000000000000003,Loyal,16,United Kingdom,13.0625,17.675820348713664,190
13658,10,5,2639.17,4,4,4,4.0,Champions,91,United Kingdom,9.435185185185185,19.86782317745609,194
13659,206,2,1573.2,1,2,3,1.9,Needs Attention,92,United Kingdom,8.596153846153847,12.17453446624361,115
13662,86,3,897.76,2,3,3,2.5999999999999996,Loyal,50,United Kingdom,10.245283018867925,7.340771721215002,173
13663,179,1,189.47,1,1,1,1.0,At Risk,13,United Kingdom,7.0,4.133603382410668,0
13666,60,3,84.65,2,3,1,2.0,Needs Attention,12,United Kingdom,3.4166666666666665,5.9026749842505275,227
13667,149,1,305.02,1,1,1,1.0,At Risk,82,United Kingdom,1.7701149425287357,3.2056902386915254,0
13668,3,21,6363.59,4,4,4,4.0,Champions,284,United Kingdom,7.961702127659574,18.671035320192303,359
13669,51,2,218.55,3,2,1,2.1,Needs Attention,9,United Kingdom,26.333333333333332,11.622929923216434,98
13670,75,1,349.7,2,1,2,1.7000000000000002,Needs Attention,25,United Kingdom,11.28,7.292715543609252,0
13672,301,2,186.39000000000001,1,2,1,1.3,At Risk,4,United Kingdom,9.5,14.239376039700616,30
13673,19,2,396.92,3,2,2,2.4000000000000004,Needs Attention,47,United Kingdom,1.8307692307692307,7.901481947783835,13
13675,151,2,486.82000000000005,1,2,2,1.6,Needs Attention,25,United Kingdom,13.2,7.931443500397643,133
13678,152,1,232.6,1,1,1,1.0,At Risk,16,United Kingdom,57.75,4.252057541159731,0
13680,1,4,3722.42,4,3,4,3.7,Champions,164,United Kingdom,9.928205128205128,36.99036469786559,337
13681,18,4,827.83,4,3,3,3.4,Loyal,37,United Kingdom,6.315789473684211,8.479049882195639,137
13682,187,1,59.5,1,1,1,1.0,At Risk,3,United Kingdom,3.3333333333333335,4.907477288111819,0
13684,286,1,67.23,1,1,1,1.0,At Risk,29,United Kingdom,1.3,1.4998214836301755,0
13685,3,7,3119.44,4,4,4,4.0,Champions,29,United Kingdom,129.64102564102564,205.96804414628667,57
13686,183,1,72.0,1,1,1,1.0,At Risk,8,United Kingdom,8.75,0.9258200997725516,0
13689,63,1,910.0,2,1,3,2.0,Needs Attention,6,United Kingdom,85.33333333333333,66.95271963607352,0
13690,59,1,172.25,2,1,1,1.4000000000000001,At Risk,9,United Kingdom,7.444444444444445,11.474013513636415,0
13692,25,3,1488.32,3,3,3,3.0,Loyal,48,United Kingdom,23.132075471698112,31.701370353553777,211
13694,4,50,65039.62,4,4,4,4.0,Champions,366,United Kingdom,111.46478873239437,95.0682584568168,369
13695,31,15,2504.13,3,4,4,3.6000000000000005,Champions,46,United Kingdom,17.81111111111111,22.514349304537795,228
13697,39,1,151.29999999999998,3,1,1,1.8000000000000003,Needs Attention,12,United Kingdom,14.75,3.9591868617256,0
13699,155,1,308.58000000000004,1,1,2,1.2999999999999998,At Risk,14,United Kingdom,4.714285714285714,8.181575790615303,0
13700,26,10,2265.12,3,4,4,3.6000000000000005,Champions,139,United Kingdom,11.695431472081218,13.654171611001484,300
13703,318,1,99.5,1,1,1,1.0,At Risk,1,United Kingdom,10.0,0.0,0
13704,5,9,2308.06,4,4,4,4.0,Champions,111,United Kingdom,11.425373134328359,8.17567972826662,83
13705,8,3,711.86,4,3,3,3.4,Loyal,25,United Kingdom,12.964285714285714,29.773129348742152,366
13706,303,1,330.79,1,1,2,1.2999999999999998,At Risk,20,United Kingdom,9.45,8.738638021664714,0
13707,267,2,806.41,1,2,3,1.9,Needs Attention,48,United Kingdom,7.3125,9.247096264091551,48
13708,271,1,296.88,1,1,1,1.0,At Risk,49,United Kingdom,6.0,3.7070973265123888,0
13709,4,13,6328.05,4,4,4,4.0,Champions,244,United Kingdom,10.464285714285714,16.782652595373403,311
13710,32,1,180.48,3,1,1,1.8000000000000003,Needs Attention,8,United Kingdom,22.0,18.76807014966795,0
13711,219,2,252.06,1,2,1,1.3,At Risk,11,United Kingdom,10.76923076923077,7.015769691129716,0
13712,247,1,228.84,1,1,1,1.0,At Risk,10,United Kingdom,35.2,11.162193332853539,0
13715,281,5,1079.34,1,4,3,2.5,Needs Attention,89,United Kingdom,5.3619047619047615,7.01014207973148,91
13716,269,1,138.28,1,1,1,1.0,At Risk,21,United Kingdom,6.571428571428571,5.088206578989908,0
13717,32,6,1445.01,3,4,3,3.3000000000000003,Loyal,92,United Kingdom,19.205882352941178,6.8234898828760855,266
13718,246,2,306.55,1,2,1,1.3,At Risk,9,United Kingdom,14.416666666666666,27.903807644488346,49
13719,15,5,1041.68,4,4,3,3.6999999999999997,Champions,56,United Kingdom,10.15,6.774949738175351,219
13720,117,4,799.9,2,3,3,2.5999999999999996,Loyal,42,United Kingdom,11.651162790697674,10.435915283109326,138
13721,36,1,524.14,3,1,2,2.1,Needs Attention,28,United Kingdom,11.285714285714286,7.374808436217139,0
13722,132,3,2375.41,2,3,4,2.9,Loyal,75,United Kingdom,16.48235294117647,18.933036961127726,151
13723,217,1,199.85000000000002,1,1,1,1.0,At Risk,6,United Kingdom,7.166666666666667,12.370425080273783,0
13725,50,8,1980.56,3,4,4,3.6000000000000005,Champions,95,United Kingdom,7.75,15.755503665167037,258
13726,39,2,1079.6599999999999,3,2,3,2.7,Loyal,39,United Kingdom,25.095238095238095,38.76599301452058,61
13727,29,2,333.48,3,2,2,2.4000000000000004,Needs Attention,19,United Kingdom,8.1,8.885206155236505,4
13728,37,6,1016.14,3,4,3,3.3000000000000003,Loyal,38,United Kingdom,7.26984126984127,3.155128084710156,273
13730,136,2,752.6,2,2,3,2.3,Needs Attention,38,United Kingdom,11.348837209302326,8.672115092478139,25
13731,219,2,610.59,1,2,2,1.6,Needs Attention,36,United Kingdom,7.315789473684211,3.5273087936480407,27
13732,28,1,491.86,3,1,2,2.1,Needs Attention,33,United Kingdom,15.090909090909092,5.4922508598547966,0
13735,25,4,2885.2400000000002,3,3,4,3.3,Loyal,158,United Kingdom,5.76530612244898,12.191007641517645,209
13736,5,2,731.9,4,2,3,3.1,Loyal,166,United Kingdom,2.602094240837696,4.00207616069859,255
13737,200,1,339.59999999999997,1,1,2,1.2999999999999998,At Risk,29,United Kingdom,4.166666666666667,15.018624070317399,0
13739,18,1,216.9,4,1,1,2.2,Needs Attention,3,United Kingdom,18.0,26.83113862660323,0
13740,241,1,350.75,1,1,2,1.2999999999999998,At Risk,23,United Kingdom,18.47826086956522,7.079542229679698,0
13741,72,3,668.4300000000001,2,3,2,2.3,Needs Attention,34,United Kingdom,6.411764705882353,7.170288648639804,145
13742,17,12,3131.02,4,4,4,4.0,Champions,200,United Kingdom,3.501557632398754,9.769023088855503,303
13743,3,7,1341.6,4,4,3,3.6999999999999997,Champions,8,United Kingdom,43.31707317073171,15.07004698392016,256
13744,95,2,1156.36,2,2,3,2.3,Needs Attention,54,United Kingdom,17.34722222222222,10.951461525575748,197
13745,162,1,300.04,1,1,1,1.0,At Risk,25,United Kingdom,19.84,5.642762089615332,0
13747,374,1,79.6,1,1,1,1.0,At Risk,1,United Kingdom,8.0,0.0,0
13748,96,5,948.25,2,4,3,2.9,Loyal,24,United Kingdom,15.678571428571429,42.95311926234322,278
13750,54,5,1647.26,2,4,3,2.9,Loyal,20,United Kingdom,21.5,101.66178029716185,283
13751,288,1,296.25,1,1,1,1.0,At Risk,9,United Kingdom,16.88888888888889,51.73385013702344,0
13752,124,6,1186.28,2,4,3,2.9,Loyal,64,United Kingdom,11.526315789473685,13.40377972354041,122
13753,288,1,741.26,1,1,3,1.5999999999999999,Needs Attention,35,United Kingdom,14.628571428571428,13.719620937017982,0
13754,152,2,282.59999999999997,1,2,1,1.3,At Risk,11,United Kingdom,17.833333333333332,12.96705615992101,165
13755,4,9,2161.35,4,4,4,4.0,Champions,232,United Kingdom,3.695906432748538,7.444967139462131,59
13756,2,14,5189.52,4,4,4,4.0,Champions,66,United Kingdom,22.450704225352112,40.052375535483066,365
13758,12,7,3190.55,4,4,4,4.0,Champions,104,United Kingdom,15.760683760683762,22.17251330891098,361
13759,33,2,659.4100000000001,3,2,2,2.4000000000000004,Needs Attention,24,United Kingdom,11.48,32.043692681503906,37
13760,54,2,286.79,2,2,1,1.7,Needs Attention,50,United Kingdom,3.456140350877193,4.071124554449865,202
13761,50,2,1070.65,3,2,3,2.7,Loyal,68,United Kingdom,9.17142857142857,4.903987360198383,129
13762,219,1,306.72,1,1,1,1.0,At Risk,7,United Kingdom,38.857142857142854,31.653278773973117,0
13763,63,1,1714.96,2,1,4,2.3,Needs Attention,15,United Kingdom,48.53333333333333,50.598076680932486,0
13764,71,3,1521.76,2,3,3,2.5999999999999996,Loyal,183,United Kingdom,4.480769230769231,4.289847875796188,266
13767,2,37,17220.36,4,4,4,4.0,Champions,55,United Kingdom,19.89673913043478,56.0794373203498,371
13769,2,10,2796.51,4,4,4,4.0,Champions,73,United Kingdom,8.614814814814816,20.316982634807875,365
13771,64,4,2634.45,2,3,4,2.9,Loyal,114,United Kingdom,12.411764705882353,15.684591955977801,182
13772,34,3,1132.13,3,3,3,3.0,Loyal,141,United Kingdom,3.0847457627118646,8.18269042074967,205
13774,82,1,345.0,2,1,2,1.7000000000000002,Needs Attention,22,United Kingdom,8.727272727272727,3.2637819668710604,0
13777,1,33,25977.16,4,4,4,4.0,Champions,36,United Kingdom,65.46700507614213,190.53384566522857,372
13778,103,1,178.7,2,1,1,1.4000000000000001,At Risk,9,United Kingdom,7.777777777777778,8.121708735098656,0
13780,7,2,360.01,4,2,2,2.8000000000000003,Loyal,56,United Kingdom,5.578947368421052,11.172808647344475,163
13781,251,1,127.84,1,1,1,1.0,At Risk,17,United Kingdom,1.7647058823529411,5.87496382967589,0
13782,13,6,912.0,4,4,3,3.6999999999999997,Champions,96,United Kingdom,3.226086956521739,5.480680485234994,315
13784,10,11,2462.79,4,4,4,4.0,Champions,9,United Kingdom,80.41935483870968,58.097946657403064,322
13786,367,1,230.39999999999998,1,1,1,1.0,At Risk,7,United Kingdom,19.428571428571427,23.424163348376577,0
13787,76,2,309.04,2,2,2,2.0,Needs Attention,24,United Kingdom,10.870967741935484,7.124926364456319,288
13790,4,1,348.8,4,1,2,2.5,Needs Attention,45,United Kingdom,16.622222222222224,5.781913108298947,0
13791,128,2,1516.0,2,2,3,2.3,Needs Attention,7,United Kingdom,109.0909090909091,66.39701526698046,40
13792,66,2,195.55,2,2,1,1.7,Needs Attention,13,United Kingdom,7.076923076923077,4.2360479888809754,221
13798,1,57,37153.85,4,4,4,4.0,Champions,113,United Kingdom,68.6189111747851,69.2264907797415,370
13799,117,2,688.86,2,2,3,2.3,Needs Attention,32,United Kingdom,10.307692307692308,8.729158081379703,177
13800,310,1,558.32,1,1,2,1.2999999999999998,At Risk,33,United Kingdom,10.030303030303031,9.705873143867505,0
13801,67,1,324.8,2,1,2,1.7000000000000002,Needs Attention,23,United Kingdom,7.304347826086956,3.844796545242452,0
13802,139,3,4599.42,2,3,4,2.9,Loyal,55,United Kingdom,42.86666666666667,69.70732323709865,172
13803,255,1,277.07,1,1,1,1.0,At Risk,17,United Kingdom,7.117647058823529,3.4787825372070142,0
13804,31,7,2635.79,3,4,4,3.6000000000000005,Champions,124,United Kingdom,10.934306569343066,8.88936883258506,259
13805,52,2,924.6,2,2,3,2.3,Needs Attention,10,United Kingdom,146.15384615384616,53.34235955670618,76
13806,64,1,256.38,2,1,1,1.4000000000000001,At Risk,10,United Kingdom,5.6,16.587026255480517,0
13807,367,1,112.6,1,1,1,1.0,At Risk,7,United Kingdom,5.142857142857143,2.798468969173781,0
13808,6,5,1747.66,4,4,4,4.0,Champions,70,United Kingdom,10.289473684210526,18.028870949654564,91
13809,305,1,155.05,1,1,1,1.0,At Risk,11,Cyprus,2.4166666666666665,9.421914935967425,0
13810,29,3,1499.01,3,3,3,3.0,Loyal,32,Germany,8.914285714285715,98.90555042330949,27
13811,184,3,814.5,1,3,3,2.1999999999999997,Needs Attention,7,Germany,5.230769230769231,50.200176217894814,55
13812,42,3,539.0,3,3,2,2.7,Loyal,33,Germany,9.25,4.938802695339435,63
13813,40,4,1366.8600000000001,3,3,3,3.0,Loyal,54,Germany,8.0,10.830544013654785,95
13814,92,2,1579.12,2,2,3,2.3,Needs Attention,37,Germany,15.157894736842104,20.273859026763816,44
13815,22,4,4027.36,3,3,4,3.3,Loyal,132,Germany,14.545454545454545,19.22190448285632,296
13816,24,2,571.6700000000001,3,2,2,2.4000000000000004,Needs Attention,25,Germany,9.607142857142858,11.151065404529051,40
13817,29,2,382.98,3,2,2,2.4000000000000004,Needs Attention,20,Germany,8.791666666666666,5.543548737829916,322
13819,302,3,1140.35,1,3,3,2.1999999999999997,Needs Attention,26,United Kingdom,30.805555555555557,14.966956395010934,18
13821,145,2,385.64,1,2,2,1.6,Needs Attention,51,United Kingdom,2.593220338983051,4.673811447034564,116
13822,6,2,632.0,4,2,2,2.8000000000000003,Loyal,90,United Kingdom,6.364583333333333,12.997027325440445,34
13823,19,2,957.66,3,2,3,2.7,Loyal,39,United Kingdom,10.975,20.13848943358629,72
13824,33,5,1698.94,3,4,4,3.6000000000000005,Champions,34,United Kingdom,16.695652173913043,36.30657652194657,277
13826,176,1,189.5,1,1,1,1.0,At Risk,10,United Kingdom,8.2,5.509032986327496,0
13827,58,3,412.05,2,3,2,2.3,Needs Attention,83,United Kingdom,1.5161290322580645,4.136674994971837,85
13828,22,1,209.49,3,1,1,1.8000000000000003,Needs Attention,15,United Kingdom,20.733333333333334,2.899166875402065,0
13831,16,6,2202.99,4,4,4,4.0,Champions,58,United Kingdom,10.067567567567568,51.50053819357681,353
13832,19,1,52.199999999999996,3,1,1,1.8000000000000003,Needs Attention,3,United Kingdom,9.333333333333334,2.3999999999999986,0
13833,159,1,384.8,1,1,2,1.2999999999999998,At Risk,28,United Kingdom,4.068965517241379,7.284295899314393,0
13835,25,4,834.57,3,3,3,3.0,Loyal,48,United Kingdom,8.036363636363637,5.442924935349729,190
13837,212,2,271.24,1,2,1,1.3,At Risk,17,United Kingdom,9.631578947368421,13.361620542014053,105
13838,6,4,691.73,4,3,3,3.4,Loyal,144,United Kingdom,1.5114942528735633,3.531010362552499,364
13841,253,1,85.0,1,1,1,1.0,At Risk,1,United Kingdom,100.0,0.0,0
13842,59,9,3385.62,2,4,4,3.2,Loyal,155,United Kingdom,8.58252427184466,6.552347093725759,308
13844,11,1,361.62,4,1,2,2.5,Needs Attention,20,United Kingdom,9.8,6.022220171122414,0
13845,65,1,312.98,2,1,2,1.7000000000000002,Needs Attention,9,United Kingdom,20.22222222222222,27.188015333557868,0
13846,25,3,865.0600000000001,3,3,3,3.0,Loyal,55,United Kingdom,7.054545454545455,5.057497098600938,335
13848,92,3,1255.0,2,3,3,2.5999999999999996,Loyal,3,United Kingdom,740.0,180.22208521710095,273
13849,52,2,1537.95,2,2,3,2.3,Needs Attention,97,United Kingdom,10.05940594059406,5.295018624860895,119
13850,129,1,1595.48,2,1,3,2.0,Needs Attention,93,United Kingdom,10.150537634408602,4.699059202290312,0
13851,96,3,2651.46,2,3,4,2.9,Loyal,77,United Kingdom,21.049382716049383,98.09964329417537,192
13853,57,1,1090.14,2,1,3,2.0,Needs Attention,23,United Kingdom,13.565217391304348,37.85093168270778,0
13854,9,25,8109.5199999999995,4,4,4,4.0,Champions,39,United Kingdom,20.87272727272727,65.01172041608767,356
13856,169,3,388.5,1,3,2,1.9,Needs Attention,10,United Kingdom,35.285714285714285,28.998322232634298,34
13858,57,1,216.17,2,1,1,1.4000000000000001,At Risk,11,United Kingdom,6.818181818181818,6.440111517950317,0
13859,326,1,201.16,1,1,1,1.0,At Risk,27,United Kingdom,4.607142857142857,4.38536744401739,0
13860,1,5,1245.9,4,4,3,3.6999999999999997,Champions,58,United Kingdom,7.776315789473684,5.10081367434166,85
13862,18,8,2209.36,4,4,4,4.0,Champions,97,United Kingdom,12.143884892086332,6.186421819651821,314
13863,248,1,305.78,1,1,1,1.0,At Risk,20,United Kingdom,11.2,5.343972403805205,0
13865,58,4,501.56,2,3,2,2.3,Needs Attention,26,United Kingdom,6.8,4.276587209553844,231
13866,74,1,145.67000000000002,2,1,1,1.4000000000000001,At Risk,7,United Kingdom,8.142857142857142,8.302045932579912,0
13867,31,3,1015.29,3,3,3,3.0,Loyal,51,United Kingdom,8.40983606557377,7.928748193977235,186
13868,7,2,3192.54,4,2,4,3.4000000000000004,Loyal,32,United Kingdom,59.515151515151516,464.7298439941895,31
13869,123,4,3104.95,2,3,4,2.9,Loyal,234,United Kingdom,5.605863192182411,5.9465273725484264,233
13870,2,8,2770.94,4,4,4,4.0,Champions,91,United Kingdom,11.521739130434783,32.0600582888247,285
13871,23,13,6403.25,3,4,4,3.6000000000000005,Champions,155,United Kingdom,8.351190476190476,9.385424621699437,286
13873,120,3,389.6,2,3,2,2.3,Needs Attention,21,United Kingdom,6.086956521739131,4.851814012252136,190
13874,358,1,540.45,1,1,2,1.2999999999999998,At Risk,18,United Kingdom,10.0,40.301033594977795,0
13875,54,5,1786.79,2,4,4,3.2,Loyal,79,United Kingdom,12.653846153846153,17.2990447721256,247
13876,64,1,122.7,2,1,1,1.4000000000000001,At Risk,7,United Kingdom,5.142857142857143,4.940551347678476,0
13877,86,1,117.24,2,1,1,1.4000000000000001,At Risk,3,United Kingdom,36.0,27.199617644371397,0
13878,55,1,1281.53,2,1,3,2.0,Needs Attention,35,United Kingdom,13.194444444444445,21.748775048519658,0
13880,21,13,3219.77,3,4,4,3.6000000000000005,Champions,125,United Kingdom,11.163636363636364,9.20710736542336,345
13881,4,20,17159.52,4,4,4,4.0,Champions,72,United Kingdom,56.842696629213485,95.14209100269788,308
13882,3,5,1191.13,4,4,3,3.6999999999999997,Champions,54,United Kingdom,14.661538461538461,9.956787277260437,61
13883,11,5,2674.48,4,4,4,4.0,Champions,108,United Kingdom,10.112676056338028,8.096234083389245,242
13884,7,5,787.6,4,4,3,3.6999999999999997,Champions,45,United Kingdom,5.084745762711864,10.541451396524824,276
13885,189,2,506.8,1,2,2,1.6,Needs Attention,28,United Kingdom,6.5,8.591845832812341,11
13886,71,1,243.56,2,1,1,1.4000000000000001,At Risk,16,United Kingdom,7.875,3.627758720385541,0
13887,204,1,349.55,1,1,2,1.2999999999999998,At Risk,19,United Kingdom,7.7368421052631575,7.294246470948688,0
13888,120,2,605.63,2,2,2,2.0,Needs Attention,38,United Kingdom,6.45,5.545889855998927,98
13889,93,1,416.90000000000003,2,1,2,1.7000000000000002,Needs Attention,15,United Kingdom,9.733333333333333,13.277328510696435,0
13890,1,10,1883.8100000000002,4,4,4,4.0,Champions,74,United Kingdom,7.554545454545455,5.814733199108452,357
13892,27,4,632.97,3,3,2,2.7,Loyal,26,United Kingdom,36.407407407407405,23.474914434185006,219
13893,298,1,821.1,1,1,3,1.5999999999999999,Needs Attention,21,United Kingdom,9.047619047619047,64.2484241051872,0
13894,24,3,564.62,3,3,2,2.7,Loyal,25,United Kingdom,13.11111111111111,13.649404900253131,286
13895,28,4,2593.07,3,3,4,3.3,Loyal,97,United Kingdom,11.567796610169491,18.66493763663769,136
13897,50,1,311.16,3,1,2,2.1,Needs Attention,17,United Kingdom,11.764705882352942,9.833140991804495,0
13898,326,1,155.93,1,1,1,1.0,At Risk,12,United Kingdom,11.083333333333334,5.782912852586148,0
13899,16,2,388.52,4,2,2,2.8000000000000003,Loyal,19,United Kingdom,8.210526315789474,9.456067577755974,258
13900,183,3,740.95,1,3,3,2.1999999999999997,Needs Attention,42,United Kingdom,10.0,14.372638784360099,79
13901,72,5,2867.2,2,4,4,3.2,Loyal,144,United Kingdom,11.671140939597315,9.54234591413848,246
13904,37,2,332.64,3,2,2,2.4000000000000004,Needs Attention,24,United Kingdom,12.76923076923077,4.275716620098275,257
13908,80,4,2369.55,2,3,4,2.9,Loyal,104,United Kingdom,12.114754098360656,14.31568137251816,196
13911,57,9,2580.91,2,4,4,3.2,Loyal,120,United Kingdom,18.4527027027027,13.897396027325403,251
13914,12,2,626.45,4,2,2,2.8000000000000003,Loyal,28,United Kingdom,11.515151515151516,11.130201218606366,24
13917,50,2,272.04,3,2,1,2.1,Needs Attention,16,United Kingdom,12.666666666666666,7.703667575749038,141
13918,50,2,1212.8400000000001,3,2,3,2.7,Loyal,30,United Kingdom,38.0,49.833115315711154,203
13919,59,2,384.81,2,2,2,2.0,Needs Attention,24,Denmark,16.928571428571427,5.256718490247911,62
13922,352,1,172.25,1,1,1,1.0,At Risk,7,United Kingdom,13.285714285714286,11.3943124910131,0
13923,54,1,351.13,2,1,2,1.7000000000000002,Needs Attention,20,United Kingdom,9.25,10.710563047266644,0
13924,2,6,1838.8500000000001,4,4,4,4.0,Champions,90,United Kingdom,13.461538461538462,7.299373851275851,70
13925,93,4,678.25,2,3,3,2.5999999999999996,Loyal,28,United Kingdom,8.073170731707316,6.2467627713841685,42
13926,23,1,223.85000000000002,3,1,1,1.8000000000000003,Needs Attention,11,United Kingdom,9.454545454545455,11.632991876555234,0
13927,75,1,348.99,2,1,2,1.7000000000000002,Needs Attention,21,United Kingdom,10.19047619047619,6.632943755011258,0
13928,11,4,464.57,4,3,2,3.1,Loyal,23,United Kingdom,4.777777777777778,6.32246492106225,122
13929,169,2,842.65,1,2,3,1.9,Needs Attention,8,United Kingdom,15.88888888888889,122.36689480592554,157
13930,58,2,337.34,2,2,2,2.0,Needs Attention,15,United Kingdom,16.11764705882353,8.034688031573216,78
13931,96,2,1237.53,2,2,3,2.3,Needs Attention,56,United Kingdom,12.5,31.769364995831353,185
13932,295,1,307.4,1,1,1,1.0,At Risk,16,United Kingdom,4.5,7.391763434165534,0
13933,109,2,608.7900000000001,2,2,2,2.0,Needs Attention,23,United Kingdom,8.91304347826087,13.93600011515091,39
13934,264,1,922.1,1,1,3,1.5999999999999999,Needs Attention,31,United Kingdom,12.580645161290322,20.27719718813356,0
13936,180,1,376.58,1,1,2,1.2999999999999998,At Risk,26,United Kingdom,12.692307692307692,6.715824939304523,0
13937,169,1,158.85,1,1,1,1.0,At Risk,9,United Kingdom,13.666666666666666,8.654623042050993,0
13938,35,1,71.66,3,1,1,1.8000000000000003,Needs Attention,7,United Kingdom,10.0,4.855820268110268,0
13939,23,3,568.55,3,3,2,2.7,Loyal,43,United Kingdom,18.822222222222223,7.673442855232927,288
13940,17,4,839.14,4,3,3,3.4,Loyal,39,United Kingdom,10.53061224489796,7.458768358460402,126
13941,22,5,5112.96,3,4,4,3.6000000000000005,Champions,24,United Kingdom,52.53333333333333,92.07564275687089,350
13946,79,3,561.5699999999999,2,3,2,2.3,Needs Attention,11,United Kingdom,40.27272727272727,53.59457823664289,188
13947,65,1,90.6,2,1,1,1.4000000000000001,At Risk,5,United Kingdom,8.8,2.738065010185111,0
13948,361,1,102.0,1,1,1,1.0,At Risk,3,United Kingdom,13.333333333333334,11.854113210189952,0
13949,3,6,2427.32,4,4,4,4.0,Champions,124,United Kingdom,15.4625,13.47303529042758,91
13950,11,4,745.06,4,3,3,3.4,Loyal,33,United Kingdom,9.228571428571428,14.560886233301861,235
13951,176,3,674.45,1,3,2,1.9,Needs Attention,38,United Kingdom,11.76923076923077,6.1649793985994155,118
13952,218,2,3251.071,1,2,4,2.2,Needs Attention,120,United Kingdom,10.445255474452555,12.398832818004248,20
13953,7,7,3515.68,4,4,4,4.0,Champions,8,United Kingdom,136.2,238.021829480982,345
13954,2,2,439.92,4,2,2,2.8000000000000003,Loyal,24,United Kingdom,6.0,6.392342893389454,69
13955,154,2,322.96,1,2,2,1.6,Needs Attention,33,United Kingdom,4.666666666666667,10.124780758943212,151
13956,5,5,1026.42,4,4,3,3.6999999999999997,Champions,123,United Kingdom,3.2302631578947367,6.583337807317516,266
13959,79,3,598.2,2,3,2,2.3,Needs Attention,79,United Kingdom,3.880434782608696,6.906184650801076,283
13960,21,2,230.22,3,2,1,2.1,Needs Attention,11,United Kingdom,11.833333333333334,16.867134530581275,50
13962,22,2,169.55,3,2,1,2.1,Needs Attention,11,United Kingdom,7.909090909090909,3.4133891449035576,223
13963,308,4,664.54,1,3,2,1.9,Needs Attention,35,United Kingdom,13.142857142857142,10.137954826651523,59
13967,146,1,80.7,1,1,1,1.0,At Risk,2,United Kingdom,21.0,6.5760930650348906,0
13969,7,18,9053.94,4,4,4,4.0,Champions,334,United Kingdom,7.255591054313099,20.202417848856815,357
13971,19,8,2758.26,3,4,4,3.6000000000000005,Champions,118,United Kingdom,12.375838926174497,8.003226127689642,266
13972,71,2,190.25,2,2,1,1.7,Needs Attention,15,United Kingdom,12.466666666666667,5.204066633298379,131
13973,287,1,264.7,1,1,1,1.0,At Risk,11,United Kingdom,9.909090909090908,16.977250821453556,0
13974,49,1,413.59000000000003,3,1,2,2.1,Needs Attention,28,United Kingdom,8.892857142857142,3.9572318601149714,0
13975,31,6,2526.28,3,4,4,3.6000000000000005,Champions,240,United Kingdom,5.124260355029586,7.237706703191486,245
13976,207,1,357.98,1,1,2,1.2999999999999998,At Risk,10,United Kingdom,15.4,23.703047061506677,0
13978,15,2,196.79000000000002,4,2,1,2.5,Needs Attention,14,United Kingdom,21.0,12.522410463226475,30
13979,73,1,869.87,2,1,3,2.0,Needs Attention,54,United Kingdom,11.833333333333334,5.458738552980656,0
13980,60,1,200.14,2,1,1,1.4000000000000001,At Risk,11,United Kingdom,15.636363636363637,14.371346745268074,0
13982,39,4,1871.81,3,3,4,3.3,Loyal,72,United Kingdom,10.234234234234235,15.368476826518622,326
13983,30,12,2603.43,3,4,4,3.6000000000000005,Champions,91,United Kingdom,11.05607476635514,48.453631254522605,337
13984,27,5,920.51,3,4,3,3.3000000000000003,Loyal,14,United Kingdom,42.4375,103.63103687079786,339
13985,4,15,7060.13,4,4,4,4.0,Champions,108,United Kingdom,9.87106017191977,8.335364616313743,260
13986,17,1,320.46,4,1,2,2.5,Needs Attention,12,United Kingdom,33.07692307692308,19.372728882606452,0
13988,20,6,4147.96,3,4,4,3.6000000000000005,Champions,188,United Kingdom,13.008547008547009,9.796037659013354,234
13989,66,2,1266.08,2,2,3,2.3,Needs Attention,33,United Kingdom,32.02439024390244,30.720945379333624,173
13990,213,1,311.3,1,1,2,1.2999999999999998,At Risk,16,United Kingdom,11.875,8.045782228389399,0
13991,12,6,855.97,4,4,3,3.6999999999999997,Champions,58,United Kingdom,11.880952380952381,8.271607482654305,131
13992,30,1,76.8,3,1,1,1.8000000000000003,Needs Attention,5,United Kingdom,12.8,6.262826837778608,0
13993,43,9,3466.36,3,4,4,3.6000000000000005,Champions,66,United Kingdom,7.43801652892562,28.617929782591233,287
13994,4,6,2313.14,4,4,4,4.0,Champions,122,United Kingdom,6.064516129032258,8.866989019804613,144
13995,15,5,1393.69,4,4,3,3.6999999999999997,Champions,55,United Kingdom,10.220930232558139,5.294419601739991,230
13999,10,12,3901.81,4,4,4,4.0,Champions,102,United Kingdom,10.783653846153847,11.627967067102462,351
14000,211,1,635.66,1,1,2,1.2999999999999998,At Risk,15,United Kingdom,47.333333333333336,20.225888455381234,0
14001,46,3,2043.0800000000002,3,3,4,3.3,Loyal,34,United Kingdom,24.666666666666668,52.83461750611567,327
14002,134,2,529.73,2,2,2,2.0,Needs Attention,47,United Kingdom,18.659574468085108,5.519688802580794,22
14004,43,7,4582.64,3,4,4,3.6000000000000005,Champions,102,United Kingdom,15.602339181286549,15.84486104301039,245
14005,10,5,2874.72,4,4,4,4.0,Champions,53,United Kingdom,29.5,38.59794864926313,206
14006,116,3,962.19,2,3,3,2.5999999999999996,Loyal,22,United Kingdom,21.366666666666667,34.454811700404704,196
14009,198,2,695.61,1,2,3,1.9,Needs Attention,42,United Kingdom,8.69047619047619,5.357162761867785,7
14012,278,1,328.8,1,1,2,1.2999999999999998,At Risk,11,United Kingdom,14.545454545454545,8.732062132790231,0
14013,110,3,473.02,2,3,2,2.3,Needs Attention,30,United Kingdom,13.588235294117647,6.90054721537776,165
14014,77,1,505.18,2,1,2,1.7000000000000002,Needs Attention,39,United Kingdom,27.58974358974359,6.811458354293939,0
14015,53,1,917.34,2,1,3,2.0,Needs Attention,20,United Kingdom,18.9,28.210187241677897,0
14016,162,4,4341.21,1,3,4,2.5,Needs Attention,154,EIRE,13.198757763975156,32.026286671632754,195
14019,47,3,1421.61,3,3,3,3.0,Loyal,37,United Kingdom,15.712121212121213,17.49083948654426,91
14020,17,2,642.8,4,2,2,2.8000000000000003,Loyal,37,United Kingdom,11.307692307692308,7.128543506468676,71
14021,155,3,631.9,1,3,2,1.9,Needs Attention,22,United Kingdom,8.727272727272727,19.17904813711795,101
14022,225,1,440.0,1,1,2,1.2999999999999998,At Risk,28,United Kingdom,17.392857142857142,7.593852986106802,0
14023,7,2,584.07,4,2,2,2.8000000000000003,Loyal,30,United Kingdom,11.129032258064516,7.943028538636345,242
14024,122,2,327.7,2,2,2,2.0,Needs Attention,16,United Kingdom,9.375,4.763257813723713,2
14027,61,1,104.82,2,1,1,1.4000000000000001,At Risk,6,United Kingdom,10.333333333333334,6.668849975820419,0
14029,63,2,467.66,2,2,2,2.0,Needs Attention,15,United Kingdom,13.2,19.70363978944959,80
14030,18,8,2360.09,4,4,4,4.0,Champions,210,United Kingdom,6.08641975308642,21.84694865974631,348
14031,7,19,17286.86,4,4,4,4.0,Champions,119,United Kingdom,23.152,136.46111889813199,365
14032,2,11,2975.59,4,4,4,4.0,Champions,53,United Kingdom,14.20979020979021,17.127258768934624,364
14034,22,3,651.8199999999999,3,3,2,2.7,Loyal,82,United Kingdom,4.752808988764045,13.118501032166364,135
14035,29,5,1428.02,3,4,3,3.3000000000000003,Loyal,41,United Kingdom,11.196969696969697,19.636406481003075,268
14036,285,1,626.65,1,1,2,1.2999999999999998,At Risk,38,United Kingdom,7.052631578947368,6.075939870162653,0
14037,176,2,147.20000000000002,1,2,1,1.3,At Risk,27,United Kingdom,1.6428571428571428,4.015979984772738,188
14038,78,3,1560.38,2,3,3,2.5999999999999996,Loyal,64,United Kingdom,10.48913043478261,4.663131477279065,128
14039,33,1,152.2,3,1,1,1.8000000000000003,Needs Attention,6,United Kingdom,15.333333333333334,21.669856175495642,0
14040,41,12,3614.92,3,4,4,3.6000000000000005,Champions,146,United Kingdom,6.6127659574468085,18.020600766456067,290
14041,266,1,141.41,1,1,1,1.0,At Risk,21,United Kingdom,4.476190476190476,10.859188034190437,0
14044,27,4,652.82,3,3,2,2.7,Loyal,165,United Kingdom,1.4736842105263157,3.99059518159711,283
14045,109,4,1659.75,2,3,3,2.5999999999999996,Loyal,4,United Kingdom,89.16666666666667,93.4774397916417,264
14046,284,1,154.99,1,1,1,1.0,At Risk,14,United Kingdom,32.857142857142854,10.525707331821689,0
14047,9,5,1308.6100000000001,4,4,3,3.6999999999999997,Champions,22,United Kingdom,11.90625,43.91601455706805,364
14048,305,1,409.93,1,1,2,1.2999999999999998,At Risk,83,United Kingdom,3.388235294117647,3.3477470705206014,0
14049,17,4,5681.72,4,3,4,3.7,Champions,348,United Kingdom,7.930327868852459,12.248171030845164,301
14050,32,2,746.36,3,2,3,2.7,Loyal,49,United Kingdom,12.75925925925926,5.103282483208644,74
14051,1,23,15610.390000000001,4,4,4,4.0,Champions,52,United Kingdom,17.885714285714286,58.81854207704242,365
14052,20,1,225.36,3,1,1,1.8000000000000003,Needs Attention,56,United Kingdom,1.5892857142857142,4.231329409467971,0
14053,124,2,260.25,2,2,1,1.7,Needs Attention,2,United Kingdom,53.75,51.54786408442804,35
14054,65,1,92.46,2,1,1,1.4000000000000001,At Risk,6,United Kingdom,10.333333333333334,2.669943819633665,0
14055,106,1,725.6400000000001,2,1,3,2.0,Needs Attention,10,United Kingdom,21.6,122.06386982049833,0
14056,1,23,8214.65,4,4,4,4.0,Champions,320,United Kingdom,3.863471971066908,7.590218815241343,282
14057,24,17,6217.96,3,4,4,3.6000000000000005,Champions,179,United Kingdom,17.169014084507044,28.87256659041488,336
14059,267,1,183.6,1,1,1,1.0,At Risk,8,United Kingdom,16.0,11.947384651043926,0
14060,5,19,6140.42,4,4,4,4.0,Champions,86,United Kingdom,26.663366336633665,32.201052398143794,368
14062,10,12,10464.85,4,4,4,4.0,Champions,60,United Kingdom,50.387387387387385,93.16113061998958,354
14064,29,5,1353.74,3,4,3,3.3000000000000003,Loyal,59,United Kingdom,22.35,36.8608985575278,245
14066,267,1,152.55,1,1,1,1.0,At Risk,7,United Kingdom,6.428571428571429,10.437210218389641,0
14067,64,2,374.7,2,2,2,2.0,Needs Attention,51,United Kingdom,6.9423076923076925,5.988123980717706,32
14068,320,1,265.85,1,1,1,1.0,At Risk,22,United Kingdom,3.0416666666666665,8.504525383156523,0
14071,4,8,1438.82,4,4,3,3.6999999999999997,Champions,271,United Kingdom,3.0709876543209877,5.943955951817406,261
14073,32,1,151.04,3,1,1,1.8000000000000003,Needs Attention,13,United Kingdom,10.0,3.1488353565348737,0
14075,5,3,942.26,4,3,3,3.4,Loyal,33,United Kingdom,17.53488372093023,14.625662953616144,256
14076,129,1,122.47,2,1,1,1.4000000000000001,At Risk,43,United Kingdom,1.7608695652173914,2.771064123547413,0
14077,41,5,499.41999999999996,3,4,2,3.0000000000000004,Loyal,33,United Kingdom,6.380952380952381,15.601999529379249,233
14078,102,6,1049.37,2,4,3,2.9,Loyal,46,United Kingdom,4.769230769230769,32.05769383530983,271
14079,125,1,375.1,2,1,2,1.7000000000000002,Needs Attention,12,United Kingdom,25.083333333333332,44.73882203377394,0
14080,33,1,45.599999999999994,3,1,1,1.8000000000000003,Needs Attention,4,United Kingdom,12.0,2.4000000000000004,0
14081,302,2,934.52,1,2,3,1.9,Needs Attention,126,United Kingdom,3.895424836601307,4.334130058931442,67
14082,365,1,182.25,1,1,1,1.0,At Risk,28,United Kingdom,3.793103448275862,5.241457394252439,0
14083,4,9,1018.43,4,4,3,3.6999999999999997,Champions,162,United Kingdom,4.044198895027624,5.003618030457629,367
14085,2,18,4448.54,4,4,4,4.0,Champions,272,United Kingdom,7.075555555555556,8.071459612374305,366
14087,3,1,194.42,4,1,1,2.2,Needs Attention,61,United Kingdom,3.63768115942029,2.2667715737219596,0
14088,10,13,50491.81,4,4,4,4.0,Champions,379,United Kingdom,21.502546689303905,67.01748620234747,312
14089,57,1,161.0,2,1,1,1.4000000000000001,At Risk,13,United Kingdom,9.571428571428571,11.615424095704682,0
14090,325,1,76.32000000000001,1,1,1,1.0,At Risk,1,United Kingdom,72.0,0.0,0
14092,8,14,4076.91,4,4,4,4.0,Champions,117,United Kingdom,9.654205607476635,10.454512760558567,350
14093,12,1,442.85,4,1,2,2.5,Needs Attention,95,United Kingdom,3.8666666666666667,4.3648534039639,0
14096,4,17,65164.79,4,4,4,4.0,Champions,1119,United Kingdom,3.1993738994325964,52.55883555133662,97
14098,37,1,147.35,3,1,1,1.8000000000000003,Needs Attention,21,United Kingdom,4.9523809523809526,13.099159260553071,0
14099,16,11,3104.17,4,4,4,4.0,Champions,167,United Kingdom,8.716,12.254922745722002,338
14100,138,1,194.9,2,1,1,1.4000000000000001,At Risk,24,United Kingdom,2.4615384615384617,5.324996208015985,0
14101,74,6,5976.79,2,4,4,3.2,Loyal,15,United Kingdom,198.34285714285716,142.33508023928144,252
14102,5,5,1360.28,4,4,3,3.6999999999999997,Champions,35,United Kingdom,12.164556962025317,17.05691215382503,39
14104,155,2,216.20999999999998,1,2,1,1.3,At Risk,21,United Kingdom,3.4285714285714284,18.6870349631579,11
14105,239,1,1266.23,1,1,3,1.5999999999999999,Needs Attention,74,United Kingdom,10.81081081081081,9.398281678081123,0
14107,52,7,2703.23,2,4,4,3.2,Loyal,61,United Kingdom,14.577235772357724,12.753816503273582,312
14108,31,2,597.91,3,2,2,2.4000000000000004,Needs Attention,33,United Kingdom,11.205882352941176,9.839382892442993,70
14109,73,1,144.2,2,1,1,1.4000000000000001,At Risk,9,United Kingdom,9.777777777777779,5.205952789302305,0
14110,4,12,5683.15,4,4,4,4.0,Champions,94,United Kingdom,15.774193548387096,52.860943751292744,263
14111,14,4,692.85,4,3,3,3.4,Loyal,10,United Kingdom,45.8,49.02267077587675,227
14112,23,7,2915.15,3,4,4,3.6000000000000005,Champions,117,United Kingdom,10.31875,9.182163761786784,253
14113,4,4,1840.42,4,3,4,3.7,Champions,26,United Kingdom,21.91176470588235,89.98942769553376,351
14114,274,2,386.53,1,2,2,1.6,Needs Attention,15,United Kingdom,6.733333333333333,19.19438938360696,56
14116,20,5,1382.74,3,4,3,3.3000000000000003,Loyal,61,United Kingdom,9.819444444444445,11.228595157789215,101
14117,144,1,90.0,1,1,1,1.0,At Risk,3,United Kingdom,24.0,0.0,0
14121,4,4,2780.15,4,3,4,3.7,Champions,148,United Kingdom,13.09433962264151,10.335464374842722,56
14124,84,1,419.58000000000004,2,1,2,1.7000000000000002,Needs Attention,4,United Kingdom,323.6,58.55069666536855,0
14125,11,3,2740.43,4,3,4,3.7,Champions,159,United Kingdom,9.820359281437126,6.198238765787085,67
14126,8,3,706.1300000000001,4,3,3,3.4,Loyal,14,United Kingdom,33.86666666666667,73.92010444359764,2
14127,123,3,709.71,2,3,3,2.5999999999999996,Loyal,39,United Kingdom,7.295454545454546,5.029535781730162,187
14128,61,2,637.5,2,2,2,2.0,Needs Attention,40,United Kingdom,12.26086956521739,5.933868743144694,195
14129,2,5,1123.8600000000001,4,4,3,3.6999999999999997,Champions,31,United Kingdom,11.384615384615385,7.647859399444081,259
14130,319,1,483.86,1,1,2,1.2999999999999998,At Risk,66,United Kingdom,3.8507462686567164,6.089224691996147,0
14132,2,11,3586.0299999999997,4,4,4,4.0,Champions,100,United Kingdom,16.84,11.810392471427264,181
14133,130,3,605.64,2,3,2,2.3,Needs Attention,25,United Kingdom,12.428571428571429,8.121358671224085,186
14135,2,15,4690.31,4,4,4,4.0,Champions,95,United Kingdom,28.73134328358209,34.41482256094053,371
14138,2,2,982.3800000000001,4,2,3,3.1,Loyal,40,United Kingdom,12.97872340425532,14.296292818214303,62
14139,46,1,415.82,3,1,2,2.1,Needs Attention,26,United Kingdom,19.615384615384617,10.67905754988923,0
14140,4,2,935.05,4,2,3,3.1,Loyal,60,United Kingdom,12.287878787878787,4.359562543546723,27
14141,3,4,915.13,4,3,3,3.4,Loyal,27,United Kingdom,8.875,11.826125335405422,102
14142,373,1,311.81,1,1,2,1.2999999999999998,At Risk,22,United Kingdom,14.227272727272727,5.9971353370657114,0
14143,134,1,115.8,2,1,1,1.4000000000000001,At Risk,7,United Kingdom,4.285714285714286,1.7501020378415473,0
14145,47,4,3742.2,3,3,4,3.3,Loyal,6,United Kingdom,68.72727272727273,127.6503348996782,170
14146,9,5,4191.0,4,4,4,4.0,Champions,183,United Kingdom,11.604761904761904,20.136250593641424,348
14147,78,2,483.4,2,2,2,2.0,Needs Attention,4,United Kingdom,21.6,74.91776825293184,207
14148,234,1,157.2,1,1,1,1.0,At Risk,3,United Kingdom,5.333333333333333,65.03850782421134,0
14149,221,1,446.62,1,1,2,1.2999999999999998,At Risk,28,United Kingdom,7.785714285714286,3.7069403661654547,0
14150,36,2,658.64,3,2,2,2.4000000000000004,Needs Attention,23,United Kingdom,19.076923076923077,28.463392954135642,324
14152,75,2,621.29,2,2,2,2.0,Needs Attention,47,United Kingdom,14.510204081632653,6.878533155211723,158
14154,239,2,1345.62,1,2,3,1.9,Needs Attention,52,United Kingdom,8.942307692307692,30.123255046062603,0
14155,266,1,118.75,1,1,1,1.0,At Risk,6,United Kingdom,4.166666666666667,4.756092583904004,0
14156,10,55,117379.63,4,4,4,4.0,Champions,714,EIRE,41.34642857142857,159.76563327096713,361
14157,20,2,432.88,3,2,2,2.4000000000000004,Needs Attention,45,United Kingdom,5.916666666666667,7.0977941833715885,265
14158,40,1,507.66,3,1,2,2.1,Needs Attention,41,United Kingdom,19.048780487804876,6.019237169073918,0
14159,20,11,4693.01,3,4,4,3.6000000000000005,Champions,501,United Kingdom,3.661129568106312,3.563567207956973,343
14161,216,3,1110.52,1,3,3,2.1999999999999997,Needs Attention,87,United Kingdom,4.212962962962963,7.837699258343847,153
14162,174,2,289.36,1,2,1,1.3,At Risk,25,United Kingdom,5.68,8.98245608580044,118
14163,87,4,2445.91,2,3,4,2.9,Loyal,36,United Kingdom,17.173076923076923,47.88965690127851,151
14164,71,2,1631.77,2,2,3,2.3,Needs Attention,28,United Kingdom,35.62068965517241,68.73940206000124,10
14165,276,1,122.53999999999999,1,1,1,1.0,At Risk,23,United Kingdom,2.16,3.773696993665496,0
14167,39,4,574.84,3,3,2,2.7,Loyal,27,United Kingdom,2.8846153846153846,6.983820085485116,291
14171,98,1,363.79,2,1,2,1.7000000000000002,Needs Attention,57,United Kingdom,2.8793103448275863,5.269878670697433,0
14173,11,4,450.84,4,3,2,3.1,Loyal,28,United Kingdom,5.172413793103448,24.96412961113163,208
14174,33,1,134.46,3,1,1,1.8000000000000003,Needs Attention,26,United Kingdom,3.6153846153846154,2.4833875127457525,0
14175,60,3,3222.3,2,3,4,2.9,Loyal,139,United Kingdom,10.167785234899329,11.899620684240514,269
14176,297,4,576.9000000000001,1,3,2,1.9,Needs Attention,28,United Kingdom,6.741935483870968,8.464715188699882,70
14177,86,4,559.41,2,3,2,2.3,Needs Attention,37,United Kingdom,4.880952380952381,22.666036092803672,93
14178,9,7,1620.93,4,4,3,3.6999999999999997,Champions,191,United Kingdom,4.602446483180428,6.089990858675353,173
14179,41,2,719.78,3,2,3,2.7,Loyal,135,United Kingdom,2.0,4.0845695095498655,11
14180,11,25,4748.52,4,4,4,4.0,Champions,112,United Kingdom,2.995833333333333,13.408814614737016,361
14184,67,1,452.89,2,1,2,1.7000000000000002,Needs Attention,24,United Kingdom,5.291666666666667,6.429460373033322,0
14185,331,1,197.65,1,1,1,1.0,At Risk,3,United Kingdom,2.0,85.9119656004525,0
14188,31,6,2054.36,3,4,4,3.6000000000000005,Champions,34,United Kingdom,17.876923076923077,13.93380982883554,279
14189,2,15,4654.08,4,4,4,4.0,Champions,176,United Kingdom,14.856603773584906,10.834661734713292,366
14191,2,13,4684.76,4,4,4,4.0,Champions,145,United Kingdom,14.13899613899614,10.883118271088726,218
14193,68,2,853.39,2,2,3,2.3,Needs Attention,35,United Kingdom,10.595238095238095,10.693175896024607,201
14194,5,21,11349.52,4,4,4,4.0,Champions,269,United Kingdom,10.08635578583765,11.603425743516643,303
14195,202,2,1012.0,1,2,3,1.9,Needs Attention,7,United Kingdom,108.57142857142857,128.11772859738178,50
14196,107,1,335.52,2,1,2,1.7000000000000002,Needs Attention,6,United Kingdom,23.666666666666668,57.818723610954954,0
14198,18,4,701.4,4,3,3,3.4,Loyal,35,United Kingdom,7.435897435897436,7.10125224173946,221
14199,218,1,185.39999999999998,1,1,1,1.0,At Risk,2,United Kingdom,14.0,116.67261889578033,0
14201,60,7,747.44,2,4,3,2.9,Loyal,32,United Kingdom,15.945945945945946,13.417043842272614,299
14204,2,1,161.03,4,1,1,2.2,Needs Attention,36,United Kingdom,1.8636363636363635,3.4103818845268146,0
14205,17,2,466.7,4,2,2,2.8000000000000003,Loyal,23,United Kingdom,8.5,6.099891600367328,247
14206,239,1,328.15999999999997,1,1,2,1.2999999999999998,At Risk,20,United Kingdom,13.8,7.082534188150157,0
14208,95,1,151.74,2,1,1,1.4000000000000001,At Risk,10,United Kingdom,11.4,3.6927562726084275,0
14209,11,6,2073.43,4,4,4,4.0,Champions,55,United Kingdom,7.942528735632184,16.255604630503118,321
14210,106,6,1905.8400000000001,2,4,4,3.2,Loyal,66,United Kingdom,7.450980392156863,7.437860693426339,265
14211,53,9,2241.1,2,4,4,3.2,Loyal,87,United Kingdom,11.089285714285714,15.128291316801883,241
14212,90,1,1070.48,2,1,3,2.0,Needs Attention,9,United Kingdom,128.0,62.27008948479555,0
14214,31,5,1004.38,3,4,3,3.3000000000000003,Loyal,64,United Kingdom,11.208955223880597,5.7531222915310645,246
14215,12,6,1789.72,4,4,4,4.0,Champions,98,United Kingdom,12.574074074074074,6.045731299320134,356
14216,3,4,1839.3,4,3,4,3.7,Champions,47,United Kingdom,10.067796610169491,39.74210649546233,34
14217,2,17,2004.98,4,4,4,4.0,Champions,78,United Kingdom,6.89,14.044526377621894,364
14218,43,1,169.48000000000002,3,1,1,1.8000000000000003,Needs Attention,12,United Kingdom,13.333333333333334,5.016248749329675,0
14219,4,1,89.94,4,1,1,2.2,Needs Attention,7,United Kingdom,11.142857142857142,8.648359051618653,0
14220,247,2,632.4,1,2,2,1.6,Needs Attention,21,United Kingdom,12.952380952380953,25.113452086765886,110
14221,42,9,3432.8,3,4,4,3.6000000000000005,Champions,123,United Kingdom,11.352331606217616,12.815992933248255,296
14222,177,1,683.17,1,1,3,1.5999999999999999,Needs Attention,41,United Kingdom,14.804878048780488,7.721414709879999,0
14223,92,3,991.13,2,3,3,2.5999999999999996,Loyal,50,United Kingdom,9.75,5.602503100284781,171
14224,110,4,1050.12,2,3,3,2.5999999999999996,Loyal,105,United Kingdom,4.3559322033898304,10.343802862395027,209
14226,29,5,2232.19,3,4,4,3.6000000000000005,Champions,64,United Kingdom,19.52238805970149,34.715155228412726,240
14227,26,10,3350.96,3,4,4,3.6000000000000005,Champions,117,United Kingdom,10.4,8.532137764025036,258
14229,52,3,1547.2,2,3,3,2.5999999999999996,Loyal,29,United Kingdom,15.25,37.2223824310878,281
14231,184,3,925.71,1,3,3,2.1999999999999997,Needs Attention,47,United Kingdom,8.18,9.94204308859654,104
14232,43,5,2048.07,3,4,4,3.6000000000000005,Champions,81,United Kingdom,16.878260869565217,9.145062393362316,221
14233,49,4,1462.72,3,3,3,3.0,Loyal,30,United Kingdom,19.428571428571427,47.72208637764379,268
14234,22,4,775.46,3,3,3,3.0,Loyal,122,United Kingdom,6.056603773584905,6.092592965680389,35
14235,75,5,3144.86,2,4,4,3.2,Loyal,65,United Kingdom,24.79746835443038,37.08443109053537,185
14236,81,2,490.86,2,2,2,2.0,Needs Attention,15,United Kingdom,20.666666666666668,49.9989646749953,291
14237,373,1,161.0,1,1,1,1.0,At Risk,9,United Kingdom,4.222222222222222,6.67845312262586,0
14238,326,1,146.85,1,1,1,1.0,At Risk,8,United Kingdom,13.875,8.843780603177743,0
14239,43,11,2380.85,3,4,4,3.6000000000000005,Champions,83,United Kingdom,8.866071428571429,10.671595559885036,272
14240,30,2,890.34,3,2,3,2.7,Loyal,37,United Kingdom,9.952380952380953,13.393289650623748,195
14241,184,1,213.70000000000002,1,1,1,1.0,At Risk,10,United Kingdom,14.6,16.26270785160536,0
14242,235,2,280.55,1,2,1,1.3,At Risk,13,United Kingdom,7.6875,3.4350506425184864,91
14243,9,10,2588.77,4,4,4,4.0,Champions,99,United Kingdom,8.659574468085106,8.89667951673576,357
14245,220,2,1693.45,1,2,4,2.2,Needs Attention,107,United Kingdom,9.037037037037036,5.855330584435752,43
14246,111,3,1474.06,2,3,3,2.5999999999999996,Loyal,57,United Kingdom,10.72,6.879477724781567,135
14247,278,1,136.76999999999998,1,1,1,1.0,At Risk,19,United Kingdom,2.35,5.2969020489140135,0
14248,318,1,302.58,1,1,1,1.0,At Risk,8,United Kingdom,12.75,67.21671172940763,0
14250,7,3,1904.05,4,3,4,3.7,Champions,94,United Kingdom,10.81081081081081,6.273159533468804,82
14251,2,5,2879.7000000000003,4,4,4,4.0,Champions,37,United Kingdom,21.46153846153846,28.968783815759956,55
14256,260,2,969.0600000000001,1,2,3,1.9,Needs Attention,51,United Kingdom,7.811320754716981,8.320025294423981,104
14257,64,5,3099.7200000000003,2,4,4,3.2,Loyal,88,United Kingdom,15.867924528301886,30.58691031274301,254
14258,9,9,12669.98,4,4,4,4.0,Champions,58,United Kingdom,63.96396396396396,78.29672176208656,328
14259,142,1,120.0,2,1,1,1.4000000000000001,At Risk,5,United Kingdom,13.6,11.480635870891469,0
14261,51,2,1163.45,3,2,3,2.7,Loyal,52,United Kingdom,7.8076923076923075,12.375210714722632,27
14262,8,8,2618.23,4,4,4,4.0,Champions,87,United Kingdom,11.503496503496503,10.593122047762987,232
14264,155,2,333.97,1,2,2,1.6,Needs Attention,15,United Kingdom,4.117647058823529,8.738742842685568,90
14265,109,2,530.18,2,2,2,2.0,Needs Attention,31,Unspecified,10.64516129032258,5.810557040274156,39
14267,163,3,1516.24,1,3,3,2.1999999999999997,Needs Attention,25,United Kingdom,9.636363636363637,16.63918561041308,97
14270,332,1,492.65000000000003,1,1,2,1.2999999999999998,At Risk,29,United Kingdom,6.793103448275862,5.594012346959115,0
14271,226,1,112.32,1,1,1,1.0,At Risk,10,United Kingdom,8.8,5.521539237889699,0
14272,74,2,437.96,2,2,2,2.0,Needs Attention,33,United Kingdom,18.151515151515152,7.2786310187820185,180
14273,51,4,559.97,3,3,2,2.7,Loyal,22,United Kingdom,9.10344827586207,5.215178349939231,190
14276,99,3,1119.74,2,3,3,2.5999999999999996,Loyal,52,United Kingdom,11.625,5.963324607715409,191
14277,15,3,4216.2,4,3,4,3.7,Champions,195,France,8.817777777777778,15.153660331041191,197
14280,197,1,134.04,1,1,1,1.0,At Risk,8,United Kingdom,6.5,5.854624545726956,0
14282,3,15,3729.34,4,4,4,4.0,Champions,70,United Kingdom,17.102564102564102,23.772804730357862,364
14284,31,2,595.25,3,2,2,2.4000000000000004,Needs Attention,24,United Kingdom,5.03125,4.503215417092761,55
14285,21,4,1910.01,3,3,4,3.3,Loyal,18,United Kingdom,20.037037037037038,56.01211066390591,155
14286,24,3,4628.75,3,3,4,3.3,Loyal,220,United Kingdom,15.492857142857142,10.807387136189282,219
14287,8,3,176.63,4,3,1,2.8,Loyal,9,United Kingdom,29.0,6.69803163457577,190
14288,213,1,426.6,1,1,2,1.2999999999999998,At Risk,16,United Kingdom,11.75,15.807039571026573,0
14289,9,6,911.26,4,4,3,3.6999999999999997,Champions,33,United Kingdom,6.212765957446808,12.180914326130715,280
14290,11,5,2314.65,4,4,4,4.0,Champions,89,United Kingdom,9.05940594059406,21.90906610931142,350
14291,2,11,3883.25,4,4,4,4.0,Champions,145,United Kingdom,11.59915611814346,9.305129832902931,273
14292,8,9,4871.93,4,4,4,4.0,Champions,64,United Kingdom,16.63,72.42294361686298,275
14293,3,4,1046.56,4,3,3,3.4,Loyal,51,United Kingdom,11.62295081967213,10.362453171797927,365
14295,40,1,166.20000000000002,3,1,1,1.8000000000000003,Needs Attention,5,United Kingdom,16.8,16.20888645157341,0
14297,18,4,1305.33,4,3,3,3.4,Loyal,48,United Kingdom,13.951612903225806,10.203655441720258,257
14298,8,44,51527.3,4,4,4,4.0,Champions,884,United Kingdom,35.640195479535734,32.53648974095283,352
14299,8,9,3965.62,4,4,4,4.0,Champions,94,United Kingdom,15.027972027972028,40.57055522938045,357
14300,19,1,43.2,3,1,1,1.8000000000000003,Needs Attention,3,United Kingdom,10.666666666666666,3.637306695894643,0
14301,117,1,640.14,2,1,2,1.7000000000000002,Needs Attention,13,United Kingdom,46.61538461538461,24.375288663642475,0
14304,223,1,383.45,1,1,2,1.2999999999999998,At Risk,17,United Kingdom,8.176470588235293,10.030560838522147,0
14305,71,3,1858.96,2,3,4,2.9,Loyal,96,United Kingdom,10.371428571428572,9.596614579732865,64
14306,51,2,2093.32,3,2,4,3.0,Loyal,33,United Kingdom,32.57575757575758,58.856857180121445,34
14307,89,6,2995.72,2,4,4,3.2,Loyal,150,United Kingdom,11.433333333333334,7.113533210450957,284
14309,8,9,2352.53,4,4,4,4.0,Champions,74,United Kingdom,13.957264957264957,17.388569375619717,350
14311,243,1,310.26,1,1,2,1.2999999999999998,At Risk,20,United Kingdom,7.3,3.6617411734108996,0
14312,47,6,1611.59,3,4,3,3.3000000000000003,Loyal,74,United Kingdom,11.632183908045977,8.491453495402402,290
14314,107,1,120.0,2,1,1,1.4000000000000001,At Risk,8,United Kingdom,37.0,14.136008731503487,0
14315,45,6,2481.13,3,4,4,3.6000000000000005,Champions,64,United Kingdom,10.108910891089108,11.900974616882568,221
14317,65,1,508.58000000000004,2,1,2,1.7000000000000002,Needs Attention,24,United Kingdom,10.625,11.332300858767523,0
14320,207,2,477.79,1,2,2,1.6,Needs Attention,29,United Kingdom,10.483870967741936,6.4908047614770314,126
14321,11,5,1530.75,4,4,3,3.6999999999999997,Champions,111,United Kingdom,19.5609756097561,9.046062939097913,322
14323,115,2,605.0600000000001,2,2,2,2.0,Needs Attention,32,United Kingdom,9.722222222222221,6.5295410519581205,123
14326,242,1,183.85,1,1,1,1.0,At Risk,8,United Kingdom,12.875,15.300792171369055,0
14327,163,1,311.65,1,1,2,1.2999999999999998,At Risk,12,United Kingdom,11.583333333333334,18.504869854536494,0
14329,17,7,5014.84,4,4,4,4.0,Champions,218,United Kingdom,11.94980694980695,9.850676207465947,312
14331,124,2,462.65999999999997,2,2,2,2.0,Needs Attention,27,United Kingdom,9.0,5.546110558584488,10
14332,23,3,866.31,3,3,3,3.0,Loyal,22,United Kingdom,18.5,28.245023842194822,125
14333,68,1,415.2,2,1,2,1.7000000000000002,Needs Attention,15,United Kingdom,3.8666666666666667,23.72963638274179,0
14334,17,8,2552.21,4,4,4,4.0,Champions,98,United Kingdom,10.685185185185185,6.153605612886975,341
14335,16,2,468.26,4,2,2,2.8000000000000003,Loyal,55,Germany,6.015873015873016,6.039833688788396,80
14336,17,4,1614.91,4,3,3,3.4,Loyal,77,United Kingdom,19.544444444444444,8.611581065747165,259
14338,161,2,588.22,1,2,2,1.6,Needs Attention,30,United Kingdom,10.806451612903226,8.072642636694935,35
14339,243,1,309.52,1,1,2,1.2999999999999998,At Risk,14,United Kingdom,12.0,12.545174283452495,0
14340,219,1,134.7,1,1,1,1.0,At Risk,6,United Kingdom,9.666666666666666,8.396606457373124,0
14341,45,8,2182.28,3,4,4,3.6000000000000005,Champions,109,United Kingdom,10.875968992248062,8.2941084887152,273
14342,21,4,668.5600000000001,3,3,2,2.7,Loyal,18,United Kingdom,16.523809523809526,38.195626251730765,188
14344,127,8,889.9300000000001,2,4,3,2.9,Loyal,56,United Kingdom,6.71830985915493,13.06001998051106,241
14345,39,1,108.97999999999999,3,1,1,1.8000000000000003,Needs Attention,6,United Kingdom,8.333333333333334,11.521869061340118,0
14346,121,2,1021.58,2,2,3,2.3,Needs Attention,55,United Kingdom,10.083333333333334,10.427506643597017,176
14348,260,1,409.57,1,1,2,1.2999999999999998,At Risk,18,United Kingdom,10.166666666666666,18.78568076046186,0
14349,10,1,133.5,4,1,1,2.2,Needs Attention,31,United Kingdom,2.774193548387097,2.603262758395186,0
14350,274,1,282.93,1,1,1,1.0,At Risk,18,United Kingdom,10.166666666666666,7.031803592586036,0
14351,165,1,51.0,1,1,1,1.0,At Risk,1,United Kingdom,12.0,0.0,0
14352,157,4,1078.96,1,3,3,2.1999999999999997,Needs Attention,44,United Kingdom,11.446808510638299,11.374724320901288,116
14353,215,1,90.6,1,1,1,1.0,At Risk,6,United Kingdom,10.666666666666666,5.868560300448483,0
14354,6,2,163.62,4,2,1,2.5,Needs Attention,9,United Kingdom,23.333333333333332,9.178137065875623,24
14355,366,1,174.4,1,1,1,1.0,At Risk,11,United Kingdom,8.363636363636363,4.07194391817069,0
14356,80,2,701.23,2,2,3,2.3,Needs Attention,33,United Kingdom,8.393939393939394,18.196902370217078,1
14357,43,1,225.77,3,1,1,1.8000000000000003,Needs Attention,39,United Kingdom,3.6097560975609757,5.733536696383873,0
14359,19,3,912.18,3,3,3,3.0,Loyal,44,United Kingdom,6.745454545454545,4.196635280408303,68
14360,32,4,2128.23,3,3,4,3.3,Loyal,104,United Kingdom,9.754237288135593,10.67181328773732,62
14362,22,1,161.2,3,1,1,1.8000000000000003,Needs Attention,37,United Kingdom,2.4390243902439024,2.7540796125375757,0
14364,109,8,3717.35,2,4,4,3.2,Loyal,61,United Kingdom,28.507246376811594,61.56656174608456,102
14367,8,16,9261.52,4,4,4,4.0,Champions,270,United Kingdom,8.469465648854962,17.864998606671712,267
14368,320,1,155.0,1,1,1,1.0,At Risk,8,United Kingdom,4.5,5.261653732430517,0
14371,295,1,100.5,1,1,1,1.0,At Risk,4,United Kingdom,8.5,10.666888018536616,0
14373,358,1,76.55,1,1,1,1.0,At Risk,4,United Kingdom,4.25,7.407808380351101,0
14375,185,1,257.68,1,1,1,1.0,At Risk,57,United Kingdom,2.5866666666666664,4.081099207166953,0
14377,191,2,617.05,1,2,2,1.6,Needs Attention,11,United Kingdom,19.90909090909091,43.16176232816181,70
14379,44,2,348.1,3,2,2,2.4000000000000004,Needs Attention,39,United Kingdom,6.3478260869565215,5.8652731052384794,251
14381,52,1,202.68,2,1,1,1.4000000000000001,At Risk,56,United Kingdom,2.607142857142857,3.5972124850135923,0
14382,26,1,626.0699999999999,3,1,2,2.1,Needs Attention,121,United Kingdom,9.442748091603054,5.2901297116812,0
14383,38,3,1247.69,3,3,3,3.0,Loyal,49,United Kingdom,13.847457627118644,18.18840070223882,125
14385,9,3,202.11,4,3,1,2.8,Loyal,13,United Kingdom,11.357142857142858,4.837160017300135,14
14386,297,1,142.4,1,1,1,1.0,At Risk,7,United Kingdom,7.714285714285714,7.886244806170877,0
14387,33,3,1770.56,3,3,4,3.3,Loyal,125,United Kingdom,5.85,10.000859465635314,76
14388,10,8,3212.84,4,4,4,4.0,Champions,124,United Kingdom,10.435483870967742,7.193963886231041,362
14389,65,2,1043.46,2,2,3,2.3,Needs Attention,33,United Kingdom,16.2,15.540749601670385,125
14390,10,9,4652.82,4,4,4,4.0,Champions,135,United Kingdom,7.468531468531468,19.24399417276105,362
14393,218,1,67.95,1,1,1,1.0,At Risk,5,United Kingdom,2.6,3.595552808679077,0
14395,2,9,3507.71,4,4,4,4.0,Champions,181,United Kingdom,4.837142857142857,7.0302706236788115,369
14396,65,2,487.99,2,2,2,2.0,Needs Attention,71,United Kingdom,3.0821917808219177,5.458844278780039,306
14397,3,19,2612.96,4,4,4,4.0,Champions,18,United Kingdom,21.724137931034484,22.832052157447336,210
14400,149,1,574.7,1,1,2,1.2999999999999998,At Risk,25,United Kingdom,18.16,20.235517248969288,0
14401,4,13,4051.48,4,4,4,4.0,Champions,113,United Kingdom,24.763736263736263,21.17972373675866,355
14403,130,4,1475.81,2,3,3,2.5999999999999996,Loyal,17,United Kingdom,25.95,70.25737619825522,116
14404,34,6,1474.32,3,4,3,3.3000000000000003,Loyal,70,United Kingdom,8.145631067961165,13.499601455010705,335
14406,119,1,156.75,2,1,1,1.4000000000000001,At Risk,8,United Kingdom,9.625,5.416669871793924,0
14407,107,6,2157.73,2,4,4,3.2,Loyal,67,United Kingdom,19.383561643835616,37.112451151081366,169
14408,11,7,2606.53,4,4,4,4.0,Champions,60,United Kingdom,15.102803738317757,24.43257064825045,253
14409,71,6,2059.4500000000003,2,4,4,3.2,Loyal,40,United Kingdom,22.77777777777778,56.31505363207523,297
14410,92,9,1105.07,2,4,3,2.9,Loyal,153,United Kingdom,2.9585492227979273,6.501243757632624,213
14411,311,1,1063.0,1,1,3,1.5999999999999999,Needs Attention,14,United Kingdom,14.0,17.539161832943954,0
14412,43,2,770.03,3,2,3,2.7,Loyal,43,United Kingdom,18.27906976744186,13.115831189681986,30
14413,362,1,122.7,1,1,1,1.0,At Risk,22,United Kingdom,2.9565217391304346,3.2037419450687485,0
14414,92,7,1496.98,2,4,3,2.9,Loyal,79,United Kingdom,25.896907216494846,10.016457784386242,267
14415,1,13,5900.28,4,4,4,4.0,Champions,283,United Kingdom,5.103389830508474,6.721622442785621,359
14416,22,2,490.22,3,2,2,2.4000000000000004,Needs Attention,13,United Kingdom,23.285714285714285,55.1735628880195,20
14418,4,3,1937.25,4,3,4,3.7,Champions,114,United Kingdom,13.798387096774194,13.102901557880605,104
14419,11,6,1058.06,4,4,3,3.6999999999999997,Champions,112,United Kingdom,2.3640776699029127,4.226271058107234,354
14420,99,1,387.52,2,1,2,1.7000000000000002,Needs Attention,29,United Kingdom,11.517241379310345,5.031224571578491,0
14421,57,2,813.11,2,2,3,2.3,Needs Attention,25,United Kingdom,13.518518518518519,27.511569925616385,154
14422,1,6,4263.64,4,4,4,4.0,Champions,189,United Kingdom,13.09009009009009,10.187287498574626,266
14423,218,1,265.2,1,1,1,1.0,At Risk,3,United Kingdom,40.0,71.64244551939862,0
14424,18,1,322.08,4,1,2,2.5,Needs Attention,1,United Kingdom,48.0,0.0,0
14426,24,10,4481.67,3,4,4,3.6000000000000005,Champions,183,United Kingdom,12.049107142857142,21.68184490370899,289
14427,50,2,363.34000000000003,3,2,2,2.4000000000000004,Needs Attention,16,United Kingdom,13.411764705882353,11.519910896305731,13
14428,7,5,1244.83,4,4,3,3.6999999999999997,Champions,108,United Kingdom,3.0277777777777777,9.458571272024345,317
14431,303,1,470.36,1,1,2,1.2999999999999998,At Risk,17,United Kingdom,7.647058823529412,15.026040827216478,0
14432,10,6,2255.51,4,4,4,4.0,Champions,256,United Kingdom,5.4188481675392675,8.106852104084616,79
14434,22,6,1372.8,3,4,3,3.3000000000000003,Loyal,3,United Kingdom,30.666666666666668,39.367360730802005,50
14436,99,1,89.06,2,1,1,1.4000000000000001,At Risk,9,United Kingdom,14.333333333333334,5.216452604766746,0
14437,366,1,63.0,1,1,1,1.0,At Risk,5,United Kingdom,12.0,3.394112549695428,0
14438,306,1,131.9,1,1,1,1.0,At Risk,9,United Kingdom,9.11111111111111,5.776484898082725,0
14439,320,1,2661.24,1,1,4,1.9,Needs Attention,32,Greece,16.4375,39.45914487816644,0
14440,8,5,2357.6800000000003,4,4,4,4.0,Champions,33,United Kingdom,10.690909090909091,30.621199197114414,357
14441,1,4,1712.89,4,3,4,3.7,Champions,43,United Kingdom,8.745098039215685,19.075038776205034,254
14442,205,2,1589.82,1,2,3,1.9,Needs Attention,58,Channel Islands,7.650793650793651,15.093471549320196,112
14443,54,4,1420.2,2,3,3,2.5999999999999996,Loyal,84,United Kingdom,10.086021505376344,4.65552128135207,314
14446,1,4,1039.58,4,3,3,3.4,Loyal,233,United Kingdom,3.1843003412969284,3.539578563609898,245
14447,19,5,1163.23,3,4,3,3.3000000000000003,Loyal,54,United Kingdom,8.157142857142857,5.832573806217024,261
14448,9,2,375.35,4,2,2,2.8000000000000003,Loyal,20,United Kingdom,5.2,52.14449376744546,354
14449,19,4,907.1,3,3,3,3.0,Loyal,201,United Kingdom,2.934108527131783,3.6859003857328654,353
14450,181,3,483.25,1,3,2,1.9,Needs Attention,32,United Kingdom,6.025,7.538409744392976,139
14451,60,2,662.59,2,2,2,2.0,Needs Attention,86,United Kingdom,3.5688073394495414,4.02150071600572,134
14452,11,2,264.44,4,2,1,2.5,Needs Attention,55,United Kingdom,1.9193548387096775,2.9271351976569586,83
14453,190,1,119.93,1,1,1,1.0,At Risk,22,United Kingdom,2.227272727272727,3.5758679205587818,0
14456,5,9,3062.4,4,4,4,4.0,Champions,580,United Kingdom,2.997938144329897,3.5265248065296357,137
14457,311,1,113.64,1,1,1,1.0,At Risk,4,United Kingdom,22.0,16.84091446448203,0
14459,155,1,1837.92,1,1,4,1.9,Needs Attention,37,United Kingdom,20.54054054054054,30.058232022397995,0
14460,110,3,434.34,2,3,2,2.3,Needs Attention,14,United Kingdom,55.0625,9.192735447079938,200
14461,148,3,2103.06,1,3,4,2.5,Needs Attention,173,United Kingdom,4.2555555555555555,11.204943636602613,113
14462,66,11,2004.02,2,4,4,3.2,Loyal,150,United Kingdom,4.016666666666667,7.523873745860847,273
14463,98,3,529.62,2,3,2,2.3,Needs Attention,6,United Kingdom,29.833333333333332,71.34512597227648,107
14465,247,3,1058.6200000000001,1,3,3,2.1999999999999997,Needs Attention,107,United Kingdom,3.1153846153846154,23.461274515343742,56
14466,29,7,2272.4,3,4,4,3.6000000000000005,Champions,35,United Kingdom,13.972222222222221,26.0534191508959,343
14467,18,4,598.76,4,3,2,3.1,Loyal,67,United Kingdom,3.088888888888889,4.396537515175671,295
14470,12,2,461.19,4,2,2,2.8000000000000003,Loyal,43,United Kingdom,4.488372093023256,8.632349001296067,275
14472,104,8,1936.84,2,4,4,3.2,Loyal,153,United Kingdom,4.128113879003559,6.205814295084384,251
14473,74,2,234.34000000000003,2,2,1,1.7,Needs Attention,7,United Kingdom,12.571428571428571,24.936640855232625,208
14474,46,1,547.66,3,1,2,2.1,Needs Attention,29,United Kingdom,4.827586206896552,6.2736675424744615,0
14475,72,3,925.85,2,3,3,2.5999999999999996,Loyal,35,United Kingdom,10.642857142857142,17.26781569356545,233
14476,257,1,215.7,1,1,1,1.0,At Risk,17,United Kingdom,6.947368421052632,6.4956069275107104,0
14477,20,4,1309.6,3,3,3,3.0,Loyal,7,United Kingdom,72.0,60.764009815752694,277
14479,254,2,316.25,1,2,2,1.6,Needs Attention,18,United Kingdom,6.5,4.0873599594247265,111
14480,11,1,279.05,4,1,1,2.2,Needs Attention,13,United Kingdom,11.0,9.964736671035364,0
14481,165,2,636.51,1,2,2,1.6,Needs Attention,25,United Kingdom,16.3,10.253460694170363,122
14482,18,6,2068.15,4,4,4,4.0,Champions,110,United Kingdom,11.430555555555555,28.96332434082111,220
14483,282,1,137.1,1,1,1,1.0,At Risk,9,United Kingdom,10.777777777777779,8.714893860512587,0
14484,50,1,321.92,3,1,2,2.1,Needs Attention,14,United Kingdom,15.0,7.351660947113836,0
14485,39,1,165.75,3,1,1,1.8000000000000003,Needs Attention,44,United Kingdom,1.5106382978723405,2.299631611892714,0
14487,27,6,1196.33,3,4,3,3.3000000000000003,Loyal,112,United Kingdom,5.104166666666667,7.7201787329571205,341
14488,68,1,1064.28,2,1,3,2.0,Needs Attention,46,United Kingdom,17.369565217391305,26.555669092797935,0
14489,207,1,463.38,1,1,2,1.2999999999999998,At Risk,30,United Kingdom,9.966666666666667,5.275028746448881,0
14491,175,2,340.93,1,2,2,1.6,Needs Attention,17,United Kingdom,8.176470588235293,10.913203080241301,197
14493,7,5,2383.2400000000002,4,4,4,4.0,Champions,95,United Kingdom,10.708333333333334,10.523202210444536,147
14494,26,1,139.56,3,1,1,1.8000000000000003,Needs Attention,7,United Kingdom,13.142857142857142,7.5203495359495856,0
14495,51,2,123.8,3,2,1,2.1,Needs Attention,6,United Kingdom,10.333333333333334,0.40824829046386496,70
14496,312,2,538.8100000000001,1,2,2,1.6,Needs Attention,16,United Kingdom,8.368421052631579,30.67427772637993,61
14497,309,1,475.37,1,1,2,1.2999999999999998,At Risk,29,United Kingdom,8.10344827586207,4.917798853806698,0
14498,43,5,1957.32,3,4,4,3.6000000000000005,Champions,162,United Kingdom,5.689119170984456,15.68362789757449,319
14499,26,3,815.32,3,3,3,3.0,Loyal,146,United Kingdom,2.582474226804124,3.8547419194039696,252
14500,88,3,356.85,2,3,2,2.3,Needs Attention,6,United Kingdom,16.714285714285715,32.14837809728065,101
14501,184,2,251.21,1,2,1,1.3,At Risk,9,United Kingdom,16.1,8.146135348194944,136
14502,20,11,2470.67,3,4,4,3.6000000000000005,Champions,368,United Kingdom,2.4006410256410255,5.816503348647693,293
14503,3,6,3543.26,4,4,4,4.0,Champions,113,United Kingdom,12.21951219512195,17.270698027861947,175
14504,47,4,673.26,3,3,2,2.7,Loyal,85,United Kingdom,2.878504672897196,5.030504500007811,231
14505,17,8,5905.64,4,4,4,4.0,Champions,540,United Kingdom,3.453066332916145,7.406473864331573,344
14506,17,5,2012.17,4,4,4,4.0,Champions,204,United Kingdom,2.310126582278481,6.1126395514142144,351
14507,24,6,1383.18,3,4,3,3.3000000000000003,Loyal,79,United Kingdom,6.25,24.731047536180956,252
14508,22,2,276.42,3,2,1,2.1,Needs Attention,52,United Kingdom,2.2982456140350878,4.267049591702106,67
14511,11,5,1314.81,4,4,3,3.6999999999999997,Champions,53,United Kingdom,11.529411764705882,9.580941503890196,122
14512,188,2,275.28,1,2,1,1.3,At Risk,19,United Kingdom,5.304347826086956,8.01628303366899,44
14513,101,3,455.59000000000003,2,3,2,2.3,Needs Attention,11,United Kingdom,30.083333333333332,50.680806920879974,188
14514,61,3,1055.35,2,3,3,2.5999999999999996,Loyal,65,United Kingdom,8.068493150684931,12.446513331129271,270
14515,18,6,2102.09,3,4,4,3.6000000000000005,Champions,68,United Kingdom,11.227722772277227,16.10273437145455,200
14517,33,2,330.45,3,2,2,2.4000000000000004,Needs Attention,17,United Kingdom,5.055555555555555,5.9835374644298245,108
14518,64,1,174.37,2,1,1,1.4000000000000001,At Risk,16,United Kingdom,17.375,9.999577470240098,0
14520,2,2,270.6,4,2,1,2.5,Needs Attention,3,United Kingdom,36.5,68.3269346597665,289
14522,24,4,974.54,3,3,3,3.0,Loyal,15,United Kingdom,30.88235294117647,41.82325580027569,173
14523,108,1,241.09,2,1,1,1.4000000000000001,At Risk,12,United Kingdom,20.916666666666668,12.787029975958479,0
14524,32,9,1867.68,3,4,4,3.6000000000000005,Champions,161,United Kingdom,3.3300492610837438,11.65789142672004,329
14525,20,9,4332.2,3,4,4,3.6000000000000005,Champions,217,United Kingdom,9.264604810996564,24.714518388111426,341
14527,3,55,8508.82,4,4,4,4.0,Champions,330,United Kingdom,2.14917695473251,7.616640651687188,366
14528,37,1,364.21999999999997,3,1,2,2.1,Needs Attention,18,United Kingdom,15.444444444444445,13.119363875460275,0
14529,60,3,620.04,2,3,2,2.3,Needs Attention,177,United Kingdom,1.519650655021834,2.742899908503245,50
14530,26,6,2925.91,3,4,4,3.6000000000000005,Champions,140,United Kingdom,6.527777777777778,11.607812011217666,270
14532,236,4,932.85,1,3,3,2.1999999999999997,Needs Attention,45,United Kingdom,4.4375,10.329636482284883,115
14533,25,7,1949.72,3,4,4,3.6000000000000005,Champions,53,United Kingdom,64.8225806451613,24.64877773627164,328
14534,3,18,4447.05,4,4,4,4.0,Champions,331,United Kingdom,3.9441233140655108,11.86951235753544,315
14535,60,3,2864.19,2,3,4,2.9,Loyal,280,United Kingdom,5.548484848484849,7.661311355836861,188
14536,260,1,171.8,1,1,1,1.0,At Risk,18,United Kingdom,2.1052631578947367,10.958422219638175,0
14537,58,1,355.56,2,1,2,1.7000000000000002,Needs Attention,10,United Kingdom,12.0,13.19467165184492,0
14538,65,2,388.25,2,2,2,2.0,Needs Attention,19,United Kingdom,8.157894736842104,10.526246200062372,191
14539,16,2,537.48,4,2,2,2.8000000000000003,Loyal,31,United Kingdom,13.375,8.079544361953475,28
14540,10,3,996.26,4,3,3,3.4,Loyal,64,United Kingdom,5.5394736842105265,9.17512933127452,299
14541,59,8,1461.65,2,4,3,2.9,Loyal,71,United Kingdom,5.828828828828829,16.176553842455267,260
14542,186,1,103.25,1,1,1,1.0,At Risk,5,United Kingdom,3.8,9.48617414978241,0
14543,29,16,3630.33,3,4,4,3.6000000000000005,Champions,43,United Kingdom,9.430555555555555,60.88863160704857,336
14544,24,2,2024.45,3,2,4,3.0,Loyal,97,United Kingdom,13.535087719298245,17.04518544208781,337
14546,5,5,2578.09,4,4,4,4.0,Champions,250,United Kingdom,3.300751879699248,5.284646848770283,243
14547,4,8,4007.54,4,4,4,4.0,Champions,198,United Kingdom,7.2896174863387975,9.17688629112019,50
14548,151,2,652.8,1,2,2,1.6,Needs Attention,2,United Kingdom,64.0,94.22356393174692,167
14549,311,1,289.24,1,1,1,1.0,At Risk,56,United Kingdom,2.4285714285714284,3.532728536003143,0
14550,11,2,765.62,4,2,3,3.1,Loyal,38,United Kingdom,8.208333333333334,18.72544917034584,33
14551,18,2,186.23,3,2,1,2.1,Needs Attention,9,United Kingdom,10.6,7.003764146673003,185
14552,152,1,165.07,1,1,1,1.0,At Risk,57,United Kingdom,1.5689655172413792,2.3587611524333436,0
14553,19,5,859.27,3,4,3,3.3000000000000003,Loyal,103,United Kingdom,4.3628318584070795,16.465753134789434,319
14554,10,4,2381.04,4,3,4,3.7,Champions,147,United Kingdom,6.842592592592593,10.657547473013427,42
14555,57,2,324.14,2,2,2,2.0,Needs Attention,18,United Kingdom,6.190476190476191,13.120608834595906,244
14557,85,1,788.38,2,1,3,2.0,Needs Attention,16,United Kingdom,31.875,32.494676256273124,0
14560,7,22,2237.77,4,4,4,4.0,Champions,39,United Kingdom,17.027027027027028,27.496120846863548,350
14561,76,3,1080.76,2,3,3,2.5999999999999996,Loyal,67,United Kingdom,14.695652173913043,6.467241545974701,108
14562,4,18,5074.77,4,4,4,4.0,Champions,187,United Kingdom,4.335697399527187,12.683261530112917,300
14565,96,4,3099.12,2,3,4,2.9,Loyal,111,United Kingdom,12.125984251968504,13.183908660524537,265
14566,111,1,1432.0,2,1,3,2.0,Needs Attention,4,Channel Islands,200.0,0.0,0
14567,57,2,1530.3600000000001,2,2,3,2.3,Needs Attention,33,United Kingdom,12.484848484848484,29.45470050464241,73
14569,1,1,227.39,4,1,1,2.2,Needs Attention,10,United Kingdom,6.583333333333333,35.73135762078237,0
14570,281,2,218.06,1,2,1,1.3,At Risk,29,United Kingdom,3.2758620689655173,13.601658494209575,0
14572,3,7,2832.84,4,4,4,4.0,Champions,190,United Kingdom,5.288888888888889,11.77142209511085,320
14573,180,9,1653.42,1,4,3,2.5,Needs Attention,127,United Kingdom,2.3148936170212764,6.867852932505742,192
14576,372,1,35.400000000000006,1,1,1,1.0,At Risk,1,United Kingdom,12.0,0.0,0
14577,13,4,859.71,4,3,3,3.4,Loyal,86,United Kingdom,2.869918699186992,3.963327351421049,350
14578,3,1,168.63,4,1,1,2.2,Needs Attention,24,United Kingdom,10.0,6.038416012066625,0
14581,17,1,138.6,4,1,1,2.2,Needs Attention,16,United Kingdom,12.764705882352942,7.662081770564938,0
14582,41,1,114.11,3,1,1,1.8000000000000003,Needs Attention,6,United Kingdom,12.166666666666666,12.203352681401398,0
14583,6,5,1052.55,4,4,3,3.6999999999999997,Champions,243,United Kingdom,2.4,3.404678004680734,200
14584,169,4,1042.26,1,3,3,2.1999999999999997,Needs Attention,68,United Kingdom,3.83,7.760240236310505,29
14585,50,1,157.05,3,1,1,1.8000000000000003,Needs Attention,29,United Kingdom,3.1379310344827585,6.78026210313378,0
14586,277,1,237.36,1,1,1,1.0,At Risk,19,United Kingdom,23.36842105263158,3.031011642826099,0
14587,19,9,1601.14,3,4,3,3.3000000000000003,Loyal,170,United Kingdom,1.9869451697127938,4.246804864726085,312
14589,372,1,39.75,1,1,1,1.0,At Risk,3,United Kingdom,1.6666666666666667,4.589934640057525,0
14591,15,4,1447.14,4,3,3,3.4,Loyal,138,United Kingdom,6.583756345177665,7.9312615029566,197
14592,35,3,570.46,3,3,2,2.7,Loyal,132,United Kingdom,2.5304878048780486,2.9851100706292653,28
14593,22,3,617.99,3,3,2,2.7,Loyal,127,United Kingdom,2.1842105263157894,6.861037185505727,177
14594,7,2,379.83,4,2,2,2.8000000000000003,Loyal,48,United Kingdom,3.490566037735849,4.222276520203574,365
14595,20,6,1740.6,3,4,4,3.6000000000000005,Champions,94,United Kingdom,9.588235294117647,8.96636848306071,293
14597,11,2,883.15,4,2,3,3.1,Loyal,45,United Kingdom,10.49090909090909,24.496255454928843,180
14598,44,1,221.97,3,1,1,1.8000000000000003,Needs Attention,49,United Kingdom,3.78,2.8320991061293697,0
14600,306,1,393.33000000000004,1,1,2,1.2999999999999998,At Risk,25,United Kingdom,5.0,4.07995273665435,0
14601,11,1,213.96,4,1,1,2.2,Needs Attention,7,United Kingdom,24.0,28.141787941981022,0
14603,275,1,660.0,1,1,2,1.2999999999999998,At Risk,2,United Kingdom,200.0,254.55844122715706,0
14606,1,93,12156.65,4,4,4,4.0,Champions,819,United Kingdom,2.3051851851851852,7.216006776991919,372
14607,16,14,16569.5,4,4,4,4.0,Champions,38,United Kingdom,136.8139534883721,227.7453383065898,245
14608,4,4,1785.15,4,3,4,3.7,Champions,8,United Kingdom,21.85,62.30153388962426,358
14609,72,4,601.56,2,3,2,2.3,Needs Attention,2,United Kingdom,1756.5,31.315689358530815,224
14616,243,3,406.08000000000004,1,3,2,1.9,Needs Attention,2,United Kingdom,34.666666666666664,115.49661813230725,74
14618,9,3,553.44,4,3,2,3.1,Loyal,10,United Kingdom,16.5,19.125668615763477,328
14619,246,1,394.44,1,1,2,1.2999999999999998,At Risk,20,United Kingdom,7.6,5.582653208117559,0
14620,206,2,412.78000000000003,1,2,2,1.6,Needs Attention,26,United Kingdom,8.23076923076923,7.107283068471707,78
14621,1,5,1788.3600000000001,4,4,4,4.0,Champions,80,United Kingdom,10.793478260869565,9.166982225091623,357
14622,185,1,320.58000000000004,1,1,2,1.2999999999999998,At Risk,21,United Kingdom,6.9523809523809526,5.071507242850563,0
14623,32,5,889.25,3,4,3,3.3000000000000003,Loyal,108,United Kingdom,3.126865671641791,7.33367808659876,203
14624,57,2,225.85,2,2,1,1.7,Needs Attention,13,United Kingdom,12.461538461538462,3.5361593681454844,1
14625,196,2,899.63,1,2,3,1.9,Needs Attention,51,United Kingdom,6.320754716981132,4.776759616970107,164
14626,24,4,2791.27,3,3,4,3.3,Loyal,108,United Kingdom,11.5,18.952535632186795,209
14628,91,2,671.96,2,2,2,2.0,Needs Attention,22,United Kingdom,11.333333333333334,18.32367764175196,151
14629,4,2,959.01,4,2,3,3.1,Loyal,133,United Kingdom,2.5,5.775991311606453,43
14631,51,3,1006.98,3,3,3,3.0,Loyal,38,United Kingdom,15.170731707317072,23.850768745600167,248
14632,263,1,114.56,1,1,1,1.0,At Risk,8,United Kingdom,12.0,5.252210419024954,0
14633,266,1,344.90000000000003,1,1,2,1.2999999999999998,At Risk,20,United Kingdom,4.8,3.7524342976119844,0
14636,36,2,609.85,3,2,2,2.4000000000000004,Needs Attention,27,United Kingdom,8.607142857142858,8.422267875342198,232
14638,51,1,443.6,3,1,2,2.1,Needs Attention,16,United Kingdom,10.375,15.240436126743006,0
14639,52,6,2984.49,2,4,4,3.2,Loyal,138,United Kingdom,8.319767441860465,5.8050632321213325,309
14640,24,6,2125.08,3,4,4,3.6000000000000005,Champions,87,United Kingdom,8.358490566037736,10.144008667280843,203
14641,22,1,110.46,3,1,1,1.8000000000000003,Needs Attention,7,United Kingdom,12.857142857142858,11.041684654073398,0
14642,59,1,96.12,2,1,1,1.4000000000000001,At Risk,2,United Kingdom,38.0,39.965675272663674,0
14643,170,2,693.8100000000001,1,2,3,1.9,Needs Attention,30,United Kingdom,26.29032258064516,18.345579368490696,187
14644,68,2,830.76,2,2,3,2.3,Needs Attention,26,United Kingdom,9.923076923076923,34.89233684437799,230
14645,157,2,597.09,1,2,2,1.6,Needs Attention,28,United Kingdom,12.7,18.312261418947195,118
14646,2,73,280206.02,4,4,4,4.0,Champions,700,Netherlands,94.85308285163777,170.09430673743793,353
14647,201,1,243.22,1,1,1,1.0,At Risk,24,United Kingdom,3.1666666666666665,17.3908826555822,0
14649,5,4,1417.29,4,3,3,3.4,Loyal,148,United Kingdom,5.115577889447236,11.287948533606784,207
14651,67,2,654.6,2,2,2,2.0,Needs Attention,95,United Kingdom,3.372549019607843,5.893118184255694,143
14652,77,1,114.18,2,1,1,1.4000000000000001,At Risk,29,United Kingdom,1.8275862068965518,4.269149209780499,0
14653,1,7,1947.55,4,4,4,4.0,Champions,154,United Kingdom,4.008438818565401,9.176416399058711,337
14655,8,4,1932.23,4,3,4,3.7,Champions,35,United Kingdom,22.224489795918366,32.217858362234125,214
14656,169,2,291.05,1,2,1,1.3,At Risk,73,United Kingdom,1.5,3.069632845628614,114
14657,18,4,848.22,3,3,3,3.0,Loyal,103,United Kingdom,3.6984126984126986,5.326147232555363,308
14658,5,2,247.15,4,2,1,2.5,Needs Attention,27,United Kingdom,1.6206896551724137,9.766963870683231,111
14659,9,9,2529.93,4,4,4,4.0,Champions,147,United Kingdom,4.723320158102767,6.022338666862119,306
14660,87,2,285.74,2,2,1,1.7,Needs Attention,24,United Kingdom,7.6,15.71532586765024,14
14661,27,1,107.95,3,1,1,1.8000000000000003,Needs Attention,4,United Kingdom,8.75,29.2521900889489,0
14662,29,4,771.17,3,3,3,3.0,Loyal,143,United Kingdom,3.5833333333333335,5.041060318271282,287
14664,20,2,637.89,3,2,2,2.4000000000000004,Needs Attention,78,United Kingdom,4.707070707070707,5.612444263620343,13
14665,61,5,1835.7,2,4,4,3.2,Loyal,63,United Kingdom,8.222222222222221,11.014709266463601,250
14666,24,1,195.25,3,1,1,1.8000000000000003,Needs Attention,14,United Kingdom,11.5,8.870943586219568,0
14667,11,25,9241.2,4,4,4,4.0,Champions,354,United Kingdom,9.397905759162304,16.540201174344354,357
14669,242,3,1269.99,1,3,3,2.1999999999999997,Needs Attention,158,United Kingdom,4.5588235294117645,5.398948863481739,90
14670,280,2,411.53,1,2,2,1.6,Needs Attention,107,United Kingdom,2.553030303030303,2.77767486373471,0
14672,235,2,765.55,1,2,3,1.9,Needs Attention,58,United Kingdom,7.442622950819672,10.025850254882792,101
14673,3,5,1736.4,4,4,4,4.0,Champions,39,United Kingdom,13.567567567567568,18.763988626077627,364
14675,16,1,604.75,4,1,2,2.5,Needs Attention,93,United Kingdom,3.343137254901961,8.199807883147036,0
14676,31,6,2548.2400000000002,3,4,4,3.6000000000000005,Champions,29,United Kingdom,59.523809523809526,38.25919228359113,251
14680,25,16,28754.11,3,4,4,3.6000000000000005,Champions,73,United Kingdom,52.23255813953488,107.75340823195155,346
14681,71,3,498.95,2,3,2,2.3,Needs Attention,6,United Kingdom,10.857142857142858,120.00906860574767,140
14682,188,2,52.0,1,2,1,1.3,At Risk,1,United Kingdom,40.0,7.353910524340097,13
14684,26,5,1236.28,3,4,3,3.3000000000000003,Loyal,231,United Kingdom,2.026128266033254,4.161266329930368,336
14687,107,1,628.38,2,1,2,1.7000000000000002,Needs Attention,15,United Kingdom,31.333333333333332,34.52452031320845,0
14688,8,21,5630.87,4,4,4,4.0,Champions,148,United Kingdom,11.073394495412844,22.26686337487303,366
14689,209,1,112.8,1,1,1,1.0,At Risk,13,United Kingdom,5.846153846153846,6.937477188689686,0
14690,44,2,371.7,3,2,2,2.4000000000000004,Needs Attention,40,United Kingdom,3.4,5.725363191402743,107
14691,31,5,2114.33,3,4,4,3.6000000000000005,Champions,50,United Kingdom,9.95774647887324,24.478897753192804,182
14692,137,4,591.55,2,3,2,2.3,Needs Attention,53,United Kingdom,3.8970588235294117,4.688796528333136,185
14693,265,1,172.9,1,1,1,1.0,At Risk,8,United Kingdom,4.25,42.94261744301508,0
14696,4,7,2078.95,4,4,4,4.0,Champions,117,United Kingdom,12.538461538461538,7.648137139164235,368
14697,218,2,188.60999999999999,1,2,1,1.3,At Risk,22,United Kingdom,8.227272727272727,7.99839887927794,0
14698,2,5,1250.76,4,4,3,3.6999999999999997,Champions,148,United Kingdom,2.9285714285714284,4.2498480918531385,49
14699,214,1,109.13000000000001,1,1,1,1.0,At Risk,8,United Kingdom,9.625,5.5072846238932875,0
14700,32,3,2235.3,3,3,4,3.3,Loyal,80,United Kingdom,11.669565217391304,13.907742705777208,206
14701,11,9,2549.37,4,4,4,4.0,Champions,268,United Kingdom,2.782089552238806,19.131202262179585,305
14702,1,17,3292.14,4,4,4,4.0,Champions,196,United Kingdom,4.1902017291066285,7.530783264824852,364
14703,15,1,318.17,4,1,2,2.5,Needs Attention,22,United Kingdom,8.318181818181818,3.7765390200151474,0
14704,11,9,1546.91,4,4,3,3.6999999999999997,Champions,288,United Kingdom,2.6072289156626507,3.3544563314422486,168
14705,199,1,179.0,1,1,1,1.0,At Risk,1,United Kingdom,100.0,0.0,0
14708,3,3,1126.37,4,3,3,3.4,Loyal,25,United Kingdom,22.178571428571427,42.73587985348906,365
14709,15,13,4921.04,4,4,4,4.0,Champions,71,United Kingdom,12.673469387755102,11.619920124269399,343
14710,14,4,606.13,4,3,2,3.1,Loyal,124,United Kingdom,2.7194244604316546,4.155332737271381,45
14711,10,11,2868.8,4,4,4,4.0,Champions,221,United Kingdom,2.7394957983193278,17.45514545885997,252
14712,29,3,917.07,3,3,3,3.0,Loyal,21,United Kingdom,12.6,37.46162709137623,82
14713,9,11,2666.36,4,4,4,4.0,Champions,146,United Kingdom,4.76401179941003,9.445450836548071,355
14714,24,1,160.19,3,1,1,1.8000000000000003,Needs Attention,10,United Kingdom,22.9,23.53114600316402,0
14715,25,4,867.38,3,3,3,3.0,Loyal,60,United Kingdom,7.338028169014085,11.827279235933698,306
14716,43,2,329.68,3,2,2,2.4000000000000004,Needs Attention,46,United Kingdom,10.981818181818182,7.609197088832722,105
14719,2,5,1602.13,4,4,3,3.6999999999999997,Champions,177,United Kingdom,4.3544303797468356,5.719799428886181,247
14720,6,3,663.81,4,3,2,3.1,Loyal,34,United Kingdom,5.918918918918919,8.472495820915784,120
14722,147,1,187.92000000000002,1,1,1,1.0,At Risk,28,United Kingdom,4.137931034482759,6.062756327423551,0
14723,10,6,1158.3,4,4,3,3.6999999999999997,Champions,193,United Kingdom,2.5,4.670096855376728,361
14725,25,1,718.08,3,1,3,2.4000000000000004,Needs Attention,45,United Kingdom,11.403846153846153,12.179212738354376,0
14727,274,1,268.58,1,1,1,1.0,At Risk,10,United Kingdom,6.2,16.629400871147862,0
14729,374,1,313.49,1,1,2,1.2999999999999998,At Risk,69,United Kingdom,2.7746478873239435,3.77889206400346,0
14730,1,8,2005.06,4,4,4,4.0,Champions,317,United Kingdom,2.259481037924152,4.191148233428505,275
14731,47,3,380.02,3,3,2,2.7,Loyal,38,United Kingdom,5.688888888888889,6.564212070081991,165
14732,8,8,2702.4900000000002,4,4,4,4.0,Champions,105,United Kingdom,9.5578231292517,12.39268210933427,330
14733,16,12,9585.91,4,4,4,4.0,Champions,102,United Kingdom,18.633663366336634,33.70933545423535,351
14735,4,32,6065.69,4,4,4,4.0,Champions,99,United Kingdom,11.670103092783505,18.376548871434743,354
14737,4,3,1164.55,4,3,3,3.4,Loyal,15,United Kingdom,20.294117647058822,43.408331827643686,349
14738,43,7,1314.45,3,4,3,3.3000000000000003,Loyal,39,United Kingdom,11.12962962962963,14.261781855648797,273
14739,4,7,3902.28,4,4,4,4.0,Champions,47,United Kingdom,63.666666666666664,41.49172900221466,363
14740,197,3,1448.21,1,3,3,2.1999999999999997,Needs Attention,85,United Kingdom,8.258426966292134,6.93486812153812,86
14741,12,6,1400.34,4,4,3,3.6999999999999997,Champions,35,United Kingdom,14.254237288135593,16.439839889525093,361
14744,16,7,1099.98,4,4,3,3.6999999999999997,Champions,21,United Kingdom,24.115384615384617,49.47329588933656,350
14745,113,5,1220.26,2,4,3,2.9,Loyal,46,United Kingdom,15.043478260869565,9.358374453992658,172
14747,249,1,328.2,1,1,2,1.2999999999999998,At Risk,18,United Kingdom,4.666666666666667,5.605197168175053,0
14748,29,5,1415.75,3,4,3,3.3000000000000003,Loyal,87,United Kingdom,13.741573033707866,6.5812111630633305,339
14752,44,1,389.64,3,1,2,2.1,Needs Attention,5,United Kingdom,52.0,74.0227662276951,0
14753,87,1,563.15,2,1,2,1.7000000000000002,Needs Attention,30,United Kingdom,7.033333333333333,4.309846051601582,0
14754,45,2,638.05,3,2,2,2.4000000000000004,Needs Attention,38,United Kingdom,11.853658536585366,5.988766781314465,250
14755,10,11,5010.28,4,4,4,4.0,Champions,128,United Kingdom,9.442553191489361,10.102249976340415,324
14756,15,1,738.96,4,1,3,2.8,Loyal,38,United Kingdom,10.947368421052632,8.531471601158007,0
14757,75,1,420.5,2,1,2,1.7000000000000002,Needs Attention,19,United Kingdom,8.421052631578947,8.996419820719979,0
14758,145,4,1484.06,1,3,3,2.1999999999999997,Needs Attention,54,United Kingdom,5.901408450704225,8.586779572140134,114
14759,5,3,1625.97,4,3,3,3.4,Loyal,92,United Kingdom,5.578431372549019,4.748204476262407,228
14760,297,1,89.2,1,1,1,1.0,At Risk,5,United Kingdom,8.0,4.943986245935561,0
14761,59,2,255.9,2,2,1,1.7,Needs Attention,11,United Kingdom,10.727272727272727,14.770461924210272,276
14762,264,1,300.52,1,1,1,1.0,At Risk,21,United Kingdom,16.238095238095237,7.53714168381521,0
14764,47,1,278.3,3,1,1,1.8000000000000003,Needs Attention,6,United Kingdom,31.666666666666668,26.423808708561808,0
14765,29,3,254.11,3,3,1,2.4,Needs Attention,38,United Kingdom,3.4615384615384617,7.563278944615362,147
14766,8,6,2473.37,4,4,4,4.0,Champions,111,United Kingdom,9.992592592592592,10.114626281793248,358
14768,17,2,192.60000000000002,4,2,1,2.5,Needs Attention,4,United Kingdom,10.4,17.953189131739244,109
14769,3,8,10674.75,4,4,4,4.0,Champions,718,United Kingdom,6.822018348623853,9.492211222912617,354
14770,232,2,876.42,1,2,3,1.9,Needs Attention,49,United Kingdom,9.423076923076923,7.653350502001438,90
14772,112,1,139.26,2,1,1,1.4000000000000001,At Risk,9,United Kingdom,9.11111111111111,4.289525031981979,0
14775,58,3,1011.9,2,3,3,2.5999999999999996,Loyal,57,United Kingdom,19.566666666666666,9.209601934753216,313
14776,51,11,2538.3,3,4,4,3.6000000000000005,Champions,44,United Kingdom,26.786324786324787,15.659302876509201,261
14778,127,2,730.86,2,2,3,2.3,Needs Attention,34,United Kingdom,8.742857142857142,12.360369422833106,181
14779,281,3,386.15,1,3,2,1.9,Needs Attention,40,United Kingdom,2.048780487804878,9.344956902639796,43
14780,55,2,447.68,2,2,2,2.0,Needs Attention,26,United Kingdom,11.481481481481481,5.786745415786191,24
14782,320,1,200.10000000000002,1,1,1,1.0,At Risk,6,United Kingdom,19.0,28.758981205877234,0
14784,26,2,289.99,3,2,1,2.1,Needs Attention,15,United Kingdom,15.8,11.723176353255285,297
14785,10,2,77.4,4,2,1,2.5,Needs Attention,2,United Kingdom,28.0,14.677820001621495,4
14788,7,2,679.4399999999999,4,2,3,3.1,Loyal,26,United Kingdom,14.033333333333333,16.943640735665706,19
14789,29,1,197.64,3,1,1,1.8000000000000003,Needs Attention,6,United Kingdom,19.333333333333332,13.975492835674887,0
14790,17,4,745.06,4,3,3,3.4,Loyal,30,United Kingdom,15.195652173913043,12.351297164367477,236
14792,64,1,6.2,2,1,1,1.4000000000000001,At Risk,2,United Kingdom,1.0,1.6263455967290594,0
14793,21,1,228.99,3,1,1,1.8000000000000003,Needs Attention,14,United Kingdom,6.5,3.96522888493087,0
14794,3,7,1319.91,4,4,3,3.6999999999999997,Champions,68,United Kingdom,8.4125,8.960204280242213,331
14795,166,1,131.45000000000002,1,1,1,1.0,At Risk,6,United Kingdom,2.8333333333333335,9.216746533710618,0
14796,1,17,8022.49,4,4,4,4.0,Champions,403,United Kingdom,5.28045574057844,8.74821421419016,365
14798,53,3,173.74,2,3,1,2.0,Needs Attention,11,United Kingdom,12.5,6.974621310454242,257
14799,51,1,157.7,2,1,1,1.4000000000000001,At Risk,13,United Kingdom,11.23076923076923,8.540407349319333,0
14800,48,12,4339.74,3,4,4,3.6000000000000005,Champions,246,United Kingdom,9.493506493506494,10.974555951409956,322
14801,61,1,193.14,2,1,1,1.4000000000000001,At Risk,56,United Kingdom,2.9661016949152543,2.047275534167185,0
14803,162,3,845.55,1,3,3,2.1999999999999997,Needs Attention,35,United Kingdom,8.409090909090908,38.86422301555167,130
14804,9,1,353.27,4,1,2,2.5,Needs Attention,12,United Kingdom,10.083333333333334,18.155616440466385,0
14805,15,4,554.65,4,3,2,3.1,Loyal,30,United Kingdom,2.4468085106382977,12.501975884538265,298
14806,75,1,193.39000000000001,2,1,1,1.4000000000000001,At Risk,11,United Kingdom,30.0,5.197538753189734,0
14808,40,8,2741.17,3,4,4,3.6000000000000005,Champions,176,United Kingdom,9.136170212765958,16.93819113493057,132
14810,41,11,2087.88,3,4,4,3.6000000000000005,Champions,106,United Kingdom,3.984313725490196,5.414440456430356,328
14813,370,2,155.43,1,2,1,1.3,At Risk,25,United Kingdom,2.2333333333333334,4.712529410865875,0
14815,37,2,778.5,3,2,3,2.7,Loyal,53,United Kingdom,14.037735849056604,5.07974258801787,31
14816,197,1,271.85,1,1,1,1.0,At Risk,4,United Kingdom,1.25,65.8660430343284,0
14817,200,2,1110.34,1,2,3,1.9,Needs Attention,52,United Kingdom,10.396825396825397,8.966356792023381,76
14818,74,3,657.8,2,3,2,2.3,Needs Attention,41,United Kingdom,6.75,15.556208288399096,179
14819,64,2,272.07,2,2,1,1.7,Needs Attention,13,United Kingdom,8.384615384615385,12.458422081838084,127
14820,21,4,507.29,3,3,2,2.7,Loyal,24,United Kingdom,8.724137931034482,6.9673405956196435,152
14821,367,1,48.800000000000004,1,1,1,1.0,At Risk,2,United Kingdom,10.0,1.1313708498984771,0
14823,180,3,321.43,1,3,2,1.9,Needs Attention,56,United Kingdom,1.2571428571428571,2.9533161380353654,14
14824,10,4,1127.71,4,3,3,3.4,Loyal,19,United Kingdom,18.103448275862068,31.271975618967545,81
14825,4,12,2226.91,4,4,4,4.0,Champions,82,United Kingdom,8.190082644628099,12.454096297474853,364
14828,197,3,2139.76,1,3,4,2.5,Needs Attention,17,United Kingdom,127.76470588235294,100.74659003133146,140
14829,29,4,697.55,3,3,3,3.0,Loyal,39,United Kingdom,10.761904761904763,8.334271272419471,343
14830,53,1,197.13,2,1,1,1.4000000000000001,At Risk,39,United Kingdom,4.225,4.755697736561742,0
14834,18,6,1720.3,3,4,4,3.6000000000000005,Champions,43,United Kingdom,10.955223880597014,18.04858862569221,222
14836,10,3,102.44999999999999,4,3,1,2.8,Loyal,5,United Kingdom,7.5,7.621663204314396,20
14837,90,4,1649.5,2,3,3,2.5999999999999996,Loyal,96,United Kingdom,13.296296296296296,5.389026865519067,111
14840,268,1,62.85,1,1,1,1.0,At Risk,4,United Kingdom,7.75,1.4250000000000007,0
14841,53,6,3295.76,2,4,4,3.2,Loyal,103,United Kingdom,12.884057971014492,10.719362199804209,305
14842,44,4,2824.69,3,3,4,3.3,Loyal,128,United Kingdom,8.041379310344828,23.919164510117582,264
14844,64,4,3189.81,2,3,4,2.9,Loyal,87,United Kingdom,14.1,39.15549628570483,177
14847,149,1,309.4,1,1,2,1.2999999999999998,At Risk,13,United Kingdom,9.23076923076923,10.545141061171254,0
14849,22,25,7930.54,3,4,4,3.6000000000000005,Champions,159,United Kingdom,14.675257731958762,14.321429626760391,351
14850,312,1,325.75,1,1,2,1.2999999999999998,At Risk,21,United Kingdom,13.952380952380953,10.452091952832992,0
14851,23,2,511.35,3,2,2,2.4000000000000004,Needs Attention,28,United Kingdom,11.607142857142858,11.556166102994538,232
14852,58,6,2836.69,2,4,4,3.2,Loyal,96,United Kingdom,12.216783216783217,7.841136651845095,193
14853,24,2,475.8,3,2,2,2.4000000000000004,Needs Attention,8,United Kingdom,9.11111111111111,69.37575224817385,187
14854,78,7,2759.83,2,4,4,3.2,Loyal,110,United Kingdom,14.4251968503937,20.34201412797298,196
14855,119,2,645.65,2,2,2,2.0,Needs Attention,13,United Kingdom,13.35,18.837737006506803,15
14856,36,3,1311.3799999999999,3,3,3,3.0,Loyal,65,United Kingdom,10.818181818181818,16.08749183288661,20
14857,60,2,1173.12,2,2,3,2.3,Needs Attention,58,United Kingdom,7.733333333333333,6.155835263927242,88
14859,13,4,1353.74,4,3,3,3.4,Loyal,47,United Kingdom,11.568965517241379,11.33161715058486,191
14860,19,1,170.32,3,1,1,1.8000000000000003,Needs Attention,11,United Kingdom,21.09090909090909,10.8619770509123,0
14861,52,1,125.79,2,1,1,1.4000000000000001,At Risk,6,United Kingdom,19.5,10.381116991923363,0
14862,26,2,841.1999999999999,3,2,3,2.7,Loyal,47,United Kingdom,16.083333333333332,6.728608341460064,122
14863,29,1,266.76,3,1,1,1.8000000000000003,Needs Attention,11,United Kingdom,12.0,15.359011331817847,0
14865,7,2,52.2,4,2,1,2.5,Needs Attention,4,United Kingdom,27.0,4.1861199218369265,364
14866,11,12,14389.9,4,4,4,4.0,Champions,30,United Kingdom,68.20202020202021,139.50712344729078,355
14867,186,3,710.28,1,3,3,2.1999999999999997,Needs Attention,31,United Kingdom,9.11111111111111,7.471002227660912,150
14868,3,8,2953.59,4,4,4,4.0,Champions,96,United Kingdom,9.756944444444445,9.281838249235173,230
14869,9,2,725.7,4,2,3,3.1,Loyal,66,United Kingdom,7.746478873239437,6.000169652195742,94
14870,262,1,327.25,1,1,2,1.2999999999999998,At Risk,13,United Kingdom,9.153846153846153,19.66302171785718,0
14871,3,4,522.38,4,3,2,3.1,Loyal,68,United Kingdom,1.8877551020408163,4.0193670113453726,357
14873,210,1,519.68,1,1,2,1.2999999999999998,At Risk,28,United Kingdom,6.0,5.534934841866137,0
14875,108,2,1465.3200000000002,2,2,3,2.3,Needs Attention,46,United Kingdom,11.872340425531915,40.30103186266067,155
14878,13,9,1485.54,4,4,3,3.6999999999999997,Champions,62,United Kingdom,6.467741935483871,15.097239503438383,345
14880,77,3,706.19,2,3,3,2.5999999999999996,Loyal,45,United Kingdom,7.9361702127659575,4.430480811606867,211
14881,20,1,255.4,3,1,1,1.8000000000000003,Needs Attention,17,United Kingdom,18.58823529411765,6.84336260654847,0
14882,27,2,589.7,3,2,2,2.4000000000000004,Needs Attention,6,United Kingdom,14.363636363636363,27.023303075140703,7
14883,19,6,761.59,3,4,3,3.3000000000000003,Loyal,39,United Kingdom,14.90566037735849,7.389817829092258,193
14885,132,1,765.3199999999999,2,1,3,2.0,Needs Attention,15,United Kingdom,48.266666666666666,24.010711260562342,0
14886,253,1,364.8,1,1,2,1.2999999999999998,At Risk,18,United Kingdom,8.88888888888889,7.189371239790682,0
14887,79,1,1862.0,2,1,4,2.3,Needs Attention,6,United Kingdom,183.33333333333334,116.7590110726648,0
14888,207,1,369.2,1,1,2,1.2999999999999998,At Risk,20,United Kingdom,9.2,6.250002105262803,0
14889,336,1,135.9,1,1,1,1.0,At Risk,10,United Kingdom,9.0,2.4445858544956045,0
14890,254,1,125.65,1,1,1,1.0,At Risk,7,United Kingdom,7.285714285714286,4.700265949922408,0
14891,148,2,554.38,1,2,2,1.6,Needs Attention,30,United Kingdom,15.303030303030303,4.914289075869685,39
14893,10,2,1237.8500000000001,4,2,3,3.1,Loyal,72,United Kingdom,10.945205479452055,6.056239637466731,2
14894,85,1,655.75,2,1,2,1.7000000000000002,Needs Attention,23,United Kingdom,11.521739130434783,19.987583171250794,0
14895,8,20,11138.710000000001,4,4,4,4.0,Champions,273,United Kingdom,9.740963855421686,14.81330933152733,282
14896,205,2,468.77000000000004,1,2,2,1.6,Needs Attention,43,United Kingdom,6.488372093023256,8.749624462752825,160
14897,8,4,1366.38,4,3,3,3.4,Loyal,43,United Kingdom,8.50909090909091,13.007567320964654,289
14898,23,6,1303.52,3,4,3,3.3000000000000003,Loyal,86,United Kingdom,8.793103448275861,14.546447980368859,347
14901,11,9,1421.29,4,4,3,3.6999999999999997,Champions,73,United Kingdom,6.885416666666667,14.055537585988676,361
14902,26,1,332.66,3,1,2,2.1,Needs Attention,20,United Kingdom,10.9,6.497401180877102,0
14903,21,5,2810.63,3,4,4,3.6000000000000005,Champions,227,United Kingdom,4.326760563380281,6.0993778624988355,257
14904,2,2,1025.44,4,2,3,3.1,Loyal,66,United Kingdom,28.768115942028984,16.194125775521766,23
14905,158,2,616.15,1,2,2,1.6,Needs Attention,14,United Kingdom,16.88235294117647,26.19455980228135,76
14907,3,7,3501.1,4,4,4,4.0,Champions,125,United Kingdom,10.248484848484848,11.940699605064554,364
14908,74,1,277.8,2,1,1,1.4000000000000001,At Risk,9,United Kingdom,14.666666666666666,22.732740705862984,0
14910,3,4,434.35,4,3,2,3.1,Loyal,25,United Kingdom,7.933333333333334,4.705945676762926,51
14911,1,201,143825.06,4,4,4,4.0,Champions,1787,EIRE,14.143612334801762,44.516978759059064,372
14912,17,2,867.85,4,2,3,3.1,Loyal,21,Italy,35.96296296296296,19.494100013276718,229
14913,36,4,1227.43,3,3,3,3.0,Loyal,76,United Kingdom,20.03448275862069,10.59096981236497,323
14915,91,2,307.48,2,2,2,2.0,Needs Attention,12,United Kingdom,9.333333333333334,19.90257330704812,186
14916,71,4,1268.98,2,3,3,2.5999999999999996,Loyal,72,United Kingdom,14.753246753246753,7.820381935420917,253
14918,116,2,1610.15,2,2,3,2.3,Needs Attention,39,United Kingdom,15.0,22.18853535071887,38
14920,213,2,977.77,1,2,3,1.9,Needs Attention,57,United Kingdom,8.929824561403509,4.89675539602718,0
14921,30,2,1316.07,3,2,3,2.7,Loyal,78,United Kingdom,12.217948717948717,6.947456167749257,171
14923,51,1,749.1,2,1,3,2.0,Needs Attention,44,United Kingdom,9.5,7.531823183341221,0
14924,246,1,310.05,1,1,2,1.2999999999999998,At Risk,10,United Kingdom,6.4,34.829668467494145,0
14929,32,1,223.88,3,1,1,1.8000000000000003,Needs Attention,11,United Kingdom,12.363636363636363,12.133926891908564,0
14930,109,3,2372.86,2,3,4,2.9,Loyal,116,Channel Islands,9.109375,8.576049634744335,165
14931,5,5,1257.68,4,4,3,3.6999999999999997,Champions,30,Channel Islands,10.170731707317072,45.07728575025071,236
14932,366,1,363.53,1,1,2,1.2999999999999998,At Risk,17,Channel Islands,4.705882352941177,9.636284332422642,0
14934,82,2,1890.94,2,2,4,2.5999999999999996,Loyal,68,Channel Islands,11.977011494252874,13.677675655383407,200
14935,297,1,1784.71,1,1,4,1.9,Needs Attention,10,Channel Islands,93.5,93.71891738953597,0
14936,34,8,8137.02,3,4,4,3.6000000000000005,Champions,210,Channel Islands,11.222527472527473,18.871340857445148,241
14937,57,3,1621.88,2,3,3,2.5999999999999996,Loyal,33,Channel Islands,14.235294117647058,39.34449582688356,73
14944,30,12,5900.25,3,4,4,3.6000000000000005,Champions,101,United Kingdom,16.558823529411764,26.24698532238986,266
14946,14,1,100.9,4,1,1,2.2,Needs Attention,3,United Kingdom,7.333333333333333,0.750555349946513,0
14947,72,2,290.82,2,2,1,1.7,Needs Attention,14,United Kingdom,12.785714285714286,10.184184895121552,58
14948,23,6,1101.97,3,4,3,3.3000000000000003,Loyal,56,United Kingdom,10.682539682539682,8.837260596994465,196
14950,19,1,371.2,3,1,2,2.1,Needs Attention,19,United Kingdom,7.157894736842105,10.068227832935966,0
14951,79,1,311.69,2,1,2,1.7000000000000002,Needs Attention,20,United Kingdom,15.55,8.977058758155056,0
14952,60,11,8099.49,2,4,4,3.2,Loyal,117,United Kingdom,24.31159420289855,54.18359802268788,304
14953,25,1,289.82,3,1,1,1.8000000000000003,Needs Attention,54,United Kingdom,4.090909090909091,5.216624216434247,0
14954,12,1,336.17,4,1,2,2.5,Needs Attention,75,United Kingdom,1.4941176470588236,4.831259478775746,0
14957,253,1,58.49,1,1,1,1.0,At Risk,12,United Kingdom,2.8333333333333335,4.624392752928035,0
14958,147,3,499.68,1,3,2,1.9,Needs Attention,33,United Kingdom,3.0714285714285716,8.558120743599082,98
14959,64,4,695.42,2,3,3,2.5999999999999996,Loyal,37,United Kingdom,8.372881355932204,9.603926539070102,232
14960,8,2,221.27,4,2,1,2.5,Needs Attention,23,United Kingdom,8.185185185185185,12.898630926268098,162
14961,11,9,7044.68,4,4,4,4.0,Champions,193,United Kingdom,11.884615384615385,15.805069086793685,349
14962,271,1,126.7,1,1,1,1.0,At Risk,5,United Kingdom,8.8,25.196413435249077,0
14963,10,5,1487.8,4,4,3,3.6999999999999997,Champions,149,United Kingdom,5.9393939393939394,10.928114629734228,173
14964,247,1,206.21,1,1,1,1.0,At Risk,13,United Kingdom,11.0,26.92584512875011,0
14965,96,2,599.0,2,2,2,2.0,Needs Attention,80,United Kingdom,4.397590361445783,9.747539893225698,0
14966,15,1,191.32,4,1,1,2.2,Needs Attention,35,United Kingdom,4.921052631578948,4.1908166893185435,0
14967,50,1,463.8,3,1,2,2.1,Needs Attention,6,United Kingdom,23.333333333333332,73.05173509233028,0
14968,30,1,147.59,3,1,1,1.8000000000000003,Needs Attention,37,United Kingdom,3.4324324324324325,3.3369670059499836,0
14970,68,4,1592.06,2,3,3,2.5999999999999996,Loyal,24,United Kingdom,7.352941176470588,27.04295407425728,248
14971,35,3,1116.57,3,3,3,3.0,Loyal,144,United Kingdom,4.025,5.660341884342454,8
14972,128,1,114.77,2,1,1,1.4000000000000001,At Risk,18,United Kingdom,1.5555555555555556,5.162562221689,0
14973,107,3,1314.45,2,3,3,2.5999999999999996,Loyal,29,United Kingdom,11.53125,71.41399233137471,118
14974,37,1,114.39,3,1,1,1.8000000000000003,Needs Attention,17,United Kingdom,2.0952380952380953,3.387372348675508,0
14975,57,1,279.94,2,1,1,1.4000000000000001,At Risk,11,United Kingdom,34.54545454545455,18.84207921358227,0
14976,57,7,790.86,2,4,3,2.9,Loyal,47,United Kingdom,3.25,10.520852633738631,269
14978,72,5,1931.42,2,4,4,3.2,Loyal,136,United Kingdom,2.4305555555555554,6.641840432626489,258
14981,246,1,102.12,1,1,1,1.0,At Risk,8,United Kingdom,12.125,4.1822994358879395,0
14984,19,2,213.27,3,2,1,2.1,Needs Attention,37,United Kingdom,1.4634146341463414,4.464242322297831,161
14985,198,2,296.75,1,2,1,1.3,At Risk,78,United Kingdom,2.9885057471264367,3.3139745097979385,159
14987,16,2,326.4,4,2,2,2.8000000000000003,Loyal,2,United Kingdom,32.0,0.0,349
14988,212,1,334.54,1,1,2,1.2999999999999998,At Risk,40,United Kingdom,3.525,9.156100264374679,0
14995,39,2,233.23000000000002,3,2,1,2.1,Needs Attention,53,United Kingdom,1.6885245901639345,2.6938707499593106,241
14997,46,3,546.1999999999999,3,3,2,2.7,Loyal,25,United Kingdom,43.07692307692308,13.000437010406168,131
14998,170,2,429.87,1,2,2,1.6,Needs Attention,70,United Kingdom,3.6,6.875141284051963,71
15000,48,1,490.52,3,1,2,2.1,Needs Attention,76,United Kingdom,2.831168831168831,4.433145622395494,0
15002,116,4,1641.76,2,3,3,2.5999999999999996,Loyal,93,United Kingdom,7.495652173913044,11.453366515173277,251
15004,147,1,1246.32,1,1,3,1.5999999999999999,Needs Attention,154,United Kingdom,3.9873417721518987,10.796379857521526,0
15005,16,28,6316.57,4,4,4,4.0,Champions,360,United Kingdom,3.7953529937444146,3.751722150107233,350
15006,51,1,502.09,2,1,2,1.7000000000000002,Needs Attention,121,United Kingdom,2.0972222222222223,4.336793283731626,0
15007,159,1,156.91,1,1,1,1.0,At Risk,12,United Kingdom,5.75,9.253618907151292,0
15009,12,3,1261.78,4,3,3,3.4,Loyal,148,United Kingdom,3.5274725274725274,6.7678100272624695,12
15010,36,1,308.94,3,1,2,2.1,Needs Attention,20,United Kingdom,9.2,5.758146723053394,0
15012,54,2,423.04,2,2,2,2.0,Needs Attention,110,United Kingdom,1.8046875,2.4775359234466228,319
15014,43,2,260.17,3,2,1,2.1,Needs Attention,29,United Kingdom,4.314285714285714,14.447805643043504,133
15016,173,1,170.04,1,1,1,1.0,At Risk,20,United Kingdom,3.8,4.311935210918398,0
15017,34,1,125.58,3,1,1,1.8000000000000003,Needs Attention,20,United Kingdom,3.15,2.9837593736761017,0
15018,39,3,496.21000000000004,3,3,2,2.7,Loyal,30,United Kingdom,6.096774193548387,9.189375889978157,329
15019,267,1,266.0,1,1,1,1.0,At Risk,64,United Kingdom,2.2714285714285714,3.3552260771795255,0
15021,9,9,1914.82,4,4,4,4.0,Champions,287,United Kingdom,1.7944915254237288,4.55211512235321,357
15022,12,4,905.04,4,3,3,3.4,Loyal,96,United Kingdom,4.022222222222222,5.924470654608176,35
15023,3,11,6802.76,4,4,4,4.0,Champions,347,United Kingdom,5.108540925266904,15.432005421679383,366
15024,10,10,1661.33,4,4,3,3.6999999999999997,Champions,105,United Kingdom,5.935483870967742,8.522112806471,357
15025,33,1,377.01,3,1,2,2.1,Needs Attention,66,United Kingdom,2.625,4.247774044247872,0
15026,80,3,469.0,2,3,2,2.3,Needs Attention,57,United Kingdom,4.672131147540983,10.498180292486497,197
15027,31,4,1066.1499999999999,3,3,3,3.0,Loyal,30,United Kingdom,16.142857142857142,28.180893208285763,207
15028,8,4,627.13,4,3,2,3.1,Loyal,35,United Kingdom,9.5625,14.666928638960327,360
15030,72,2,518.28,2,2,2,2.0,Needs Attention,7,United Kingdom,53.142857142857146,34.27367502909486,196
15031,4,4,668.14,4,3,2,3.1,Loyal,74,United Kingdom,3.6126126126126126,7.634923671906582,277
15032,256,3,4959.1,1,3,4,2.5,Needs Attention,29,United Kingdom,57.07692307692308,100.37143658833142,110
15033,5,10,2586.67,4,4,4,4.0,Champions,315,United Kingdom,3.323529411764706,5.4257068120938525,324
15034,16,8,4308.61,4,4,4,4.0,Champions,299,United Kingdom,6.147208121827411,15.159157791731007,338
15035,90,1,252.73000000000002,2,1,1,1.4000000000000001,At Risk,26,United Kingdom,9.074074074074074,9.596994514101992,0
15036,72,3,465.55,2,3,2,2.3,Needs Attention,107,United Kingdom,2.574803149606299,3.8518256895084453,107
15038,59,6,705.49,2,4,3,2.9,Loyal,105,United Kingdom,1.6692307692307693,5.323376709246771,311
15039,10,47,19914.44,4,4,4,4.0,Champions,408,United Kingdom,6.13115845539281,21.09131281583768,359
15041,170,1,180.35,1,1,1,1.0,At Risk,66,United Kingdom,1.5522388059701493,2.622482010437842,0
15042,199,1,135.93,1,1,1,1.0,At Risk,5,United Kingdom,6.0,28.204128775766147,0
15043,31,1,537.0,3,1,2,2.1,Needs Attention,3,United Kingdom,100.0,0.0,0
15044,19,17,7700.2300000000005,3,4,4,3.6000000000000005,Champions,233,United Kingdom,6.169977924944813,11.27704350250791,342
15045,152,2,735.66,1,2,3,1.9,Needs Attention,11,United Kingdom,9.5,49.67810428603879,105
15046,9,15,5213.7699999999995,4,4,4,4.0,Champions,147,United Kingdom,16.75242718446602,33.290968866959645,329
15047,270,1,343.62,1,1,2,1.2999999999999998,At Risk,22,United Kingdom,10.090909090909092,3.996572232600032,0
15048,65,4,384.05,2,3,2,2.3,Needs Attention,86,United Kingdom,2.0103092783505154,4.723358896533685,303
15049,274,1,121.17000000000002,1,1,1,1.0,At Risk,3,United Kingdom,21.0,39.74928049663289,0
15050,25,3,1782.09,3,3,4,3.3,Loyal,68,United Kingdom,15.692307692307692,21.196209822493287,46
15051,23,3,1391.61,3,3,3,3.0,Loyal,130,United Kingdom,7.06993006993007,10.62392173867192,127
15052,319,1,215.78,1,1,1,1.0,At Risk,27,United Kingdom,2.7333333333333334,14.05494364697135,0
15053,5,3,697.79,4,3,3,3.4,Loyal,49,United Kingdom,13.887323943661972,10.145603498168667,277
15054,12,2,302.1,4,2,1,2.5,Needs Attention,105,United Kingdom,1.736842105263158,2.596744387869011,28
15057,275,2,1489.5,1,2,3,1.9,Needs Attention,25,United Kingdom,26.72,47.139208733282736,40
15058,25,11,2124.9900000000002,3,4,4,3.6000000000000005,Champions,199,United Kingdom,3.8731884057971016,8.812129314492383,286
15059,41,9,1337.72,3,4,3,3.3000000000000003,Loyal,161,United Kingdom,2.548523206751055,4.8359405848499435,293
15060,8,4,303.09,4,3,1,2.8,Loyal,81,United Kingdom,2.1735537190082646,2.6148365518398027,0
15061,4,48,54534.14,4,4,4,4.0,Champions,70,United Kingdom,71.76178660049628,233.34063639096883,368
15062,71,4,987.86,2,3,3,2.5999999999999996,Loyal,47,United Kingdom,13.385964912280702,6.46448547303478,288
15063,213,1,370.79999999999995,1,1,2,1.2999999999999998,At Risk,5,United Kingdom,11.2,101.46340719688058,0
15065,38,4,3158.13,3,3,4,3.3,Loyal,148,United Kingdom,8.92258064516129,20.44301955528864,253
15066,53,1,893.59,2,1,3,2.0,Needs Attention,42,United Kingdom,7.5476190476190474,12.046816816583178,0
15067,78,3,1744.76,2,3,4,2.9,Loyal,82,United Kingdom,11.634146341463415,14.778929659449364,204
15068,46,2,553.36,3,2,2,2.4000000000000004,Needs Attention,96,United Kingdom,3.5,3.987561897698404,210
15069,179,1,1109.53,1,1,3,1.5999999999999999,Needs Attention,70,United Kingdom,7.428571428571429,4.430248933272943,0
15070,373,1,106.2,1,1,1,1.0,At Risk,1,United Kingdom,36.0,0.0,0
15071,94,2,982.07,2,2,3,2.3,Needs Attention,25,United Kingdom,10.346153846153847,39.70728165152893,182
15073,10,3,1043.41,4,3,3,3.4,Loyal,31,United Kingdom,9.092592592592593,12.016752604245552,177
15074,105,1,748.87,2,1,3,2.0,Needs Attention,41,United Kingdom,10.833333333333334,5.598689083537601,0
15075,78,1,773.03,2,1,3,2.0,Needs Attention,27,United Kingdom,16.555555555555557,21.776542235577526,0
15076,173,1,880.85,1,1,3,1.5999999999999999,Needs Attention,49,United Kingdom,11.653061224489797,8.884373583015577,0
15078,7,32,9743.11,4,4,4,4.0,Champions,97,United Kingdom,11.602272727272727,8.568627940279569,361
15079,213,4,895.61,1,3,3,2.1999999999999997,Needs Attention,46,United Kingdom,8.27659574468085,17.163195431746008,153
15081,22,5,504.8,3,4,2,3.0000000000000004,Loyal,26,United Kingdom,5.757575757575758,5.580560279246434,345
15083,257,1,88.2,1,1,1,1.0,At Risk,5,United Kingdom,7.6,9.632523033971939,0
15087,282,1,306.94,1,1,1,1.0,At Risk,15,United Kingdom,31.333333333333332,11.71626187744847,0
15088,21,2,1160.07,3,2,3,2.7,Loyal,53,United Kingdom,8.070175438596491,13.310464161816736,45
15089,10,6,2420.84,4,4,4,4.0,Champions,139,United Kingdom,9.372413793103448,10.095612150508089,118
15090,308,1,381.32,1,1,2,1.2999999999999998,At Risk,23,United Kingdom,9.043478260869565,4.97084400465123,0
15091,68,1,480.71,2,1,2,1.7000000000000002,Needs Attention,30,United Kingdom,11.533333333333333,6.268176044076955,0
15092,215,2,457.81,1,2,2,1.6,Needs Attention,23,United Kingdom,5.1923076923076925,5.274567674591554,68
15093,18,6,4597.02,3,4,4,3.6000000000000005,Champions,52,United Kingdom,34.81481481481482,44.3120734692046,353
15095,104,4,1370.6,2,3,3,2.5999999999999996,Loyal,30,United Kingdom,22.95744680851064,12.900390172587626,99
15096,43,1,219.39000000000001,3,1,1,1.8000000000000003,Needs Attention,11,United Kingdom,10.909090909090908,11.028455343914997,0
15097,4,1,248.08,4,1,1,2.2,Needs Attention,25,United Kingdom,6.8,6.120922261663951,0
15098,182,3,39916.5,1,3,4,2.5,Needs Attention,1,United Kingdom,40.333333333333336,22226.80778362021,0
15099,84,1,410.48,2,1,2,1.7000000000000002,Needs Attention,23,United Kingdom,14.91304347826087,15.474018528071968,0
15100,334,3,876.0,1,3,3,2.1999999999999997,Needs Attention,1,United Kingdom,26.666666666666668,101.15176716202244,40
15101,9,2,317.53,4,2,2,2.8000000000000003,Loyal,8,United Kingdom,30.125,30.378663300556386,350
15103,31,2,703.36,3,2,3,2.7,Loyal,35,United Kingdom,9.4,12.891941440979597,55
15104,197,2,1027.44,1,2,3,1.9,Needs Attention,66,United Kingdom,9.231884057971014,5.962079294513491,85
15105,18,7,2298.93,3,4,4,3.6000000000000005,Champions,90,United Kingdom,11.990099009900991,22.57379574060627,116
15106,18,5,1422.52,3,4,3,3.3000000000000003,Loyal,90,United Kingdom,11.81,5.194676078020222,251
15107,311,6,319.5,1,4,2,2.2,Needs Attention,12,United Kingdom,10.5625,11.627637693587346,61
15108,142,4,1300.25,2,3,3,2.5999999999999996,Loyal,50,European Community,8.316666666666666,10.938438256770256,85
15109,246,1,484.95,1,1,2,1.2999999999999998,At Risk,28,United Kingdom,4.678571428571429,4.014080294222527,0
15110,24,4,996.1,3,3,3,3.0,Loyal,17,United Kingdom,7.0285714285714285,23.20907783858823,294
15111,29,3,1567.48,3,3,3,3.0,Loyal,70,United Kingdom,8.452380952380953,7.0419156253199375,343
15113,10,3,3609.33,4,3,4,3.7,Champions,77,United Kingdom,23.86,35.14228837788376,44
15114,30,10,2760.56,3,4,4,3.6000000000000005,Champions,136,United Kingdom,15.715736040609137,5.774068938549052,271
15115,18,1,340.11,3,1,2,2.1,Needs Attention,21,United Kingdom,7.476190476190476,9.461075293764747,0
15116,18,4,1352.75,3,3,3,3.0,Loyal,37,United Kingdom,14.4,28.533694613260806,187
15117,15,5,1551.78,4,4,3,3.6999999999999997,Champions,63,United Kingdom,24.658227848101266,26.094517202716037,200
15118,134,1,244.8,2,1,1,1.4000000000000001,At Risk,1,United Kingdom,1440.0,0.0,0
15119,246,1,266.4,1,1,1,1.0,At Risk,14,United Kingdom,6.285714285714286,8.29317871426953,0
15120,134,1,358.82,2,1,2,1.7000000000000002,Needs Attention,21,United Kingdom,14.095238095238095,8.278181160939482,0
15121,50,2,457.72,3,2,2,2.4000000000000004,Needs Attention,28,United Kingdom,7.107142857142857,4.678321048270184,238
15122,114,3,1633.78,2,3,3,2.5999999999999996,Loyal,65,United Kingdom,9.75609756097561,11.658118026891694,183
15123,7,2,2199.31,4,2,4,3.4000000000000004,Loyal,93,United Kingdom,11.273584905660377,12.723662979411895,198
15124,23,2,184.19,3,2,1,2.1,Needs Attention,14,United Kingdom,15.533333333333333,4.967788336109032,169
15125,25,15,11528.48,3,4,4,3.6000000000000005,Champions,102,United Kingdom,48.76377952755905,67.00172455439741,245
15127,66,1,406.53,2,1,2,1.7000000000000002,Needs Attention,16,United Kingdom,15.6875,13.127059695529688,0
15128,60,4,1471.0,2,3,3,2.5999999999999996,Loyal,74,United Kingdom,13.166666666666666,7.153111452762333,159
15129,50,11,3447.4,3,4,4,3.6000000000000005,Champions,54,United Kingdom,21.357142857142858,59.63266154266533,241
15130,170,1,330.11,1,1,2,1.2999999999999998,At Risk,22,United Kingdom,8.954545454545455,5.603096720309481,0
15132,18,5,977.9300000000001,3,4,3,3.3000000000000003,Loyal,49,United Kingdom,13.057692307692308,15.27316254843015,244
15133,128,3,982.42,2,3,3,2.5999999999999996,Loyal,27,United Kingdom,23.448275862068964,26.746223268216777,174
15134,15,8,1387.99,4,4,3,3.6999999999999997,Champions,44,United Kingdom,12.150684931506849,9.559893707257626,225
15135,239,1,139.05,1,1,1,1.0,At Risk,9,United Kingdom,4.777777777777778,2.1633307652783924,0
15136,3,4,1286.7,4,3,3,3.4,Loyal,61,United Kingdom,11.411764705882353,7.249032577518256,93
15139,240,2,178.96,1,2,1,1.3,At Risk,13,United Kingdom,16.0,5.860519798421665,96
15140,52,7,2354.25,2,4,4,3.2,Loyal,74,United Kingdom,19.65,17.435118865599822,211
15142,46,1,498.74,3,1,2,2.1,Needs Attention,26,United Kingdom,14.038461538461538,11.391055195263451,0
15143,226,1,259.45,1,1,1,1.0,At Risk,14,United Kingdom,10.714285714285714,3.3378716815715603,0
15144,8,17,6580.44,4,4,4,4.0,Champions,132,United Kingdom,14.055299539170507,18.799327434741777,304
15145,4,4,1194.73,4,3,3,3.4,Loyal,54,United Kingdom,11.283582089552239,9.588394014320542,244
15146,165,2,1327.16,1,2,3,1.9,Needs Attention,90,United Kingdom,16.186813186813186,9.478628834961551,126
15147,240,1,623.5,1,1,2,1.2999999999999998,At Risk,28,United Kingdom,13.071428571428571,15.243506293729935,0
15148,11,1,301.29,4,1,1,2.2,Needs Attention,20,United Kingdom,9.35,4.953336435384262,0
15149,134,1,520.8000000000001,2,1,2,1.7000000000000002,Needs Attention,23,United Kingdom,5.565217391304348,14.365269863837211,0
15150,17,10,5314.47,4,4,4,4.0,Champions,282,United Kingdom,10.66472303206997,6.182875352054867,251
15152,10,13,4745.69,4,4,4,4.0,Champions,196,United Kingdom,9.977859778597786,6.820198093629958,177
15153,31,1,329.25,3,1,2,2.1,Needs Attention,22,United Kingdom,9.0,4.850521483099385,0
15154,75,1,296.42,2,1,1,1.4000000000000001,At Risk,66,United Kingdom,1.223529411764706,3.857948316149923,0
15156,1,3,961.49,4,3,3,3.4,Loyal,51,United Kingdom,10.854545454545455,9.8280213078871,32
15157,4,3,1936.07,4,3,4,3.7,Champions,125,United Kingdom,19.136,11.600323876457486,354
15158,45,1,401.40000000000003,3,1,2,2.1,Needs Attention,7,United Kingdom,28.285714285714285,50.22328202281147,0
15159,2,30,18641.010000000002,4,4,4,4.0,Champions,363,United Kingdom,16.114084507042254,24.211281228248197,359
15160,357,1,158.16,1,1,1,1.0,At Risk,4,United Kingdom,21.0,45.09366252590269,0
15163,18,2,304.47,3,2,1,2.1,Needs Attention,29,United Kingdom,6.413793103448276,12.992951755478698,173
15164,69,3,843.05,2,3,3,2.5999999999999996,Loyal,79,United Kingdom,3.495145631067961,6.116131494531876,270
15165,373,1,487.75,1,1,2,1.2999999999999998,At Risk,27,United Kingdom,5.925925925925926,4.12512971392357,0
15167,321,1,163.0,1,1,1,1.0,At Risk,39,United Kingdom,1.6341463414634145,2.9461229173105523,0
15168,26,1,106.56,3,1,1,1.8000000000000003,Needs Attention,5,United Kingdom,10.4,15.497861788001599,0
15171,331,1,1289.5,1,1,3,1.5999999999999999,Needs Attention,5,United Kingdom,58.0,274.1056821738652,0
15172,9,5,1624.05,4,4,3,3.6999999999999997,Champions,106,United Kingdom,14.645454545454545,6.194760777671495,227
15174,323,1,135.75,1,1,1,1.0,At Risk,11,United Kingdom,13.181818181818182,5.956523238509952,0
15175,72,1,224.14,2,1,1,1.4000000000000001,At Risk,23,United Kingdom,19.73913043478261,4.598980983539344,0
15178,260,1,40.5,1,1,1,1.0,At Risk,3,United Kingdom,10.0,5.5677643628300215,0
15179,18,5,2206.95,3,4,4,3.6000000000000005,Champions,91,United Kingdom,20.838709677419356,18.626698744033572,300
15180,367,1,87.5,1,1,1,1.0,At Risk,6,United Kingdom,6.0,2.807964862078347,0
15181,66,3,689.4799999999999,2,3,3,2.5999999999999996,Loyal,11,United Kingdom,34.0,58.72933934584996,203
15182,154,2,622.85,1,2,2,1.6,Needs Attention,24,United Kingdom,8.724137931034482,6.342069657213315,114
15184,29,2,406.76,3,2,2,2.4000000000000004,Needs Attention,59,United Kingdom,3.5396825396825395,6.381592520106398,161
15185,70,1,310.62,2,1,2,1.7000000000000002,Needs Attention,21,United Kingdom,31.714285714285715,15.745971639030182,0
15186,14,2,411.41,4,2,2,2.8000000000000003,Loyal,17,United Kingdom,11.31578947368421,7.389641438175151,154
15187,2,16,4777.18,4,4,4,4.0,Champions,61,United Kingdom,20.736263736263737,68.37554413959597,210
15189,1,41,16225.39,4,4,4,4.0,Champions,80,United Kingdom,29.004716981132077,72.77715605913512,331
15192,120,3,1044.32,2,3,3,2.5999999999999996,Loyal,36,United Kingdom,18.0,14.191527682416162,245
15193,61,1,499.32,2,1,2,1.7000000000000002,Needs Attention,19,United Kingdom,7.578947368421052,16.647016416029498,0
15194,3,15,7616.53,4,4,4,4.0,Champions,209,United Kingdom,18.39677419354839,22.989914237687522,365
15195,3,1,3861.0,4,1,4,3.1,Loyal,1,United Kingdom,1404.0,0.0,0
15197,11,3,1079.6100000000001,4,3,3,3.4,Loyal,30,United Kingdom,14.65625,73.29769427057761,347
15198,92,2,193.64,2,2,1,1.7,Needs Attention,10,United Kingdom,12.0,9.778078884252606,31
15199,59,4,1268.7,2,3,3,2.5999999999999996,Loyal,5,United Kingdom,30.46153846153846,78.55295943436779,249
15201,87,5,1236.54,2,4,3,2.9,Loyal,35,United Kingdom,17.536231884057973,15.307364215721023,160
15203,26,6,1827.8,3,4,4,3.6000000000000005,Champions,82,United Kingdom,12.345070422535212,6.328807560224295,285
15204,357,1,316.58,1,1,2,1.2999999999999998,At Risk,9,United Kingdom,28.666666666666668,19.571984513017014,0
15205,85,2,653.24,2,2,2,2.0,Needs Attention,37,United Kingdom,10.216216216216216,13.446665555615063,42
15206,10,4,420.29999999999995,4,3,2,3.1,Loyal,3,United Kingdom,18.0,21.749999999999996,265
15208,1,5,870.12,4,4,3,3.6999999999999997,Champions,25,United Kingdom,7.523809523809524,12.033849674110696,352
15210,225,1,331.18,1,1,2,1.2999999999999998,At Risk,20,United Kingdom,11.4,10.677938841121765,0
15211,60,2,894.4100000000001,2,2,3,2.3,Needs Attention,52,United Kingdom,4.615384615384615,5.660942030101966,304
15212,241,1,101.8,1,1,1,1.0,At Risk,5,United Kingdom,7.2,11.249133299948044,0
15213,319,2,328.35,1,2,2,1.6,Needs Attention,22,United Kingdom,11.333333333333334,4.269070067254745,11
15214,2,8,1661.44,4,4,3,3.6999999999999997,Champions,109,United Kingdom,11.4,6.26980329791098,241
15215,47,3,734.94,3,3,3,3.0,Loyal,33,United Kingdom,6.428571428571429,9.584010116645663,49
15216,88,1,96.6,2,1,1,1.4000000000000001,At Risk,2,United Kingdom,14.0,21.637467504308354,0
15218,11,11,5756.89,4,4,4,4.0,Champions,77,United Kingdom,20.05421686746988,37.417204137280144,308
15219,176,1,305.75,1,1,1,1.0,At Risk,9,United Kingdom,5.0,30.5430138402294,0
15220,52,6,1778.96,2,4,4,3.2,Loyal,110,United Kingdom,11.905982905982906,7.583805522555896,229
15221,366,1,403.25,1,1,2,1.2999999999999998,At Risk,5,United Kingdom,8.6,18.739330297531982,0
15222,319,1,585.0,1,1,2,1.2999999999999998,At Risk,5,United Kingdom,88.0,48.42003717470692,0
15223,226,2,755.75,1,2,3,1.9,Needs Attention,14,United Kingdom,10.65,41.418899433267875,23
15224,358,2,322.08,1,2,2,1.6,Needs Attention,13,United Kingdom,10.857142857142858,18.081554440617403,4
15225,234,1,409.40000000000003,1,1,2,1.2999999999999998,At Risk,23,United Kingdom,9.826086956521738,5.382125298362418,0
15226,311,1,154.41,1,1,1,1.0,At Risk,8,United Kingdom,8.875,8.568197739314844,0
15227,37,5,1219.4,3,4,3,3.3000000000000003,Loyal,43,United Kingdom,12.931034482758621,8.220471458388813,280
15228,66,4,3386.71,2,3,4,2.9,Loyal,110,United Kingdom,18.04,17.326986481842,228
15230,239,2,429.6,1,2,2,1.6,Needs Attention,23,United Kingdom,15.26086956521739,14.000193392227226,1
15232,113,2,612.06,2,2,2,2.0,Needs Attention,26,United Kingdom,22.129032258064516,10.872788565165596,27
15234,277,1,197.0,1,1,1,1.0,At Risk,14,United Kingdom,14.0,5.162520042267457,0
15235,218,12,2247.51,1,4,4,2.8,Loyal,132,United Kingdom,9.258741258741258,5.708313731863454,155
15236,299,1,321.05,1,1,2,1.2999999999999998,At Risk,15,United Kingdom,17.933333333333334,20.52779010674716,0
15237,2,4,1412.32,4,3,3,3.4,Loyal,94,United Kingdom,10.818181818181818,4.7588555497160545,225
15238,29,3,1071.99,3,3,3,3.0,Loyal,49,United Kingdom,13.84,25.11740379554725,154
15239,10,2,780.59,4,2,3,3.1,Loyal,48,United Kingdom,12.122448979591837,6.087407753984064,68
15240,45,5,1706.57,3,4,4,3.6000000000000005,Champions,58,United Kingdom,17.55128205128205,12.289251896318268,267
15241,67,8,1756.44,2,4,4,3.2,Loyal,82,United Kingdom,16.527272727272727,11.18997593091448,216
15243,74,1,316.68,2,1,2,1.7000000000000002,Needs Attention,22,United Kingdom,8.409090909090908,4.120192699229962,0
15244,65,2,631.57,2,2,2,2.0,Needs Attention,31,United Kingdom,11.911764705882353,11.478752226343978,182
15245,134,3,2515.84,2,3,4,2.9,Loyal,55,United Kingdom,20.04494382022472,32.97610820633872,127
15246,238,2,514.15,1,2,2,1.6,Needs Attention,32,United Kingdom,7.484848484848484,3.387706160561012,120
15247,122,1,356.0,2,1,2,1.7000000000000002,Needs Attention,6,United Kingdom,26.666666666666668,30.093897498773174,0
15249,32,13,6688.46,3,4,4,3.6000000000000005,Champions,211,United Kingdom,10.22,9.36332496649359,224
15251,9,11,10484.99,4,4,4,4.0,Champions,97,United Kingdom,55.5945945945946,44.36084896062947,232
15252,36,2,740.78,3,2,3,2.7,Loyal,44,United Kingdom,11.863636363636363,6.5286047934978315,146
15253,16,5,918.1999999999999,4,4,3,3.6999999999999997,Champions,52,United Kingdom,16.339622641509433,6.261035662067706,153
15254,127,1,300.36,2,1,1,1.4000000000000001,At Risk,18,United Kingdom,15.277777777777779,5.475078296512404,0
15255,67,1,890.85,2,1,3,2.0,Needs Attention,47,United Kingdom,10.404255319148936,13.267133589156533,0
15256,149,1,98.45,1,1,1,1.0,At Risk,6,United Kingdom,9.166666666666666,7.625379771963275,0
15257,283,1,317.15,1,1,2,1.2999999999999998,At Risk,7,United Kingdom,6.571428571428571,53.641047937279566,0
15258,169,2,623.16,1,2,2,1.6,Needs Attention,32,United Kingdom,4.176470588235294,5.97422112108056,48
15260,100,7,1810.77,2,4,4,3.2,Loyal,62,United Kingdom,11.493506493506494,11.627419699078121,272
15261,135,1,254.82,2,1,1,1.4000000000000001,At Risk,19,United Kingdom,14.210526315789474,6.913270060107344,0
15262,324,1,178.95000000000002,1,1,1,1.0,At Risk,10,United Kingdom,7.3,3.8609476384259174,0
15263,107,1,156.51,2,1,1,1.4000000000000001,At Risk,12,United Kingdom,7.416666666666667,4.250249457919554,0
15264,64,1,393.74,2,1,2,1.7000000000000002,Needs Attention,23,United Kingdom,11.521739130434783,6.166293208789127,0
15265,151,2,1506.1200000000001,1,2,3,1.9,Needs Attention,76,United Kingdom,7.463414634146342,7.424515788140455,84
15266,338,1,119.3,1,1,1,1.0,At Risk,6,United Kingdom,3.0,9.815531909512934,0
15267,22,5,1717.36,3,4,4,3.6000000000000005,Champions,8,United Kingdom,85.81818181818181,83.16646526968995,160
15269,24,1,408.8,3,1,2,2.1,Needs Attention,2,United Kingdom,13.0,121.05668093913692,0
15270,16,7,2379.49,4,4,4,4.0,Champions,22,United Kingdom,37.09756097560975,57.74839823562631,294
15271,7,15,2507.07,4,4,4,4.0,Champions,184,United Kingdom,4.605839416058394,7.737708176637064,358
15272,57,2,721.94,2,2,3,2.3,Needs Attention,63,United Kingdom,4.920634920634921,8.750309095557316,28
15274,4,2,716.57,4,2,3,3.1,Loyal,44,United Kingdom,13.170212765957446,6.934590221174944,14
15275,38,1,615.14,3,1,2,2.1,Needs Attention,41,United Kingdom,12.146341463414634,5.1636719540246245,0
15276,66,1,135.31,2,1,1,1.4000000000000001,At Risk,49,United Kingdom,1.2307692307692308,2.119826423284867,0
15277,47,1,255.89999999999998,3,1,1,1.8000000000000003,Needs Attention,12,United Kingdom,17.083333333333332,13.82971800146337,0
15279,355,1,290.51,1,1,1,1.0,At Risk,19,United Kingdom,9.947368421052632,5.637105246095335,0
15280,172,1,113.12,1,1,1,1.0,At Risk,16,United Kingdom,9.625,6.544141400265329,0
15281,59,9,2332.15,2,4,4,3.2,Loyal,121,United Kingdom,8.712230215827338,6.092649988364793,274
15286,50,1,240.55,3,1,1,1.8000000000000003,Needs Attention,3,United Kingdom,18.333333333333332,30.139522778792188,0
15287,22,2,486.69,3,2,2,2.4000000000000004,Needs Attention,17,United Kingdom,21.65,24.12573434388224,48
15288,43,5,2306.52,3,4,4,3.6000000000000005,Champions,80,United Kingdom,8.806818181818182,24.978083952776142,322
15289,29,3,939.78,3,3,3,3.0,Loyal,43,United Kingdom,17.379310344827587,16.027314208124604,220
15290,5,18,7943.22,4,4,4,4.0,Champions,93,United Kingdom,22.063725490196077,25.1008076696333,354
15291,26,15,4668.3,3,4,4,3.6000000000000005,Champions,62,United Kingdom,20.41747572815534,48.592846047911,348
15292,201,1,180.94,1,1,1,1.0,At Risk,24,United Kingdom,2.24,4.803185817767203,0
15296,51,6,3672.86,2,4,4,3.2,Loyal,137,United Kingdom,9.103092783505154,14.009270728054574,275
15297,10,3,641.94,4,3,2,3.1,Loyal,30,United Kingdom,7.487179487179487,4.593172851320235,53
15298,2,12,4799.9,4,4,4,4.0,Champions,115,United Kingdom,16.229166666666668,71.13764268695694,364
15299,67,7,4507.01,2,4,4,3.2,Loyal,7,United Kingdom,421.14285714285717,222.34152561832826,304
15300,64,1,496.44,2,1,2,1.7000000000000002,Needs Attention,28,United Kingdom,10.428571428571429,5.107254825427436,0
15301,51,12,5070.35,2,4,4,3.2,Loyal,167,United Kingdom,11.419753086419753,40.36492990229359,317
15303,290,1,574.02,1,1,2,1.2999999999999998,At Risk,31,United Kingdom,8.0,6.968286918651181,0
15304,61,8,694.4000000000001,2,4,3,2.9,Loyal,8,United Kingdom,4.521739130434782,18.01730640355338,307
15306,64,3,1174.35,2,3,3,2.5999999999999996,Loyal,57,United Kingdom,13.96551724137931,12.821127514304344,83
15307,96,1,205.3,2,1,1,1.4000000000000001,At Risk,12,United Kingdom,3.0833333333333335,2.770611462978502,0
15308,274,1,310.47,1,1,2,1.2999999999999998,At Risk,19,United Kingdom,9.210526315789474,3.363989816479848,0
15311,1,91,60767.9,4,4,4,4.0,Champions,567,United Kingdom,16.05464480874317,46.52619164720481,373
15312,75,4,924.85,2,3,3,2.5999999999999996,Loyal,42,United Kingdom,10.97872340425532,12.88398183333053,279
15313,110,1,52.0,2,1,1,1.4000000000000001,At Risk,1,United Kingdom,25.0,0.0,0
15314,199,1,327.97,1,1,2,1.2999999999999998,At Risk,24,United Kingdom,13.041666666666666,5.152592407176485,0
15315,64,2,570.5,2,2,2,2.0,Needs Attention,35,United Kingdom,23.2972972972973,6.05738474177676,51
15316,327,1,165.0,1,1,1,1.0,At Risk,1,United Kingdom,100.0,0.0,0
15318,4,1,312.62,4,1,2,2.5,Needs Attention,33,United Kingdom,19.454545454545453,7.6623995371336955,0
15319,284,1,204.5,1,1,1,1.0,At Risk,16,United Kingdom,10.9375,6.010126870541088,0
15320,44,1,267.13,3,1,1,1.8000000000000003,Needs Attention,36,United Kingdom,9.055555555555555,11.075888996531702,0
15321,71,3,2748.31,2,3,4,2.9,Loyal,83,United Kingdom,12.43157894736842,16.4481966233765,220
15322,86,1,679.68,2,1,3,2.0,Needs Attention,42,United Kingdom,9.904761904761905,6.726207312324113,0
15325,104,1,162.29,2,1,1,1.4000000000000001,At Risk,47,United Kingdom,4.73469387755102,3.7817808743543897,0
15326,334,1,311.71,1,1,2,1.2999999999999998,At Risk,29,United Kingdom,13.310344827586206,5.133581821230761,0
15327,53,1,208.75,2,1,1,1.4000000000000001,At Risk,10,United Kingdom,11.6,9.357327788067133,0
15329,39,3,1049.7,3,3,3,3.0,Loyal,51,United Kingdom,8.526315789473685,9.536328087029025,132
15330,32,2,714.96,3,2,3,2.7,Loyal,10,United Kingdom,100.92307692307692,65.47506489555336,28
15332,366,4,1661.06,1,3,3,2.1999999999999997,Needs Attention,29,Lithuania,18.62857142857143,23.82426491322371,3
15333,208,1,1028.56,1,1,3,1.5999999999999999,Needs Attention,16,United Kingdom,21.5,67.12463065075293,0
15334,157,3,351.67,1,3,2,1.9,Needs Attention,67,United Kingdom,2.7676767676767677,3.4431868708602495,16
15335,54,1,173.97,2,1,1,1.4000000000000001,At Risk,34,United Kingdom,2.2222222222222223,3.646847072668194,0
15339,66,2,574.07,2,2,2,2.0,Needs Attention,77,United Kingdom,4.837209302325581,4.286818847074526,251
15341,81,1,2020.52,2,1,4,2.3,Needs Attention,17,United Kingdom,47.76470588235294,41.788862011728604,0
15342,130,1,406.09,2,1,2,1.7000000000000002,Needs Attention,24,United Kingdom,11.791666666666666,6.496440817640182,0
15343,87,1,364.5,2,1,2,1.7000000000000002,Needs Attention,21,United Kingdom,4.0,6.026323209766584,0
15344,1,3,563.94,4,3,2,3.1,Loyal,21,United Kingdom,4.461538461538462,9.346134174085023,73
15345,46,1,393.54,3,1,2,2.1,Needs Attention,20,United Kingdom,4.05,6.042744322521715,0
15346,333,1,252.42000000000002,1,1,1,1.0,At Risk,17,United Kingdom,8.470588235294118,3.615128343665889,0
15347,366,1,201.60000000000002,1,1,1,1.0,At Risk,5,United Kingdom,26.0,44.64893055830116,0
15348,72,1,158.04,2,1,1,1.4000000000000001,At Risk,9,United Kingdom,9.333333333333334,9.86521160442086,0
15349,158,2,473.81,1,2,2,1.6,Needs Attention,65,United Kingdom,4.541666666666667,6.253201844956831,29
15350,373,1,115.65,1,1,1,1.0,At Risk,5,United Kingdom,10.2,4.628660713424566,0
15351,12,7,1960.1100000000001,4,4,4,4.0,Champions,157,United Kingdom,3.3466666666666667,9.322217993665914,357
15353,255,2,777.02,1,2,3,1.9,Needs Attention,59,United Kingdom,5.444444444444445,13.781450284371536,113
15355,29,2,277.05,3,2,1,2.1,Needs Attention,9,United Kingdom,3.2142857142857144,11.133338337061017,23
15356,31,10,2766.5,3,4,4,3.6000000000000005,Champions,215,United Kingdom,3.2235067437379574,3.7967111855388973,336
15358,5,22,8347.2,4,4,4,4.0,Champions,292,United Kingdom,12.79491833030853,8.45789225113405,360
15360,40,1,427.93,3,1,2,2.1,Needs Attention,13,United Kingdom,17.153846153846153,13.086159453054561,0
15361,362,1,418.92,1,1,2,1.2999999999999998,At Risk,7,United Kingdom,48.0,66.37944432255688,0
15363,373,1,326.0,1,1,2,1.2999999999999998,At Risk,16,United Kingdom,9.0,8.478502226218968,0
15364,96,2,913.19,2,2,3,2.3,Needs Attention,29,United Kingdom,17.0,44.028621854022774,158
15365,26,7,2314.32,3,4,4,3.6000000000000005,Champions,65,United Kingdom,9.508771929824562,16.375742062138773,289
15366,75,2,602.51,2,2,2,2.0,Needs Attention,37,United Kingdom,14.113636363636363,4.91629655622529,282
15367,57,4,1877.59,2,3,4,2.9,Loyal,91,United Kingdom,11.126315789473685,10.384301213414863,218
15368,21,1,446.94000000000005,3,1,2,2.1,Needs Attention,4,United Kingdom,57.5,115.09287076096416,0
15370,41,7,2386.05,3,4,4,3.6000000000000005,Champions,65,United Kingdom,8.829787234042554,29.20899344886065,291
15372,137,1,2007.3999999999999,2,1,4,2.3,Needs Attention,27,United Kingdom,108.29629629629629,39.46832313456111,0
15373,8,12,2415.91,4,4,4,4.0,Champions,74,United Kingdom,3.787878787878788,17.879963704552207,363
15374,129,1,168.0,2,1,1,1.4000000000000001,At Risk,3,United Kingdom,42.0,33.580351397804044,0
15376,40,3,1233.3600000000001,3,3,3,3.0,Loyal,100,United Kingdom,5.2905982905982905,6.1265788416037905,182
15379,169,7,3703.29,1,4,4,2.8,Loyal,145,United Kingdom,11.881443298969073,10.832346099809913,189
15380,9,5,1690.2600000000002,4,4,4,4.0,Champions,22,United Kingdom,10.444444444444445,54.859954142994226,356
15381,214,2,596.85,1,2,2,1.6,Needs Attention,8,United Kingdom,21.375,98.96918148559466,54
15382,15,6,5955.71,4,4,4,4.0,Champions,193,United Kingdom,13.28476821192053,11.350132268845883,280
15384,170,2,642.41,1,2,2,1.6,Needs Attention,34,United Kingdom,14.536585365853659,7.937982288017405,189
15385,40,1,316.88,3,1,2,2.1,Needs Attention,12,United Kingdom,13.416666666666666,41.988963340671354,0
15386,186,1,394.14,1,1,2,1.2999999999999998,At Risk,31,United Kingdom,14.387096774193548,4.167736215416028,0
15388,270,1,140.54,1,1,1,1.0,At Risk,10,Canada,8.8,4.6193029777229375,0
15389,172,1,500.0,1,1,2,1.2999999999999998,At Risk,1,United Kingdom,400.0,0.0,0
15392,5,4,1535.53,4,3,3,3.4,Loyal,74,United Kingdom,15.202380952380953,14.234174428901872,355
15393,16,2,231.86,4,2,1,2.5,Needs Attention,10,United Kingdom,12.5,9.989639936484503,264
15394,10,4,2183.54,4,3,4,3.7,Champions,54,United Kingdom,10.705882352941176,11.708388200674895,348
15395,326,1,107.45,1,1,1,1.0,At Risk,7,United Kingdom,2.4285714285714284,1.664331697709324,0
15396,113,1,288.18,2,1,1,1.4000000000000001,At Risk,14,United Kingdom,8.714285714285714,18.00366147131262,0
15397,290,1,94.0,1,1,1,1.0,At Risk,6,United Kingdom,3.3333333333333335,1.5727894540168648,0
15398,16,2,1345.53,4,2,3,3.1,Loyal,60,United Kingdom,10.534246575342467,6.529678539291504,62
15399,1,3,815.77,4,3,3,3.4,Loyal,45,United Kingdom,12.22,7.5165111343397255,77
15400,92,5,716.2,2,4,3,2.9,Loyal,10,United Kingdom,32.5,31.07869288620665,186
15402,149,2,626.77,1,2,2,1.6,Needs Attention,35,United Kingdom,16.523809523809526,12.210425471122226,47
15405,189,1,349.1,1,1,2,1.2999999999999998,At Risk,8,United Kingdom,24.125,40.57732996566996,0
15406,31,2,510.71000000000004,3,2,2,2.4000000000000004,Needs Attention,51,United Kingdom,4.7924528301886795,9.787913531812638,269
15407,34,4,1056.44,3,3,3,3.0,Loyal,142,United Kingdom,3.6470588235294117,17.27466543603877,271
15408,264,1,267.18,1,1,1,1.0,At Risk,34,United Kingdom,3.1176470588235294,6.135656083853025,0
15410,84,8,3450.84,2,4,4,3.2,Loyal,48,United Kingdom,9.836065573770492,21.9187145989008,177
15411,26,4,1358.88,3,3,3,3.0,Loyal,86,United Kingdom,5.353535353535354,8.520271244386652,156
15412,171,1,190.53,1,1,1,1.0,At Risk,10,United Kingdom,10.8,30.226878417873206,0
15414,10,3,774.9000000000001,4,3,3,3.4,Loyal,37,United Kingdom,11.35897435897436,12.992168366612127,232
15415,313,1,572.8100000000001,1,1,2,1.2999999999999998,At Risk,46,United Kingdom,11.979166666666666,6.295356441189903,0
15416,65,4,3984.32,2,3,4,2.9,Loyal,165,United Kingdom,10.885416666666666,15.113195833679763,218
15417,85,1,508.8,2,1,2,1.7000000000000002,Needs Attention,28,United Kingdom,10.142857142857142,2.422251346846895,0
15419,25,1,135.86,3,1,1,1.8000000000000003,Needs Attention,8,United Kingdom,28.75,8.244460911077553,0
15421,59,4,950.36,2,3,3,2.5999999999999996,Loyal,40,United Kingdom,9.433962264150944,5.915523917799756,251
15422,323,2,97.7,1,2,1,1.3,At Risk,6,United Kingdom,6.333333333333333,4.019660018790975,0
15423,38,1,43.5,3,1,1,1.8000000000000003,Needs Attention,2,United Kingdom,50.5,20.152543263816604,0
15424,254,2,383.34,1,2,2,1.6,Needs Attention,17,United Kingdom,32.588235294117645,14.125082508868857,0
15426,19,5,1447.39,3,4,3,3.3000000000000003,Loyal,217,United Kingdom,2.308219178082192,6.971168049862841,350
15427,33,3,1483.14,3,3,3,3.0,Loyal,233,United Kingdom,3.310457516339869,4.619437403909735,13
15428,15,1,93.78,4,1,1,2.2,Needs Attention,6,United Kingdom,17.0,5.830413364419371,0
15429,27,2,397.35,3,2,2,2.4000000000000004,Needs Attention,77,United Kingdom,4.634146341463414,5.579753308960782,48
15432,23,1,171.19,3,1,1,1.8000000000000003,Needs Attention,10,United Kingdom,6.5,6.416822422352047,0
15433,214,2,533.3,1,2,2,1.6,Needs Attention,40,United Kingdom,13.024390243902438,3.2831037330476205,53
15434,8,5,1041.48,4,4,3,3.6999999999999997,Champions,40,United Kingdom,11.763636363636364,10.904034863127332,191
15435,22,1,149.29,3,1,1,1.8000000000000003,Needs Attention,29,United Kingdom,1.8620689655172413,2.8488084969363507,0
15436,12,3,1122.53,4,3,3,3.4,Loyal,243,United Kingdom,1.8632218844984803,3.3230911240814285,221
15437,262,1,200.16,1,1,1,1.0,At Risk,44,United Kingdom,1.7555555555555555,3.9964555887345066,0
15438,131,1,156.57999999999998,2,1,1,1.4000000000000001,At Risk,25,United Kingdom,2.36,3.9685458293939355,0
15440,55,3,383.68,2,3,2,2.3,Needs Attention,50,United Kingdom,3.1774193548387095,7.131408752730367,154
15442,249,1,594.0,1,1,2,1.2999999999999998,At Risk,2,United Kingdom,60.0,0.0,0
15443,2,7,3236.91,4,4,4,4.0,Champions,237,United Kingdom,4.353403141361256,7.235443344046451,318
15444,9,2,1418.26,4,2,3,3.1,Loyal,191,United Kingdom,3.4885844748858448,4.364715709412888,31
15445,264,1,113.5,1,1,1,1.0,At Risk,5,United Kingdom,11.6,4.981465647778774,0
15447,331,1,155.17,1,1,1,1.0,At Risk,9,United Kingdom,9.444444444444445,5.395248938752605,0
15448,313,1,494.64,1,1,2,1.2999999999999998,At Risk,28,United Kingdom,8.285714285714286,5.893646565690026,0
15449,26,3,974.52,3,3,3,3.0,Loyal,47,United Kingdom,13.533333333333333,5.580071623378495,235
15450,30,1,429.84,3,1,2,2.1,Needs Attention,30,United Kingdom,12.533333333333333,6.297293562070658,0
15452,30,3,538.73,3,3,2,2.7,Loyal,47,United Kingdom,4.879310344827586,7.486802142559871,234
15453,2,7,1388.37,4,4,3,3.6999999999999997,Champions,169,United Kingdom,2.9545454545454546,4.695705937059053,185
15454,362,1,179.1,1,1,1,1.0,At Risk,23,United Kingdom,3.44,5.099867645341396,0
15456,283,3,447.22,1,3,2,1.9,Needs Attention,48,United Kingdom,11.0,5.113178044769625,75
15457,262,1,237.07,1,1,1,1.0,At Risk,56,United Kingdom,2.2758620689655173,3.121386084567115,0
15458,25,1,161.64,3,1,1,1.8000000000000003,Needs Attention,7,United Kingdom,22.285714285714285,8.948615216094291,0
15460,354,1,216.76,1,1,1,1.0,At Risk,53,United Kingdom,1.8793103448275863,3.0058631554238975,0
15462,94,3,234.6,2,3,1,2.0,Needs Attention,9,United Kingdom,15.636363636363637,11.856229662847369,92
15463,29,1,126.14,3,1,1,1.8000000000000003,Needs Attention,7,United Kingdom,15.142857142857142,9.14761171016785,0
15464,338,1,1048.85,1,1,3,1.5999999999999999,Needs Attention,155,United Kingdom,2.229299363057325,7.625892149744591,0
15465,20,18,7354.62,3,4,4,3.6000000000000005,Champions,43,United Kingdom,12.958762886597938,106.14571896955016,349
15466,85,1,334.53,2,1,2,1.7000000000000002,Needs Attention,56,United Kingdom,4.315789473684211,4.238582008597808,0
15467,9,3,524.88,4,3,2,3.1,Loyal,41,United Kingdom,5.961538461538462,8.778847160422794,142
15468,51,2,467.51,2,2,2,2.0,Needs Attention,24,United Kingdom,6.458333333333333,3.528407054263966,0
15469,50,2,538.55,3,2,2,2.4000000000000004,Needs Attention,24,United Kingdom,6.375,14.79914670841199,69
15471,2,1,469.48,4,1,2,2.5,Needs Attention,67,United Kingdom,3.4545454545454546,10.026159187102145,0
15472,113,1,371.56,2,1,2,1.7000000000000002,Needs Attention,76,United Kingdom,3.3026315789473686,3.1386606820733234,0
15473,14,7,1771.2,4,4,4,4.0,Champions,4,United Kingdom,61.09090909090909,66.59041700097421,46
15475,77,1,454.10999999999996,2,1,2,1.7000000000000002,Needs Attention,29,United Kingdom,11.0,8.019238628282606,0
15478,40,2,1441.42,3,2,3,2.7,Loyal,34,United Kingdom,12.717391304347826,27.09990141344351,16
15480,116,1,905.5,2,1,3,2.0,Needs Attention,45,Malta,6.733333333333333,16.225587240933105,0
15482,16,12,11054.96,4,4,4,4.0,Champions,46,United Kingdom,51.224489795918366,99.10704944394487,343
15483,161,4,233.81,1,3,1,1.5999999999999999,Needs Attention,74,United Kingdom,3.352272727272727,2.687097035474608,105
15484,1,4,3594.31,4,3,4,3.7,Champions,135,United Kingdom,16.76595744680851,19.873455459784772,77
15485,30,3,2575.0,3,3,4,3.3,Loyal,59,United Kingdom,15.186046511627907,30.76911337160072,343
15488,93,1,91.32000000000001,2,1,1,1.4000000000000001,At Risk,2,United Kingdom,36.5,43.3597878223591,0
15489,23,3,1134.28,3,3,3,3.0,Loyal,47,United Kingdom,12.16,14.344509176343541,188
15491,95,6,3100.09,2,4,4,3.2,Loyal,108,United Kingdom,10.688311688311689,13.678223680727404,140
15492,28,2,659.4599999999999,3,2,2,2.4000000000000004,Needs Attention,32,United Kingdom,13.8,10.069666004658652,46
15493,33,5,2001.8,3,4,4,3.6000000000000005,Champions,177,United Kingdom,1.8855218855218856,5.431776126401189,238
15494,21,2,1299.23,3,2,3,2.7,Loyal,120,United Kingdom,9.184,10.273035074972388,99
15497,18,2,1262.2,3,2,3,2.7,Loyal,13,United Kingdom,41.6,54.876352787317195,302
15498,3,27,13316.4,4,4,4,4.0,Champions,360,United Kingdom,11.923828125,25.58108041350695,364
15500,8,4,1131.56,4,3,3,3.4,Loyal,64,United Kingdom,8.411764705882353,6.8137205481672245,73
15502,16,12,10384.93,4,4,4,4.0,Champions,164,United Kingdom,19.887323943661972,222.06877340376212,353
15503,363,1,147.09,1,1,1,1.0,At Risk,66,United Kingdom,1.0571428571428572,1.7845633748688767,0
15504,81,1,52.83,2,1,1,1.4000000000000001,At Risk,13,United Kingdom,2.5384615384615383,2.6733703399190647,0
15505,53,5,3610.96,2,4,4,3.2,Loyal,90,United Kingdom,24.63917525773196,38.00889594844781,102
15506,23,3,979.26,3,3,3,3.0,Loyal,121,United Kingdom,5.170731707317073,8.109954801731572,116
15507,172,1,492.36,1,1,2,1.2999999999999998,At Risk,41,United Kingdom,3.5217391304347827,8.385643079399006,0
15508,189,6,1000.27,1,4,3,2.5,Needs Attention,78,United Kingdom,4.782608695652174,9.304486407518274,46
15510,331,1,250.0,1,1,1,1.0,At Risk,1,United Kingdom,2.0,0.0,0
15511,12,5,909.23,4,4,3,3.6999999999999997,Champions,117,United Kingdom,1.69375,5.290645324725901,73
15512,156,2,121.0,1,2,1,1.3,At Risk,7,United Kingdom,9.714285714285714,4.802231624091925,203
15513,33,19,14758.220000000001,3,4,4,3.6000000000000005,Champions,183,United Kingdom,18.535714285714285,47.74178210848649,340
15514,12,11,4139.46,4,4,4,4.0,Champions,96,United Kingdom,12.134831460674157,65.81276214492073,352
15516,45,3,62.43,3,3,1,2.4,Needs Attention,15,United Kingdom,1.8,2.6623786357315895,1
15517,233,1,267.03,1,1,1,1.0,At Risk,27,United Kingdom,10.851851851851851,8.246409008681388,0
15518,64,8,1942.45,2,4,4,3.2,Loyal,135,United Kingdom,5.9485981308411215,7.513029746607592,268
15520,2,1,343.5,4,1,2,2.5,Needs Attention,18,United Kingdom,17.444444444444443,7.451560436658653,0
15521,40,8,3000.2,3,4,4,3.6000000000000005,Champions,116,United Kingdom,9.924324324324324,26.02068088963175,214
15522,33,2,398.84,3,2,2,2.4000000000000004,Needs Attention,47,United Kingdom,10.052631578947368,7.926663807858071,54
15523,84,1,412.01000000000005,2,1,2,1.7000000000000002,Needs Attention,10,United Kingdom,13.2,71.38226615281356,0
15524,25,1,440.0,3,1,2,2.1,Needs Attention,1,United Kingdom,4.0,0.0,0
15525,2,3,825.92,4,3,3,3.4,Loyal,133,United Kingdom,2.337078651685393,4.599291519992586,371
15526,33,2,148.44,3,2,1,2.1,Needs Attention,4,United Kingdom,6.0,55.359736271048114,0
15527,19,8,2429.78,3,4,4,3.6000000000000005,Champions,127,United Kingdom,6.085889570552148,18.434485705753453,335
15528,254,1,229.33,1,1,1,1.0,At Risk,26,United Kingdom,4.730769230769231,13.313802606549109,0
15529,23,11,3995.23,3,4,4,3.6000000000000005,Champions,415,United Kingdom,5.2023809523809526,6.2925741898560945,343
15530,22,4,1502.35,3,3,3,3.0,Loyal,90,United Kingdom,8.796296296296296,10.191994592894236,225
15531,8,2,2007.44,4,2,4,3.4000000000000004,Loyal,196,United Kingdom,4.8464912280701755,7.577956280732212,22
15532,25,4,1580.93,3,3,3,3.0,Loyal,205,United Kingdom,2.03515625,5.725598978507297,332
15533,19,3,807.57,3,3,3,3.0,Loyal,73,United Kingdom,3.4819277108433737,10.165473244403907,69
15535,173,4,536.4,1,3,2,1.9,Needs Attention,55,United Kingdom,1.9066666666666667,6.802094868097225,154
15537,163,1,110.92,1,1,1,1.0,At Risk,24,United Kingdom,1.2083333333333333,4.641271065284731,0
15539,7,1,538.46,4,1,2,2.5,Needs Attention,41,United Kingdom,10.0,12.70349429075016,0
15540,11,1,213.3,4,1,1,2.2,Needs Attention,15,United Kingdom,13.333333333333334,7.737182026699754,0
15541,114,1,85.13000000000001,2,1,1,1.4000000000000001,At Risk,29,United Kingdom,1.6896551724137931,2.687686985132246,0
15543,288,1,127.86,1,1,1,1.0,At Risk,26,United Kingdom,3.0714285714285716,3.5007260773706745,0
15544,9,9,3546.71,4,4,4,4.0,Champions,122,United Kingdom,12.003861003861005,5.964688968607926,363
15545,54,2,292.71999999999997,2,2,1,1.7,Needs Attention,78,United Kingdom,2.0123456790123457,3.3894124003657455,316
15547,7,14,4954.84,4,4,4,4.0,Champions,441,United Kingdom,5.743589743589744,9.71583332569531,354
15549,77,3,1693.26,2,3,4,2.9,Loyal,104,United Kingdom,6.069565217391304,15.09943688969774,239
15550,4,4,575.63,4,3,2,3.1,Loyal,43,United Kingdom,4.836065573770492,7.762191246730505,297
15551,37,1,436.06,3,1,2,2.1,Needs Attention,29,United Kingdom,7.517241379310345,9.817926125155697,0
15552,217,1,90.12,1,1,1,1.0,At Risk,17,United Kingdom,3.5294117647058822,4.715048889397836,0
15553,60,1,437.23,2,1,2,1.7000000000000002,Needs Attention,51,United Kingdom,8.053571428571429,5.915102393971623,0
15554,278,1,217.2,1,1,1,1.0,At Risk,14,United Kingdom,5.285714285714286,2.639597038843718,0
15555,12,16,4805.17,4,4,4,4.0,Champions,401,United Kingdom,4.9377085650723025,6.341567509667998,357
15556,24,1,279.77,3,1,1,1.8000000000000003,Needs Attention,31,United Kingdom,7.612903225806452,9.530499766877476,0
15557,29,1,473.65000000000003,3,1,2,2.1,Needs Attention,16,United Kingdom,10.95,20.78780636385313,0
15561,12,4,800.59,4,3,3,3.4,Loyal,27,United Kingdom,9.88888888888889,28.13471339325847,203
15562,352,1,134.55,1,1,1,1.0,At Risk,1,United Kingdom,39.0,0.0,0
15563,22,4,1400.44,3,3,3,3.0,Loyal,88,United Kingdom,13.283185840707965,10.362930108468177,336
15565,50,2,173.16,3,2,1,2.1,Needs Attention,8,United Kingdom,7.5,5.495886773630932,20
15567,19,1,186.01,3,1,1,1.8000000000000003,Needs Attention,7,United Kingdom,31.857142857142858,33.01894239891486,0
15568,3,3,758.29,4,3,3,3.4,Loyal,27,United Kingdom,8.69811320754717,15.10562429017537,70
15569,104,5,1375.71,2,4,3,2.9,Loyal,27,United Kingdom,21.483870967741936,69.79035099064805,228
15570,7,12,4165.52,4,4,4,4.0,Champions,231,United Kingdom,6.3993808049535605,7.947564940009288,362
15571,12,4,650.4300000000001,4,3,2,3.1,Loyal,47,United Kingdom,4.631578947368421,18.318958337920474,66
15572,5,7,2552.86,4,4,4,4.0,Champions,166,United Kingdom,5.716279069767442,17.047390658497296,273
15573,32,2,607.45,3,2,2,2.4000000000000004,Needs Attention,88,United Kingdom,3.4903846153846154,6.7465998787130035,53
15574,178,4,702.25,1,3,3,2.1999999999999997,Needs Attention,131,United Kingdom,2.0773809523809526,5.645170846719457,194
15576,38,1,940.6700000000001,3,1,3,2.4000000000000004,Needs Attention,43,United Kingdom,8.977777777777778,36.096672554335946,0
15577,151,3,258.88,1,3,1,1.5999999999999999,Needs Attention,39,United Kingdom,2.282051282051282,6.96719689140595,154
15578,162,1,127.1,1,1,1,1.0,At Risk,13,United Kingdom,4.0,14.370711177377054,0
15579,69,2,348.6,2,2,2,2.0,Needs Attention,45,United Kingdom,2.3529411764705883,4.763532870860105,245
15581,121,13,3679.9700000000003,2,4,4,3.2,Loyal,134,United Kingdom,1.919463087248322,205.91148142071265,245
15582,25,3,682.9100000000001,3,3,3,3.0,Loyal,39,United Kingdom,10.295454545454545,5.710767633705067,195
15584,24,4,725.11,3,3,3,3.0,Loyal,89,United Kingdom,2.5528455284552845,5.647876338100998,138
15585,177,1,455.3,1,1,2,1.2999999999999998,At Risk,31,United Kingdom,10.32258064516129,6.634818858893027,0
15587,50,4,913.6800000000001,3,3,3,3.0,Loyal,3,United Kingdom,34.666666666666664,66.47217462968997,301
15589,256,3,478.53000000000003,1,3,2,1.9,Needs Attention,28,United Kingdom,8.379310344827585,4.003868080483088,54
15592,47,1,388.58,3,1,2,2.1,Needs Attention,24,United Kingdom,14.75,10.913099793434002,0
15593,71,1,199.8,2,1,1,1.4000000000000001,At Risk,5,United Kingdom,12.0,34.60705130461132,0
15594,16,5,1771.78,4,4,4,4.0,Champions,85,United Kingdom,9.54368932038835,5.667186151595189,218
15596,101,5,1406.59,2,4,3,2.9,Loyal,51,United Kingdom,7.285714285714286,7.272557720383452,264
15597,35,1,324.57,3,1,2,2.1,Needs Attention,22,United Kingdom,12.681818181818182,6.032795598002035,0
15598,53,1,240.68,2,1,1,1.4000000000000001,At Risk,14,United Kingdom,11.428571428571429,5.14596011396372,0
15599,27,2,761.74,3,2,3,2.7,Loyal,50,United Kingdom,13.807692307692308,6.695633535854207,177
15601,11,14,6776.56,4,4,4,4.0,Champions,230,United Kingdom,12.153658536585366,9.865907619918618,361
15602,8,9,1297.8700000000001,4,4,3,3.6999999999999997,Champions,30,United Kingdom,24.717391304347824,21.41898376119462,359
15603,79,1,48.480000000000004,2,1,1,1.4000000000000001,At Risk,2,United Kingdom,48.0,14.594683963690345,0
15604,52,1,216.39,2,1,1,1.4000000000000001,At Risk,17,United Kingdom,9.352941176470589,5.787905366314464,0
15605,36,5,1198.23,3,4,3,3.3000000000000003,Loyal,61,United Kingdom,6.582089552238806,5.997743024924862,337
15606,61,9,2920.16,2,4,4,3.2,Loyal,48,United Kingdom,11.584415584415584,21.88962481649633,263
15607,337,1,104.76,1,1,1,1.0,At Risk,13,United Kingdom,15.538461538461538,5.1416629057044805,0
15608,28,4,1093.68,3,3,3,3.0,Loyal,59,United Kingdom,11.9,12.666959395963307,92
15609,184,1,298.48,1,1,1,1.0,At Risk,16,United Kingdom,9.25,6.130057095982059,0
15610,52,1,112.46000000000001,2,1,1,1.4000000000000001,At Risk,6,United Kingdom,11.0,4.2631146673138725,0
15611,10,13,1591.45,4,4,3,3.6999999999999997,Champions,23,United Kingdom,11.720930232558139,41.09893851910976,325
15612,36,2,195.15,3,2,1,2.1,Needs Attention,4,United Kingdom,8.666666666666666,28.682865093989477,25
15615,10,23,10399.74,4,4,4,4.0,Champions,184,United Kingdom,13.02127659574468,20.666841197390283,348
15618,33,4,776.851,3,3,3,3.0,Loyal,39,United Kingdom,10.088888888888889,5.4819419964575715,103
15619,11,1,336.40000000000003,4,1,2,2.5,Needs Attention,3,United Kingdom,45.333333333333336,28.729311396783128,0
15620,57,3,1553.18,2,3,3,2.5999999999999996,Loyal,92,United Kingdom,9.15,5.059417737090292,301
15621,4,4,1293.03,4,3,3,3.4,Loyal,11,United Kingdom,31.3125,77.17350840530275,17
15622,43,9,3709.56,3,4,4,3.6000000000000005,Champions,169,United Kingdom,9.04864864864865,7.820631570091488,239
15623,141,1,301.03,2,1,1,1.4000000000000001,At Risk,19,United Kingdom,6.578947368421052,3.4972579902392673,0
15624,117,4,588.13,2,3,2,2.3,Needs Attention,26,United Kingdom,10.5,6.267041145844478,139
15625,104,4,1534.26,2,3,3,2.5999999999999996,Loyal,44,United Kingdom,18.5625,13.447915926192302,131
15626,75,2,675.8,2,2,3,2.3,Needs Attention,49,United Kingdom,15.63265306122449,5.637759481637108,254
15628,5,9,2870.2400000000002,4,4,4,4.0,Champions,85,United Kingdom,12.219354838709677,8.18738456402056,362
15630,45,2,1186.35,3,2,3,2.7,Loyal,57,United Kingdom,13.333333333333334,10.811884644976155,159
15632,16,8,3285.31,4,4,4,4.0,Champions,107,United Kingdom,12.62874251497006,14.115339631547341,259
15634,17,1,243.55,4,1,1,2.2,Needs Attention,15,United Kingdom,6.6,4.603976024926199,0
15636,90,2,724.76,2,2,3,2.3,Needs Attention,20,United Kingdom,11.36,17.700258114878814,192
15637,53,1,223.36,2,1,1,1.4000000000000001,At Risk,15,United Kingdom,8.533333333333333,7.2069831876220345,0
15639,134,1,425.32,2,1,2,1.7000000000000002,Needs Attention,25,United Kingdom,12.92,11.22038268806669,0
15640,4,15,12515.66,4,4,4,4.0,Champions,240,United Kingdom,13.650826446280991,29.82667941937638,367
15641,105,4,1887.2,2,3,4,2.9,Loyal,102,United Kingdom,13.126050420168067,8.152918181569952,253
15643,192,3,664.0,1,3,2,1.9,Needs Attention,31,United Kingdom,7.454545454545454,13.03848887850308,90
15644,166,4,813.0,1,3,3,2.1999999999999997,Needs Attention,166,United Kingdom,2.3403361344537816,3.0283494047102337,94
15645,19,1,612.01,3,1,2,2.1,Needs Attention,50,United Kingdom,4.923076923076923,13.535805301156987,0
15646,158,3,447.64000000000004,1,3,2,1.9,Needs Attention,35,United Kingdom,11.257142857142858,5.640284455547947,214
15648,204,2,657.35,1,2,2,1.6,Needs Attention,23,United Kingdom,8.84,11.974863603955303,62
15649,336,2,816.0,1,2,3,1.9,Needs Attention,1,United Kingdom,96.0,144.2497833620557,31
15651,37,3,646.3,3,3,2,2.7,Loyal,27,United Kingdom,14.96875,17.92020889090159,223
15652,91,1,337.74,2,1,2,1.7000000000000002,Needs Attention,21,United Kingdom,9.904761904761905,10.876822671560449,0
15653,93,2,877.4399999999999,2,2,3,2.3,Needs Attention,4,United Kingdom,200.0,207.98240848687178,23
15654,9,2,922.53,4,2,3,3.1,Loyal,15,United Kingdom,22.61904761904762,28.850752676490096,16
15655,243,1,560.67,1,1,2,1.2999999999999998,At Risk,34,United Kingdom,9.529411764705882,4.473092947495507,0
15656,45,4,748.5,3,3,3,3.0,Loyal,46,United Kingdom,7.297872340425532,5.025112505126297,238
15657,23,1,30.0,3,1,1,1.8000000000000003,Needs Attention,1,United Kingdom,24.0,0.0,0
15658,190,5,1024.1000000000001,1,4,3,2.5,Needs Attention,40,United Kingdom,5.041666666666667,12.006819685979764,182
15659,44,1,306.45,3,1,1,1.8000000000000003,Needs Attention,11,United Kingdom,10.090909090909092,10.705438295133415,0
15660,25,9,1600.86,3,4,3,3.3000000000000003,Loyal,55,United Kingdom,11.666666666666666,8.476008680155266,340
15661,317,2,309.8,1,2,2,1.6,Needs Attention,4,United Kingdom,47.2,78.52940850407572,21
15663,106,1,138.14,2,1,1,1.4000000000000001,At Risk,9,United Kingdom,11.777777777777779,3.2081164428853115,0
15664,51,1,386.43,2,1,2,1.7000000000000002,Needs Attention,17,United Kingdom,9.235294117647058,10.261160925032401,0
15665,168,2,2242.01,1,2,4,2.2,Needs Attention,92,United Kingdom,14.362068965517242,11.089209824655333,74
15667,40,1,301.32,3,1,1,1.8000000000000003,Needs Attention,13,United Kingdom,18.46153846153846,14.085894745071426,0
15668,218,1,76.32000000000001,1,1,1,1.0,At Risk,1,United Kingdom,72.0,0.0,0
15669,40,4,684.34,3,3,3,3.0,Loyal,31,United Kingdom,10.363636363636363,18.144984677298407,223
15670,297,1,173.05,1,1,1,1.0,At Risk,12,United Kingdom,7.583333333333333,3.5534527596622865,0
15671,19,7,2657.13,3,4,4,3.6000000000000005,Champions,52,United Kingdom,21.78205128205128,49.59911796239277,252
15673,88,4,2881.02,2,3,4,2.9,Loyal,107,United Kingdom,9.76774193548387,15.881337186310978,238
15674,73,5,2446.6,2,4,4,3.2,Loyal,88,United Kingdom,11.18421052631579,30.66048931593195,181
15675,81,3,323.69,2,3,2,2.3,Needs Attention,20,United Kingdom,25.095238095238095,6.491732030968681,198
15676,19,3,3435.76,3,3,4,3.3,Loyal,191,United Kingdom,11.148514851485148,8.332475239008469,265
15677,49,1,657.23,3,1,2,2.1,Needs Attention,33,United Kingdom,9.666666666666666,8.322299839660436,0
15678,53,1,352.7,2,1,2,1.7000000000000002,Needs Attention,12,United Kingdom,15.333333333333334,15.073423833376614,0
15679,24,4,781.28,3,3,3,3.0,Loyal,98,United Kingdom,10.636363636363637,6.024619282404071,158
15680,9,3,1333.68,4,3,3,3.4,Loyal,61,United Kingdom,12.205128205128204,8.864148434707504,356
15681,25,5,1426.16,3,4,3,3.3000000000000003,Loyal,32,United Kingdom,15.39622641509434,16.11513168968554,255
15683,117,1,193.75,2,1,1,1.4000000000000001,At Risk,10,United Kingdom,13.1,8.136517477807484,0
15687,9,9,2993.1,4,4,4,4.0,Champions,119,United Kingdom,7.891566265060241,5.590371220531923,321
15689,120,2,254.1,2,2,1,1.7,Needs Attention,8,United Kingdom,9.333333333333334,21.963833909406617,241
15690,4,2,239.76,4,2,1,2.5,Needs Attention,19,United Kingdom,21.473684210526315,9.271398009611687,96
15691,252,1,136.8,1,1,1,1.0,At Risk,2,United Kingdom,36.0,33.092597359530416,0
15692,28,1,191.04,3,1,1,1.8000000000000003,Needs Attention,12,United Kingdom,11.5,5.571538060862222,0
15694,1,14,6479.4,4,4,4,4.0,Champions,42,United Kingdom,21.5,82.44423295447989,372
15695,267,2,409.98,1,2,2,1.6,Needs Attention,22,United Kingdom,9.636363636363637,5.969843841997503,0
15696,33,8,2736.46,3,4,4,3.6000000000000005,Champions,140,United Kingdom,6.011695906432749,7.388761244012302,293
15699,18,1,309.65,3,1,2,2.1,Needs Attention,18,United Kingdom,6.277777777777778,4.5432377746629315,0
15700,172,2,696.68,1,2,3,1.9,Needs Attention,85,United Kingdom,4.151162790697675,6.137680080579782,1
15701,2,4,1542.14,4,3,3,3.4,Loyal,193,United Kingdom,3.8945147679324896,5.340483319188327,108
15703,265,1,211.5,1,1,1,1.0,At Risk,5,United Kingdom,13.2,37.03390338595164,0
15704,140,4,2293.62,2,3,4,2.9,Loyal,79,United Kingdom,8.786324786324787,18.212743949637744,75
15705,201,1,143.1,1,1,1,1.0,At Risk,6,United Kingdom,10.333333333333334,17.768258215143092,0
15706,64,4,1060.56,2,3,3,2.5999999999999996,Loyal,50,United Kingdom,5.836363636363636,13.23857196516179,52
15707,35,4,945.58,3,3,3,3.0,Loyal,126,United Kingdom,2.8271028037383177,4.24142215245095,51
15708,41,7,3364.2400000000002,3,4,4,3.6000000000000005,Champions,124,United Kingdom,4.399305555555555,9.638284586563291,328
15709,284,1,133.25,1,1,1,1.0,At Risk,6,United Kingdom,20.166666666666668,8.540858075548773,0
15712,9,5,1072.3600000000001,4,4,3,3.6999999999999997,Champions,41,United Kingdom,9.169811320754716,16.79674885821943,278
15713,143,2,356.7,1,2,2,1.6,Needs Attention,18,United Kingdom,7.894736842105263,10.197260095255608,222
15714,12,2,330.88,4,2,2,2.8000000000000003,Loyal,34,United Kingdom,5.3428571428571425,9.431889925302627,66
15716,146,4,1118.81,1,3,3,2.1999999999999997,Needs Attention,101,United Kingdom,6.305084745762712,12.315669421161097,223
15717,234,1,150.3,1,1,1,1.0,At Risk,7,United Kingdom,10.0,9.45810310187589,0
15719,33,13,5045.61,3,4,4,3.6000000000000005,Champions,299,United Kingdom,2.9082177161152614,4.8188987603330435,304
15720,24,1,598.73,3,1,2,2.1,Needs Attention,128,United Kingdom,2.1953125,6.402682969384543,0
15721,12,1,507.08,4,1,2,2.5,Needs Attention,80,United Kingdom,4.4945054945054945,8.452410843057091,0
15722,36,5,2222.56,3,4,4,3.6000000000000005,Champions,45,United Kingdom,14.869565217391305,35.55191490436815,254
15723,365,1,203.1,1,1,1,1.0,At Risk,37,United Kingdom,2.1219512195121952,5.915280955329831,0
15724,201,2,218.25,1,2,1,1.3,At Risk,11,United Kingdom,6.636363636363637,8.55922946829381,83
15725,15,1,415.25,4,1,2,2.5,Needs Attention,32,United Kingdom,6.90625,6.2692457792886875,0
15727,17,7,5178.96,4,4,4,4.0,Champions,213,United Kingdom,10.149006622516556,22.105158822519954,342
15729,213,1,85.0,1,1,1,1.0,At Risk,5,United Kingdom,5.6,3.4641016151377544,0
15730,66,3,1120.88,2,3,3,2.5999999999999996,Loyal,68,United Kingdom,9.842857142857143,4.87497742416602,140
15732,212,2,294.12,1,2,1,1.3,At Risk,13,United Kingdom,15.357142857142858,9.274884910870329,159
15733,283,1,162.3,1,1,1,1.0,At Risk,10,United Kingdom,6.2,2.134400774612552,0
15734,115,2,1339.45,2,2,3,2.3,Needs Attention,25,United Kingdom,13.307692307692308,61.25544609633938,85
15737,15,8,1205.1200000000001,4,4,3,3.6999999999999997,Champions,60,United Kingdom,8.319444444444445,5.147713076867507,228
15738,19,16,4812.42,3,4,4,3.6000000000000005,Champions,46,United Kingdom,17.23699421965318,20.25481548843369,353
15739,66,1,449.12,2,1,2,1.7000000000000002,Needs Attention,8,United Kingdom,59.0,33.58585416510946,0
15740,49,1,154.88,3,1,1,1.8000000000000003,Needs Attention,9,United Kingdom,16.88888888888889,6.566925544812513,0
15743,16,4,784.46,4,3,3,3.4,Loyal,59,United Kingdom,2.4545454545454546,6.394629894200568,168
15744,78,1,34.8,2,1,1,1.4000000000000001,At Risk,3,United Kingdom,40.0,4.018357873559794,0
15745,19,4,1094.59,3,3,3,3.0,Loyal,57,United Kingdom,6.790322580645161,7.799565922713934,217
15746,134,1,196.88,2,1,1,1.4000000000000001,At Risk,28,United Kingdom,6.357142857142857,4.8285752168044995,0
15747,13,3,974.04,4,3,3,3.4,Loyal,52,United Kingdom,5.161290322580645,12.56613389104787,160
15748,40,1,149.31,3,1,1,1.8000000000000003,Needs Attention,19,United Kingdom,2.4285714285714284,4.128032218866514,0
15749,235,3,44534.3,1,3,4,2.5,Needs Attention,5,United Kingdom,1802.8,1290.3059422305844,97
15750,3,8,2465.48,4,4,4,4.0,Champions,214,United Kingdom,6.09556313993174,6.345030543840761,364
15752,40,7,2637.38,3,4,4,3.6000000000000005,Champions,236,United Kingdom,4.81265206812652,5.045594470252819,333
15753,305,1,79.2,1,1,1,1.0,At Risk,1,United Kingdom,144.0,0.0,0
15754,51,3,458.57,2,3,2,2.3,Needs Attention,24,United Kingdom,7.107142857142857,2.9267269355981194,195
15755,10,6,2364.25,4,4,4,4.0,Champions,127,United Kingdom,10.120567375886525,5.845451634609882,284
15756,61,4,532.96,2,3,2,2.3,Needs Attention,160,United Kingdom,1.2604166666666667,2.1125028785465276,187
15757,66,2,714.42,2,2,3,2.3,Needs Attention,43,United Kingdom,10.911111111111111,6.250808456802717,152
15758,25,1,205.25,3,1,1,1.8000000000000003,Needs Attention,9,United Kingdom,5.222222222222222,7.722873673560755,0
15759,218,3,253.04,1,3,1,1.5999999999999999,Needs Attention,5,United Kingdom,8.571428571428571,24.646186607378315,139
15762,65,2,583.75,2,2,2,2.0,Needs Attention,37,United Kingdom,6.783783783783784,4.285190819597228,12
15763,32,2,1086.92,3,2,3,2.7,Loyal,58,United Kingdom,4.442622950819672,8.975876406666908,45
15764,88,6,3279.97,2,4,4,3.2,Loyal,150,United Kingdom,11.38888888888889,15.08809533674649,188
15766,64,1,315.06,2,1,2,1.7000000000000002,Needs Attention,11,United Kingdom,15.454545454545455,21.420811290976733,0
15768,116,3,621.8299999999999,2,3,2,2.3,Needs Attention,23,United Kingdom,9.037037037037036,45.527406532593595,110
15769,7,26,56252.72,4,4,4,4.0,Champions,26,United Kingdom,228.24615384615385,304.2656703937842,363
15773,6,1,635.6800000000001,4,1,2,2.5,Needs Attention,10,United Kingdom,31.1,149.4067641485262,0
15774,69,1,270.8,2,1,1,1.4000000000000001,At Risk,25,United Kingdom,3.48,6.154467889265488,0
15775,245,1,104.9,1,1,1,1.0,At Risk,7,United Kingdom,9.714285714285714,2.3919507878358566,0
15776,133,1,241.62,2,1,1,1.4000000000000001,At Risk,18,United Kingdom,7.666666666666667,4.942980763014298,0
15777,241,4,1047.11,1,3,3,2.1999999999999997,Needs Attention,18,United Kingdom,18.0,65.11514085869443,120
15780,184,3,475.28000000000003,1,3,2,1.9,Needs Attention,26,United Kingdom,7.586206896551724,5.202449522530974,174
15781,25,3,345.46,3,3,2,2.7,Loyal,20,United Kingdom,9.0,5.676464893242143,280
15782,10,3,2614.7400000000002,4,3,4,3.7,Champions,34,United Kingdom,20.093023255813954,34.68048364015343,79
15783,11,1,246.3,4,1,1,2.2,Needs Attention,14,United Kingdom,15.142857142857142,5.84764834859204,0
15785,33,5,2328.9700000000003,3,4,4,3.6000000000000005,Champions,58,United Kingdom,19.42168674698795,28.313924846781823,262
15786,46,3,4932.2,3,3,4,3.3,Loyal,257,United Kingdom,12.599250936329588,9.045728483900845,68
15787,26,3,948.05,3,3,3,3.0,Loyal,156,United Kingdom,2.621359223300971,4.612940714349034,35
15789,358,1,351.3,1,1,2,1.2999999999999998,At Risk,25,United Kingdom,17.52,4.609323883897362,0
15790,10,1,220.85,4,1,1,2.2,Needs Attention,34,United Kingdom,3.257142857142857,5.205122476945187,0
15791,44,2,1612.69,3,2,3,2.7,Loyal,66,United Kingdom,9.746666666666666,11.68944685687992,160
15793,15,3,965.61,4,3,3,3.4,Loyal,6,United Kingdom,46.083333333333336,53.440131859697146,253
15795,150,1,610.01,1,1,2,1.2999999999999998,At Risk,42,United Kingdom,13.833333333333334,5.576673569004921,0
15796,1,8,2711.56,4,4,4,4.0,Champions,70,United Kingdom,6.473684210526316,13.303651577054463,301
15797,113,4,2207.4,2,3,4,2.9,Loyal,8,United Kingdom,109.125,120.63195205725081,206
15799,76,3,884.14,2,3,3,2.5999999999999996,Loyal,94,United Kingdom,9.744897959183673,7.773863340116137,258
15800,107,2,699.08,2,2,3,2.3,Needs Attention,116,United Kingdom,2.8151260504201683,5.7919888844114435,139
15801,46,3,1063.95,3,3,3,3.0,Loyal,61,United Kingdom,8.90625,5.9630877280965935,63
15802,143,1,451.42,1,1,2,1.2999999999999998,At Risk,1,United Kingdom,1.0,0.0,0
15803,51,1,415.82000000000005,2,1,2,1.7000000000000002,Needs Attention,8,United Kingdom,36.25,35.836692190307645,0
15804,1,13,4206.39,4,4,4,4.0,Champions,170,United Kingdom,9.790076335877863,15.505313283918666,198
15805,23,17,5528.4800000000005,3,4,4,3.6000000000000005,Champions,220,United Kingdom,11.252491694352159,11.639405349707305,341
15806,46,3,784.58,3,3,3,3.0,Loyal,24,United Kingdom,19.419354838709676,27.73621235314809,230
15807,50,3,903.9,3,3,3,3.0,Loyal,48,United Kingdom,8.958333333333334,9.782012068403054,26
15808,306,4,3734.9700000000003,1,3,4,2.5,Needs Attention,142,United Kingdom,6.456730769230769,16.285098175679163,63
15809,36,5,515.77,3,4,2,3.0000000000000004,Loyal,31,United Kingdom,8.6,4.005651952307541,266
15810,79,4,1391.98,2,3,3,2.5999999999999996,Loyal,66,United Kingdom,9.674157303370787,6.258981724023067,218
15811,22,6,2218.62,3,4,4,3.6000000000000005,Champions,117,United Kingdom,8.052631578947368,5.897724366222253,343
15812,107,5,1801.14,2,4,4,3.2,Loyal,36,United Kingdom,22.48780487804878,68.32244790286005,210
15813,208,2,1303.9099999999999,1,2,3,1.9,Needs Attention,40,United Kingdom,15.075,33.77057089997527,31
15814,17,4,1945.33,4,3,4,3.7,Champions,63,United Kingdom,17.65277777777778,25.544746636669,33
15815,64,5,2100.6,2,4,4,3.2,Loyal,33,United Kingdom,37.87755102040816,44.4814757515307,196
15819,49,4,1905.45,3,3,4,3.3,Loyal,96,United Kingdom,11.032520325203253,6.570335056821415,227
15820,320,1,206.98,1,1,1,1.0,At Risk,17,United Kingdom,7.529411764705882,20.842552662056256,0
15821,44,2,570.96,3,2,2,2.4000000000000004,Needs Attention,57,United Kingdom,3.2580645161290325,6.07488911311534,17
15822,3,2,885.47,4,2,3,3.1,Loyal,28,United Kingdom,11.363636363636363,16.022325445745818,356
15823,372,1,15.0,1,1,1,1.0,At Risk,1,United Kingdom,1.0,0.0,0
15825,172,1,532.94,1,1,2,1.2999999999999998,At Risk,20,United Kingdom,11.0,54.266682334365605,0
15826,56,3,1654.31,2,3,3,2.5999999999999996,Loyal,64,United Kingdom,14.161764705882353,14.55632521460318,154
15827,73,14,1836.0900000000001,2,4,4,3.2,Loyal,72,United Kingdom,7.6695652173913045,4.683026424357232,299
15829,99,2,636.14,2,2,2,2.0,Needs Attention,44,United Kingdom,19.529411764705884,6.675794684280416,41
15830,38,1,576.0,3,1,2,2.1,Needs Attention,39,United Kingdom,10.64102564102564,6.053197234613589,0
15831,58,3,801.76,2,3,3,2.5999999999999996,Loyal,63,United Kingdom,16.25,13.76828259511563,265
15832,254,1,836.79,1,1,3,1.5999999999999999,Needs Attention,54,United Kingdom,8.61111111111111,3.866734967408046,0
15834,70,4,2233.75,2,3,4,2.9,Loyal,242,United Kingdom,3.5347985347985347,12.402953623709887,206
15835,44,4,954.09,3,3,3,3.0,Loyal,47,United Kingdom,8.78,8.433362969752446,286
15836,50,1,137.37,3,1,1,1.8000000000000003,Needs Attention,10,United Kingdom,2.6,4.573974809239285,0
15837,65,1,391.98,2,1,2,1.7000000000000002,Needs Attention,24,United Kingdom,7.875,4.696048523932694,0
15838,11,19,33643.08,4,4,4,4.0,Champions,54,United Kingdom,109.9880239520958,237.25649721727962,356
15839,33,3,1048.49,3,3,3,3.0,Loyal,56,United Kingdom,10.887096774193548,6.502331764568797,114
15840,59,2,355.56,2,2,2,2.0,Needs Attention,26,United Kingdom,14.666666666666666,5.525627241341603,113
15841,73,4,1224.06,2,3,3,2.5999999999999996,Loyal,36,United Kingdom,20.04255319148936,30.87002165836282,266
15843,304,1,118.95000000000002,1,1,1,1.0,At Risk,8,United Kingdom,3.375,2.4938406267098503,0
15844,46,1,130.73999999999998,3,1,1,1.8000000000000003,Needs Attention,11,United Kingdom,12.181818181818182,4.666322671304169,0
15845,18,8,3711.77,3,4,4,3.6000000000000005,Champions,97,United Kingdom,13.956521739130435,14.387817981835541,319
15847,38,2,389.27,3,2,2,2.4000000000000004,Needs Attention,22,United Kingdom,20.40909090909091,10.573058150696449,249
15850,19,2,238.85,3,2,1,2.1,Needs Attention,87,United Kingdom,3.11340206185567,2.4863648051237526,148
15852,187,2,160.71,1,2,1,1.3,At Risk,22,United Kingdom,2.1818181818181817,12.594802688486421,10
15853,52,1,110.8,2,1,1,1.4000000000000001,At Risk,29,United Kingdom,4.5,3.0369816382823864,0
15854,4,12,2974.65,4,4,4,4.0,Champions,105,United Kingdom,6.707142857142857,40.434418438064135,357
15855,137,5,712.24,2,4,3,2.9,Loyal,59,United Kingdom,5.875,6.610955885612837,126
15856,4,27,16387.57,4,4,4,4.0,Champions,295,United Kingdom,17.06201550387597,35.36744223240625,361
15857,19,1,297.0,3,1,1,1.8000000000000003,Needs Attention,14,United Kingdom,22.0,18.757679745921386,0
15858,16,5,1438.85,4,4,3,3.6999999999999997,Champions,145,United Kingdom,6.109947643979058,10.263055917998855,351
15860,41,8,977.21,3,4,3,3.3000000000000003,Loyal,105,United Kingdom,3.0985915492957745,6.707702072334434,327
15861,12,8,3165.36,4,4,4,4.0,Champions,339,United Kingdom,4.65934065934066,8.098350812084657,254
15862,8,4,832.88,4,3,3,3.4,Loyal,142,United Kingdom,3.979591836734694,6.137081078919306,365
15863,26,2,68.84,3,2,1,2.1,Needs Attention,18,United Kingdom,1.0555555555555556,2.961492513665488,167
15864,22,6,1936.3200000000002,3,4,4,3.6000000000000005,Champions,16,United Kingdom,59.6,67.50724361913048,293
15865,41,3,895.13,3,3,3,3.0,Loyal,37,United Kingdom,9.2,16.052681841202478,173
15866,101,1,230.53,2,1,1,1.4000000000000001,At Risk,43,United Kingdom,2.8,4.406115389805722,0
15867,5,15,3812.64,4,4,4,4.0,Champions,302,United Kingdom,4.455531453362256,7.5433606046339765,363
15869,277,2,149.64,1,2,1,1.3,At Risk,13,United Kingdom,11.666666666666666,7.16055145522027,0
15870,33,1,354.09000000000003,3,1,2,2.1,Needs Attention,68,United Kingdom,4.407894736842105,3.8548923643016124,0
15872,15,2,360.93,4,2,2,2.8000000000000003,Loyal,101,United Kingdom,1.65625,2.8723176366922143,0
15874,64,7,4405.88,2,4,4,3.2,Loyal,110,United Kingdom,21.116666666666667,47.40923353906816,220
15877,2,2,493.28,4,2,2,2.8000000000000003,Loyal,122,United Kingdom,2.875968992248062,6.200892867926048,16
15880,369,1,343.28000000000003,1,1,2,1.2999999999999998,At Risk,95,United Kingdom,2.0095238095238095,3.8226949481572117,0
15881,312,5,501.39000000000004,1,4,2,2.2,Needs Attention,26,United Kingdom,8.96551724137931,26.723466003153014,52
15882,199,4,516.36,1,3,2,1.9,Needs Attention,23,United Kingdom,12.0,19.642112337401468,169
15883,2,2,396.48,4,2,2,2.8000000000000003,Loyal,42,United Kingdom,4.551020408163265,6.833063612563059,31
15885,93,3,379.35,2,3,2,2.3,Needs Attention,18,United Kingdom,6.166666666666667,8.601201181504004,216
15886,60,1,181.09,2,1,1,1.4000000000000001,At Risk,12,United Kingdom,12.25,16.80787989352469,0
15888,81,1,168.31,2,1,1,1.4000000000000001,At Risk,11,United Kingdom,6.333333333333333,21.431810875990916,0
15889,157,2,446.87,1,2,2,1.6,Needs Attention,79,United Kingdom,2.3118279569892475,4.56069636741734,212
15891,227,1,524.52,1,1,2,1.2999999999999998,At Risk,60,United Kingdom,7.129032258064516,7.367739827378164,0
15894,253,2,263.55,1,2,1,1.3,At Risk,35,United Kingdom,4.097560975609756,12.210406057849223,115
15895,150,1,179.17,1,1,1,1.0,At Risk,11,United Kingdom,8.545454545454545,40.50159350400471,0
15897,194,2,222.05,1,2,1,1.3,At Risk,17,United Kingdom,10.875,21.913675098909803,0
15898,1,5,1388.88,4,4,3,3.6999999999999997,Champions,70,United Kingdom,6.627906976744186,34.80485473158101,367
15899,369,1,56.25,1,1,1,1.0,At Risk,4,United Kingdom,9.75,4.262897097827564,0
15900,24,1,351.11,3,1,2,2.1,Needs Attention,44,United Kingdom,4.333333333333333,5.945023570592631,0
15901,17,3,363.88,4,3,2,3.1,Loyal,102,United Kingdom,3.310344827586207,2.8397251593261172,138
15903,10,7,5126.76,4,4,4,4.0,Champions,46,United Kingdom,32.567567567567565,66.74122834760873,285
15904,8,1,164.68,4,1,1,2.2,Needs Attention,30,United Kingdom,2.8,5.770402444181523,0
15906,20,7,1567.69,3,4,3,3.3000000000000003,Loyal,113,United Kingdom,3.6266666666666665,9.53128295459884,235
15907,4,3,967.45,4,3,3,3.4,Loyal,175,United Kingdom,2.0441767068273093,4.2586053278796445,206
15909,174,1,191.94,1,1,1,1.0,At Risk,7,United Kingdom,14.0,23.997974914563102,0
15910,1,8,1232.18,4,4,3,3.6999999999999997,Champions,215,United Kingdom,3.801498127340824,3.7506414853129173,315
15912,178,2,264.62,1,2,1,1.3,At Risk,19,United Kingdom,9.736842105263158,11.909131809995063,54
15916,16,8,1528.09,4,4,3,3.6999999999999997,Champions,124,United Kingdom,4.883870967741935,8.438047958343082,350
15917,248,1,123.1,1,1,1,1.0,At Risk,12,United Kingdom,3.5,8.055512887382644,0
15918,191,2,334.23,1,2,2,1.6,Needs Attention,33,United Kingdom,3.825,7.6006011528441215,80
15919,20,2,639.89,3,2,2,2.4000000000000004,Needs Attention,103,United Kingdom,3.8111888111888113,3.7831501577031466,349
15920,154,4,167.5,1,3,1,1.5999999999999999,Needs Attention,53,United Kingdom,1.65,2.012346776284495,0
15921,173,1,336.03000000000003,1,1,2,1.2999999999999998,At Risk,24,United Kingdom,6.64,17.263307263287263,0
15922,373,1,369.5,1,1,2,1.2999999999999998,At Risk,11,United Kingdom,12.545454545454545,17.00185016669977,0
15923,373,1,127.08,1,1,1,1.0,At Risk,21,United Kingdom,5.809523809523809,4.855696948651436,0
15925,194,1,207.15,1,1,1,1.0,At Risk,12,United Kingdom,7.75,10.558002673543205,0
15930,67,1,426.63,2,1,2,1.7000000000000002,Needs Attention,21,United Kingdom,6.619047619047619,6.422272628461496,0
15932,4,8,2495.87,4,4,4,4.0,Champions,93,United Kingdom,20.217391304347824,20.805847379321627,285
15933,21,3,1107.46,3,3,3,3.0,Loyal,63,United Kingdom,11.95945945945946,6.56175471041658,65
15935,239,2,416.86,1,2,2,1.6,Needs Attention,12,United Kingdom,9.583333333333334,86.47375869258975,2
15937,64,1,145.35,2,1,1,1.4000000000000001,At Risk,7,United Kingdom,10.428571428571429,5.95599937637913,0
15938,112,5,404.58,2,4,2,2.6,Loyal,13,United Kingdom,13.333333333333334,14.035652502697213,211
15939,90,15,6115.01,2,4,4,3.2,Loyal,28,United Kingdom,62.21052631578947,78.65882630424511,241
15940,311,1,35.8,1,1,1,1.0,At Risk,1,United Kingdom,4.0,0.0,0
15942,134,1,337.44,2,1,2,1.7000000000000002,Needs Attention,14,United Kingdom,16.571428571428573,11.99464972302326,0
15944,277,1,325.1,1,1,2,1.2999999999999998,At Risk,6,United Kingdom,8.333333333333334,64.54540778914225,0
15945,365,1,181.0,1,1,1,1.0,At Risk,2,United Kingdom,26.0,108.75302294649101,0
15947,83,1,1708.24,2,1,4,2.3,Needs Attention,29,United Kingdom,30.96551724137931,61.26187130558508,0
15948,8,2,955.24,4,2,3,3.1,Loyal,51,United Kingdom,9.45,3.7011518439198645,35
15949,17,2,364.72,4,2,2,2.8000000000000003,Loyal,12,United Kingdom,14.947368421052632,7.82123769389011,54
15950,32,4,1765.51,3,3,4,3.3,Loyal,86,United Kingdom,7.438775510204081,11.520437435169926,327
15951,9,2,708.22,4,2,3,3.1,Loyal,36,United Kingdom,7.634146341463414,4.9377939183898505,276
15952,34,4,806.57,3,3,3,3.0,Loyal,65,United Kingdom,4.384615384615385,7.43148051942698,191
15953,15,8,1659.3799999999999,4,4,3,3.6999999999999997,Champions,63,United Kingdom,9.10204081632653,20.002460109584383,354
15955,24,14,4416.26,3,4,4,3.6000000000000005,Champions,137,United Kingdom,11.666666666666666,17.317424511722574,348
15957,32,1,428.89,3,1,2,2.1,Needs Attention,40,United Kingdom,5.023809523809524,9.218434583966078,0
15958,74,1,104.35,2,1,1,1.4000000000000001,At Risk,7,United Kingdom,4.714285714285714,14.863389826781008,0
15963,20,2,470.76,3,2,2,2.4000000000000004,Needs Attention,26,United Kingdom,10.642857142857142,6.801868946401508,25
15965,17,4,845.64,4,3,3,3.4,Loyal,88,United Kingdom,3.7131147540983607,8.018197038960109,350
15967,23,2,418.83,3,2,2,2.4000000000000004,Needs Attention,73,United Kingdom,2.511904761904762,3.9433812223415594,295
15969,3,3,666.1,4,3,2,3.1,Loyal,20,United Kingdom,6.2,17.358191604815108,182
15970,304,1,314.1,1,1,2,1.2999999999999998,At Risk,11,United Kingdom,10.545454545454545,16.921073466914777,0
15971,18,12,4199.85,3,4,4,3.6000000000000005,Champions,10,United Kingdom,49.05714285714286,145.23225333087353,293
15973,367,1,307.82000000000005,1,1,2,1.2999999999999998,At Risk,4,United Kingdom,26.5,84.8068871024046,0
15974,39,7,3442.15,3,4,4,3.6000000000000005,Champions,141,United Kingdom,12.852272727272727,16.415284575208098,249
15975,84,1,371.01,2,1,2,1.7000000000000002,Needs Attention,24,United Kingdom,10.125,4.328026272221956,0
15976,165,2,430.94,1,2,2,1.6,Needs Attention,83,United Kingdom,2.826530612244898,3.191531497741015,54
15977,17,2,1054.73,4,2,3,3.1,Loyal,48,United Kingdom,15.63076923076923,12.898355185463943,21
15978,77,1,1098.78,2,1,3,2.0,Needs Attention,49,United Kingdom,18.122448979591837,12.995829446141453,0
15980,89,3,2398.86,2,3,4,2.9,Loyal,40,United Kingdom,36.27906976744186,39.68539950380116,165
15981,25,8,3408.48,3,4,4,3.6000000000000005,Champions,53,United Kingdom,19.237113402061855,24.451872179708108,286
15983,22,4,1475.02,3,3,3,3.0,Loyal,82,United Kingdom,7.893805309734513,15.413203838782298,351
15984,3,10,2837.67,4,4,4,4.0,Champions,217,United Kingdom,6.825925925925926,18.82005966283092,365
15985,123,2,1142.42,2,2,3,2.3,Needs Attention,29,United Kingdom,29.35135135135135,24.383741777320864,113
15986,30,1,168.12,3,1,1,1.8000000000000003,Needs Attention,14,United Kingdom,19.142857142857142,3.7465940576698507,0
15987,12,7,1451.28,4,4,3,3.6999999999999997,Champions,110,United Kingdom,11.114285714285714,35.337367413902214,356
15988,19,1,158.03,3,1,1,1.8000000000000003,Needs Attention,26,United Kingdom,6.703703703703703,5.5441353732603815,0
15990,44,2,792.11,3,2,3,2.7,Loyal,52,United Kingdom,8.51923076923077,10.466948604271666,243
15992,4,1,41.989999999999995,4,1,1,2.2,Needs Attention,3,United Kingdom,5.666666666666667,0.8256108849411647,0
15993,9,7,2797.57,4,4,4,4.0,Champions,335,United Kingdom,3.7155797101449277,4.944744708122369,35
15994,55,1,427.07,2,1,2,1.7000000000000002,Needs Attention,31,United Kingdom,5.057142857142857,12.651942143402334,0
15996,88,6,1060.68,2,4,3,2.9,Loyal,103,United Kingdom,2.953846153846154,5.316126182751516,277
15998,37,5,3089.97,3,4,4,3.6000000000000005,Champions,370,United Kingdom,4.033596837944664,4.666555083526959,325
16000,3,3,12393.7,4,3,4,3.7,Champions,9,United Kingdom,567.7777777777778,501.0296043593078,0
16003,30,5,2735.37,3,4,4,3.6000000000000005,Champions,82,United Kingdom,11.504854368932039,39.50359032665237,329
16005,12,4,615.39,4,3,2,3.1,Loyal,173,United Kingdom,1.3761467889908257,2.2872786633194675,258
16006,211,1,101.4,1,1,1,1.0,At Risk,8,United Kingdom,10.5,10.152576027787234,0
16007,48,4,1701.94,3,3,4,3.3,Loyal,221,United Kingdom,3.618181818181818,4.393605631337767,167
16008,24,3,478.78,3,3,2,2.7,Loyal,29,United Kingdom,9.787878787878787,9.046642374802696,180
16009,22,4,992.71,3,3,3,3.0,Loyal,68,United Kingdom,4.2,10.889656827935958,137
16010,246,3,407.5,1,3,2,1.9,Needs Attention,62,United Kingdom,2.441860465116279,5.774367469401531,116
16011,8,16,3362.71,4,4,4,4.0,Champions,99,United Kingdom,9.632075471698114,10.796439202040247,357
16012,35,3,1415.29,3,3,3,3.0,Loyal,87,United Kingdom,8.5,19.76716349539951,119
16013,4,47,37130.6,4,4,4,4.0,Champions,30,United Kingdom,111.76978417266187,304.7112288507913,367
16014,38,3,662.38,3,3,2,2.7,Loyal,123,United Kingdom,1.8275862068965518,4.067284103777719,253
16015,4,3,705.39,4,3,3,3.4,Loyal,146,United Kingdom,4.9945054945054945,6.74462046420107,45
16016,3,8,1508.76,4,4,3,3.6999999999999997,Champions,156,United Kingdom,2.6382978723404253,5.676189052238815,363
16017,47,1,211.88,3,1,1,1.8000000000000003,Needs Attention,26,United Kingdom,3.1875,4.243725349113639,0
16018,39,2,408.90000000000003,3,2,2,2.4000000000000004,Needs Attention,26,United Kingdom,6.785714285714286,12.394102903094149,141
16019,47,9,3786.2400000000002,3,4,4,3.6000000000000005,Champions,133,United Kingdom,10.83125,28.150637228173032,317
16020,17,3,851.01,4,3,3,3.4,Loyal,42,United Kingdom,10.58695652173913,13.39073618242277,48
16022,260,1,628.28,1,1,2,1.2999999999999998,At Risk,68,United Kingdom,3.4342105263157894,7.063697466252137,0
16023,46,3,719.81,3,3,3,3.0,Loyal,90,United Kingdom,3.5445544554455446,5.22505558452598,220
16024,12,1,251.24,4,1,1,2.2,Needs Attention,61,United Kingdom,6.21875,3.334370731427922,0
16025,30,1,439.65999999999997,3,1,2,2.1,Needs Attention,28,United Kingdom,12.071428571428571,3.811718147777356,0
16026,43,1,236.09,3,1,1,1.8000000000000003,Needs Attention,30,United Kingdom,7.59375,3.148936056240318,0
16027,92,6,934.62,2,4,3,2.9,Loyal,11,United Kingdom,71.6875,49.92343028745788,210
16029,39,63,81024.84,3,4,4,3.6000000000000005,Champions,44,United Kingdom,166.1487603305785,614.1574355569436,335
16030,310,1,331.24,1,1,2,1.2999999999999998,At Risk,28,United Kingdom,9.758620689655173,5.989089711008049,0
16031,92,2,548.94,2,2,2,2.0,Needs Attention,91,United Kingdom,4.23,5.773029563706941,154
16033,6,20,8816.4,4,4,4,4.0,Champions,538,United Kingdom,3.1125769569041335,7.650225330546956,364
16034,196,3,437.7,1,3,2,1.9,Needs Attention,18,United Kingdom,11.0,14.320705199207104,136
16036,87,2,758.92,2,2,3,2.3,Needs Attention,55,United Kingdom,13.018181818181818,12.186965474421738,176
16037,270,3,855.02,1,3,3,2.1999999999999997,Needs Attention,37,United Kingdom,10.974358974358974,21.109467505211406,88
16038,8,3,471.78000000000003,4,3,2,3.1,Loyal,24,United Kingdom,9.384615384615385,7.745664196578229,194
16040,65,3,1313.55,2,3,3,2.5999999999999996,Loyal,57,United Kingdom,10.523076923076923,8.51274141191625,203
16041,31,3,3166.4,3,3,4,3.3,Loyal,6,United Kingdom,264.0,296.74456804913325,110
16042,22,5,1197.27,3,4,3,3.3000000000000003,Loyal,68,United Kingdom,10.633802816901408,5.3163151562944675,310
16043,38,4,773.99,3,3,3,3.0,Loyal,30,United Kingdom,12.897435897435898,12.303190582752086,280
16045,120,4,1340.7,2,3,3,2.5999999999999996,Loyal,71,United Kingdom,10.80722891566265,6.907701558183174,170
16048,373,2,256.44,1,2,1,1.3,At Risk,8,United Kingdom,18.0,19.987057955444214,0
16049,40,3,1111.79,3,3,3,3.0,Loyal,248,United Kingdom,2.5416666666666665,3.7840759725556574,34
16050,174,1,137.9,1,1,1,1.0,At Risk,10,United Kingdom,27.8,6.449284198007302,0
16052,54,1,362.06,2,1,2,1.7000000000000002,Needs Attention,34,United Kingdom,8.294117647058824,9.841863510629166,0
16053,33,2,1511.95,3,2,3,2.7,Loyal,81,United Kingdom,21.345238095238095,10.2994518922114,89
16054,145,1,783.9,1,1,3,1.5999999999999999,Needs Attention,70,United Kingdom,5.428571428571429,7.048249096116778,0
16055,221,1,134.8,1,1,1,1.0,At Risk,8,United Kingdom,2.75,4.517584689695527,0
16056,45,1,664.85,3,1,2,2.1,Needs Attention,66,United Kingdom,5.102941176470588,7.449651067775367,0
16057,16,7,2263.12,4,4,4,4.0,Champions,109,United Kingdom,7.132231404958677,5.141650142179357,268
16059,66,6,1459.8600000000001,2,4,3,2.9,Loyal,126,United Kingdom,3.5722222222222224,5.463296720978325,301
16062,10,4,1153.62,4,3,3,3.4,Loyal,50,United Kingdom,12.5,23.095316090013124,355
16063,260,1,335.32,1,1,2,1.2999999999999998,At Risk,23,United Kingdom,11.391304347826088,2.911470907608351,0
16065,365,1,372.09,1,1,2,1.2999999999999998,At Risk,71,United Kingdom,3.1216216216216215,6.034304980489175,0
16066,17,5,1521.87,4,4,3,3.6999999999999997,Champions,77,United Kingdom,9.176470588235293,17.17010292823265,107
16070,22,2,852.15,3,2,3,2.7,Loyal,32,United Kingdom,13.848484848484848,28.136117166456092,9
16071,45,1,326.24,3,1,2,2.1,Needs Attention,21,United Kingdom,8.571428571428571,4.5110449111570805,0
16072,288,1,584.3199999999999,1,1,2,1.2999999999999998,At Risk,23,United Kingdom,6.086956521739131,21.489417875605916,0
16073,297,1,122.39999999999999,1,1,1,1.0,At Risk,1,United Kingdom,48.0,0.0,0
16076,3,10,2234.73,4,4,4,4.0,Champions,71,United Kingdom,11.124031007751938,12.323667565600827,205
16078,284,1,79.2,1,1,1,1.0,At Risk,1,United Kingdom,16.0,0.0,0
16079,17,3,1352.0,4,3,3,3.4,Loyal,18,United Kingdom,41.142857142857146,85.91805432531406,23
16080,82,2,217.16,2,2,1,1.7,Needs Attention,10,United Kingdom,12.8,12.433230741310428,192
16081,56,5,2806.9,2,4,4,3.2,Loyal,175,United Kingdom,6.506607929515418,11.01962807663006,310
16083,101,2,1317.62,2,2,3,2.3,Needs Attention,31,United Kingdom,29.29032258064516,38.28714855556795,259
16084,299,1,436.18,1,1,2,1.2999999999999998,At Risk,38,United Kingdom,5.684210526315789,9.479589318939983,0
16085,23,5,981.51,3,4,3,3.3000000000000003,Loyal,123,United Kingdom,3.808383233532934,3.84909963452975,297
16086,59,5,1121.39,2,4,3,2.9,Loyal,24,United Kingdom,13.102564102564102,17.96479004918986,307
16091,155,2,315.06,1,2,2,1.6,Needs Attention,16,United Kingdom,8.555555555555555,4.082721122573262,43
16092,115,3,817.86,2,3,3,2.5999999999999996,Loyal,37,United Kingdom,12.313725490196079,4.575873172861946,139
16093,107,1,17.0,2,1,1,1.4000000000000001,At Risk,1,United Kingdom,20.0,0.0,0
16094,12,4,1078.23,4,3,3,3.4,Loyal,48,United Kingdom,10.26984126984127,7.719785191968637,207
16096,264,1,320.62,1,1,2,1.2999999999999998,At Risk,12,United Kingdom,12.916666666666666,32.67056440877443,0
16097,240,1,185.04999999999998,1,1,1,1.0,At Risk,10,United Kingdom,8.7,4.7532708037027875,0
16098,88,7,2005.63,2,4,4,3.2,Loyal,34,United Kingdom,9.149253731343284,35.43095185809055,286
16099,50,3,731.9,3,3,3,3.0,Loyal,29,United Kingdom,11.128205128205128,8.462652729970088,175
16101,71,1,1290.7,2,1,3,2.0,Needs Attention,76,United Kingdom,9.960526315789474,4.332599163178142,0
16102,42,3,1842.14,3,3,4,3.3,Loyal,41,United Kingdom,16.526315789473685,25.30977120196347,86
16103,7,6,1429.64,4,4,3,3.6999999999999997,Champions,30,United Kingdom,11.625,24.531119258132875,226
16104,62,1,302.36,2,1,1,1.4000000000000001,At Risk,28,United Kingdom,4.241379310344827,9.871347213668855,0
16105,249,1,336.96,1,1,2,1.2999999999999998,At Risk,13,United Kingdom,25.384615384615383,27.691175489675405,0
16106,66,1,108.38,2,1,1,1.4000000000000001,At Risk,6,United Kingdom,12.333333333333334,3.6404486902944613,0
16107,18,7,3204.1600000000003,3,4,4,3.6000000000000005,Champions,16,United Kingdom,37.935483870967744,75.62255712858874,165
16108,85,1,842.5,2,1,3,2.0,Needs Attention,48,United Kingdom,12.8125,6.113004957459881,0
16109,219,2,611.88,1,2,2,1.6,Needs Attention,18,United Kingdom,34.0,37.282492342842595,89
16110,45,3,1337.48,3,3,3,3.0,Loyal,283,United Kingdom,2.0706214689265536,3.2429728094579255,266
16112,143,4,195.73999999999998,1,3,1,1.5999999999999999,Needs Attention,15,United Kingdom,35.875,11.6768139918387,195
16113,183,1,161.38,1,1,1,1.0,At Risk,30,United Kingdom,5.866666666666666,5.509124677536685,0
16114,171,1,135.75000000000003,1,1,1,1.0,At Risk,8,United Kingdom,5.375,2.2124546000184635,0
16115,10,8,1667.97,4,4,4,4.0,Champions,169,United Kingdom,3.5246478873239435,4.357088660257094,282
16116,212,1,612.78,1,1,2,1.2999999999999998,At Risk,34,United Kingdom,7.294117647058823,8.532941703635803,0
16117,190,1,232.21,1,1,1,1.0,At Risk,30,United Kingdom,4.333333333333333,6.053130557011792,0
16119,8,2,423.36,4,2,2,2.8000000000000003,Loyal,14,United Kingdom,15.0,13.86309056451699,64
16120,59,4,1309.14,2,3,3,2.5999999999999996,Loyal,26,United Kingdom,29.266666666666666,36.95135183939311,0
16121,57,2,867.11,2,2,3,2.3,Needs Attention,170,United Kingdom,2.7641509433962264,3.976295815944674,158
16122,73,4,684.4200000000001,2,3,3,2.5999999999999996,Loyal,26,United Kingdom,29.68421052631579,19.140693143069694,293
16123,52,1,307.78,2,1,2,1.7000000000000002,Needs Attention,16,United Kingdom,10.625,8.774122463243831,0
16124,317,1,249.0,1,1,1,1.0,At Risk,11,United Kingdom,4.363636363636363,9.61844818328536,0
16125,367,1,289.35,1,1,1,1.0,At Risk,13,United Kingdom,9.538461538461538,9.409344782224172,0
16126,29,4,6287.77,3,3,4,3.3,Loyal,57,United Kingdom,18.162393162393162,27.93714169583595,267
16127,39,1,656.25,3,1,2,2.1,Needs Attention,40,United Kingdom,8.075,6.071947133101497,0
16128,18,5,1880.22,3,4,4,3.6000000000000005,Champions,76,United Kingdom,11.101123595505618,11.954623926442698,264
16131,52,6,3506.54,2,4,4,3.2,Loyal,55,United Kingdom,23.102564102564102,33.60119859448985,188
16133,4,33,14589.04,4,4,4,4.0,Champions,219,United Kingdom,26.292899408284022,49.298165634593595,314
16134,22,2,618.09,3,2,2,2.4000000000000004,Needs Attention,34,United Kingdom,10.6,6.183226116687311,337
16135,263,1,517.55,1,1,2,1.2999999999999998,At Risk,21,United Kingdom,9.952380952380953,34.77526385508061,0
16136,60,3,709.38,2,3,3,2.5999999999999996,Loyal,35,United Kingdom,11.891891891891891,10.09732896622925,217
16139,19,3,635.41,3,3,2,2.7,Loyal,25,United Kingdom,10.64516129032258,8.658961906044082,187
16140,66,2,725.18,2,2,3,2.3,Needs Attention,32,United Kingdom,20.857142857142858,19.24647163123934,305
16141,88,1,620.4,2,1,2,1.7000000000000002,Needs Attention,30,United Kingdom,7.933333333333334,7.811716664176916,0
16142,250,1,535.34,1,1,2,1.2999999999999998,At Risk,37,United Kingdom,11.405405405405405,7.183616453106706,0
16143,3,6,2424.94,4,4,4,4.0,Champions,75,United Kingdom,7.854700854700854,24.06622271909788,365
16144,247,1,175.2,1,1,1,1.0,At Risk,1,United Kingdom,16.0,0.0,0
16145,9,11,3799.4900000000002,4,4,4,4.0,Champions,134,United Kingdom,13.941964285714286,8.86093583310956,351
16146,157,3,734.13,1,3,3,2.1999999999999997,Needs Attention,26,United Kingdom,14.724137931034482,21.41344180994226,74
16147,134,1,375.0,2,1,2,1.7000000000000002,Needs Attention,22,United Kingdom,11.181818181818182,6.229591997090697,0
16148,296,1,76.32000000000001,1,1,1,1.0,At Risk,1,United Kingdom,72.0,0.0,0
16149,5,2,280.52,4,2,1,2.5,Needs Attention,18,United Kingdom,17.11111111111111,5.122612180865887,137
16150,43,5,2053.02,3,4,4,3.6000000000000005,Champions,91,United Kingdom,8.948717948717949,6.0361726921312275,329
16152,269,1,1829.04,1,1,4,1.9,Needs Attention,29,United Kingdom,22.137931034482758,31.857442557515796,0
16153,50,5,1824.23,3,4,4,3.6000000000000005,Champions,78,United Kingdom,12.0561797752809,11.756803098679661,305
16156,9,9,3122.04,4,4,4,4.0,Champions,108,United Kingdom,10.061538461538461,18.975477971468255,302
16157,16,3,656.69,4,3,2,3.1,Loyal,12,United Kingdom,19.27777777777778,25.85647439812036,56
16159,282,1,348.2,1,1,2,1.2999999999999998,At Risk,14,United Kingdom,16.857142857142858,9.216909925318168,0
16160,65,2,1025.44,2,2,3,2.3,Needs Attention,20,United Kingdom,58.1,46.63771611271854,20
16161,2,19,5575.56,4,4,4,4.0,Champions,286,United Kingdom,5.4831223628691985,7.96272464498034,367
16162,252,1,37.4,1,1,1,1.0,At Risk,2,United Kingdom,2.0,9.616652224137045,0
16163,232,2,856.6,1,2,3,1.9,Needs Attention,5,United Kingdom,32.0,159.71269726188544,132
16164,17,3,822.48,4,3,3,3.4,Loyal,27,United Kingdom,12.735294117647058,18.43226435738332,25
16168,11,27,3787.6,4,4,4,4.0,Champions,57,United Kingdom,19.306122448979593,43.49170629526745,359
16169,8,4,1822.97,4,3,4,3.7,Champions,71,United Kingdom,15.588235294117647,13.251050038198711,67
16170,51,6,1885.05,2,4,4,3.2,Loyal,106,United Kingdom,14.16,7.969443397409642,197
16171,59,1,73.2,2,1,1,1.4000000000000001,At Risk,3,United Kingdom,8.0,0.8660254037844423,0
16172,95,5,1140.21,2,4,3,2.9,Loyal,52,United Kingdom,11.405797101449275,10.096100092827871,146
16173,16,6,1418.32,4,4,3,3.6999999999999997,Champions,70,United Kingdom,6.845238095238095,6.1427756522367,82
16174,126,3,1009.5500000000001,2,3,3,2.5999999999999996,Loyal,19,United Kingdom,28.304347826086957,67.39894675523807,25
16175,94,4,1037.59,2,3,3,2.5999999999999996,Loyal,45,United Kingdom,9.189655172413794,6.576407173123867,145
16177,50,1,331.95,3,1,2,2.1,Needs Attention,15,United Kingdom,6.333333333333333,8.840891196189283,0
16178,138,1,197.9,2,1,1,1.4000000000000001,At Risk,8,United Kingdom,11.75,11.809280551450081,0
16179,61,1,215.83,2,1,1,1.4000000000000001,At Risk,11,United Kingdom,9.0,11.197438505788236,0
16180,100,8,10254.18,2,4,4,3.2,Loyal,90,United Kingdom,36.21604938271605,67.74122131528485,152
16181,73,1,305.54,2,1,1,1.4000000000000001,At Risk,11,United Kingdom,13.818181818181818,38.32879838260712,0
16182,72,4,6617.65,2,3,4,2.9,Loyal,17,United Kingdom,135.39285714285714,143.54906461457554,222
16183,67,1,338.71000000000004,2,1,2,1.7000000000000002,Needs Attention,15,United Kingdom,7.533333333333333,17.585301275564802,0
16184,64,6,1158.79,2,4,3,2.9,Loyal,26,United Kingdom,12.466666666666667,11.520007461768065,147
16185,17,2,529.41,4,2,2,2.8000000000000003,Loyal,31,United Kingdom,8.387096774193548,5.079383630374471,215
16186,23,12,4006.94,3,4,4,3.6000000000000005,Champions,87,United Kingdom,13.853211009174313,9.762425464027068,349
16187,32,15,6911.4400000000005,3,4,4,3.6000000000000005,Champions,160,United Kingdom,17.11186440677966,14.632523825505219,252
16188,45,4,981.86,3,3,3,3.0,Loyal,65,United Kingdom,11.671641791044776,6.076603499154275,198
16189,16,2,215.48,4,2,1,2.5,Needs Attention,9,United Kingdom,12.181818181818182,13.731234798477123,69
16190,40,1,215.08,3,1,1,1.8000000000000003,Needs Attention,6,United Kingdom,14.666666666666666,27.552543016329118,0
16191,3,13,5180.52,4,4,4,4.0,Champions,65,United Kingdom,25.007462686567163,47.64310562848109,357
16193,237,1,314.45,1,1,2,1.2999999999999998,At Risk,19,United Kingdom,11.526315789473685,5.6995545634919775,0
16198,75,1,400.68100000000004,2,1,2,1.7000000000000002,Needs Attention,15,United Kingdom,8.6,11.272979124986481,0
16200,4,2,1080.6200000000001,4,2,3,3.1,Loyal,149,United Kingdom,2.921787709497207,5.67923082451704,159
16201,3,4,1863.47,4,3,4,3.7,Champions,74,United Kingdom,11.585585585585585,7.127969087248015,106
16202,361,1,365.27,1,1,2,1.2999999999999998,At Risk,18,United Kingdom,10.61111111111111,13.96868885402827,0
16203,59,4,592.9,2,3,2,2.3,Needs Attention,27,United Kingdom,7.485714285714286,3.696675772191264,313
16204,23,1,405.71,3,1,2,2.1,Needs Attention,45,United Kingdom,4.052631578947368,6.107271724739247,0
16205,31,4,761.38,3,3,3,3.0,Loyal,73,United Kingdom,5.275510204081633,11.618780448935054,148
16206,55,4,537.0600000000001,2,3,2,2.3,Needs Attention,52,United Kingdom,4.317460317460317,11.079828643303873,272
16207,25,1,394.38,3,1,2,2.1,Needs Attention,19,United Kingdom,7.368421052631579,15.12107471659324,0
16208,45,2,664.26,3,2,2,2.4000000000000004,Needs Attention,61,United Kingdom,5.045454545454546,8.634417388357111,244
16209,89,5,2262.62,2,4,4,3.2,Loyal,37,United Kingdom,25.630434782608695,177.98067669690417,157
16210,2,18,21086.3,4,4,4,4.0,Champions,74,United Kingdom,61.45528455284553,452.7577721606914,372
16211,89,1,547.02,2,1,2,1.7000000000000002,Needs Attention,23,United Kingdom,6.695652173913044,33.953742277170356,0
16212,19,2,690.34,3,2,3,2.7,Loyal,40,United Kingdom,5.951219512195122,3.694687930318206,264
16213,79,1,159.0,2,1,1,1.4000000000000001,At Risk,6,United Kingdom,8.0,25.00615924127494,0
16214,171,3,1062.75,1,3,3,2.1999999999999997,Needs Attention,36,United Kingdom,9.545454545454545,18.135403374330636,98
16215,81,1,242.35,2,1,1,1.4000000000000001,At Risk,14,United Kingdom,7.428571428571429,3.9949091917776363,0
16216,267,1,914.9300000000001,1,1,3,1.5999999999999999,Needs Attention,37,United Kingdom,6.864864864864865,26.35053047485584,0
16217,235,2,304.25,1,2,1,1.3,At Risk,13,United Kingdom,6.066666666666666,13.256193521017513,46
16218,30,7,3084.68,3,4,4,3.6000000000000005,Champions,56,United Kingdom,24.857142857142858,27.483163460213927,343
16221,37,3,864.86,3,3,3,3.0,Loyal,90,United Kingdom,7.391752577319588,8.399832532643758,330
16222,318,1,846.72,1,1,3,1.5999999999999999,Needs Attention,120,United Kingdom,2.664233576642336,5.096358975463172,0
16224,57,4,1295.3,2,3,3,2.5999999999999996,Loyal,90,United Kingdom,11.625,6.555541565675427,192
16225,45,5,1096.32,3,4,3,3.3000000000000003,Loyal,109,United Kingdom,3.6791044776119404,7.850729146488424,232
16226,203,3,255.12,1,3,1,1.5999999999999999,Needs Attention,6,United Kingdom,24.0,21.785347631575025,32
16227,225,1,314.22,1,1,2,1.2999999999999998,At Risk,6,United Kingdom,15.0,62.26902119031582,0
16229,87,2,1010.6,2,2,3,2.3,Needs Attention,46,United Kingdom,6.76595744680851,15.898372754600336,125
16230,190,2,542.03,1,2,2,1.6,Needs Attention,32,United Kingdom,10.428571428571429,6.526899517452707,30
16232,44,4,990.88,3,3,3,3.0,Loyal,24,United Kingdom,14.864864864864865,17.624825601335107,171
16233,71,3,536.6800000000001,2,3,2,2.3,Needs Attention,22,United Kingdom,7.909090909090909,18.149483195389895,295
16235,41,5,867.31,3,4,3,3.3000000000000003,Loyal,42,United Kingdom,7.173913043478261,7.079750374294198,291
16236,78,1,432.2,2,1,2,1.7000000000000002,Needs Attention,20,United Kingdom,9.2,9.484872165717366,0
16239,57,2,414.2,2,2,2,2.0,Needs Attention,18,United Kingdom,12.0,11.771009585701078,132
16240,24,2,3718.8,3,2,4,3.0,Loyal,126,United Kingdom,12.155555555555555,38.93381580879064,53
16241,10,13,2607.87,4,4,4,4.0,Champions,347,United Kingdom,2.194864048338369,4.421311311782074,360
16242,8,7,3603.21,4,4,4,4.0,Champions,184,United Kingdom,6.741496598639456,9.703743965205293,268
16243,34,2,409.1,3,2,2,2.4000000000000004,Needs Attention,49,United Kingdom,2.156862745098039,11.782344312156049,21
16244,212,2,1522.75,1,2,3,1.9,Needs Attention,88,United Kingdom,9.395604395604396,4.739304537265727,160
16245,24,3,1413.66,3,3,3,3.0,Loyal,80,United Kingdom,11.266666666666667,5.373322952378891,233
16247,170,1,114.56,1,1,1,1.0,At Risk,16,United Kingdom,11.375,5.275034281089239,0
16248,62,1,152.94,2,1,1,1.4000000000000001,At Risk,7,United Kingdom,11.142857142857142,5.91686693155375,0
16249,53,5,1800.07,2,4,4,3.2,Loyal,67,United Kingdom,13.768115942028986,19.84171353040551,186
16250,261,2,389.44,1,2,2,1.6,Needs Attention,22,United Kingdom,8.666666666666666,4.731409999113388,112
16253,67,2,3683.86,2,2,4,2.5999999999999996,Loyal,114,United Kingdom,26.284552845528456,18.89041063417527,188
16255,17,8,2619.91,4,4,4,4.0,Champions,146,United Kingdom,6.544444444444444,7.811898472417364,348
16256,267,1,752.4300000000001,1,1,3,1.5999999999999999,Needs Attention,13,United Kingdom,44.69230769230769,34.54542962089642,0
16257,177,1,46.95,1,1,1,1.0,At Risk,2,United Kingdom,1.0,2.1566756826189692,0
16258,45,5,5203.51,3,4,4,3.6000000000000005,Champions,111,United Kingdom,22.177777777777777,46.74498654127583,173
16260,51,1,1035.45,2,1,3,2.0,Needs Attention,18,United Kingdom,17.27777777777778,54.69743044292687,0
16261,17,4,746.83,4,3,3,3.4,Loyal,98,United Kingdom,2.467741935483871,5.263820301205998,228
16265,9,9,5447.0,4,4,4,4.0,Champions,164,United Kingdom,10.255813953488373,14.14195110206029,355
16266,74,7,861.89,2,4,3,2.9,Loyal,44,United Kingdom,6.524590163934426,9.561681314645533,132
16268,71,2,667.65,2,2,2,2.0,Needs Attention,45,United Kingdom,11.844444444444445,9.331341860048367,0
16270,353,1,1141.24,1,1,3,1.5999999999999999,Needs Attention,54,United Kingdom,12.74074074074074,17.68536443402343,0
16271,3,5,1429.24,4,4,3,3.6999999999999997,Champions,89,United Kingdom,7.804511278195489,10.504117282357523,355
16272,117,1,411.7,2,1,2,1.7000000000000002,Needs Attention,25,United Kingdom,8.96,8.921157903172286,0
16274,373,1,357.95,1,1,2,1.2999999999999998,At Risk,64,United Kingdom,2.3134328358208953,5.06367256328172,0
16275,197,1,559.87,1,1,2,1.2999999999999998,At Risk,33,United Kingdom,10.181818181818182,8.725363541961672,0
16276,177,1,810.6000000000001,1,1,3,1.5999999999999999,Needs Attention,6,United Kingdom,70.0,198.47086436049,0
16278,100,1,566.38,2,1,2,1.7000000000000002,Needs Attention,23,United Kingdom,4.956521739130435,42.77734296963173,0
16279,21,3,1509.58,3,3,3,3.0,Loyal,102,United Kingdom,9.850467289719626,8.279318608947271,155
16281,72,1,2062.06,2,1,4,2.3,Needs Attention,17,United Kingdom,54.94117647058823,82.89864530930315,0
16282,340,1,168.3,1,1,1,1.0,At Risk,11,United Kingdom,10.363636363636363,11.149327333969525,0
16283,6,5,1570.81,4,4,3,3.6999999999999997,Champions,117,United Kingdom,7.445783132530121,7.3023196315095795,202
16284,31,2,823.97,3,2,3,2.7,Loyal,87,United Kingdom,4.990825688073395,6.569421344835501,19
16287,170,1,142.5,1,1,1,1.0,At Risk,8,United Kingdom,37.25,5.923326165014288,0
16292,122,1,302.25,2,1,1,1.4000000000000001,At Risk,17,United Kingdom,11.235294117647058,6.990579795864785,0
16293,22,10,2248.9900000000002,3,4,4,3.6000000000000005,Champions,102,United Kingdom,8.322033898305085,8.528286584236676,345
16295,10,4,1328.55,4,3,3,3.4,Loyal,70,United Kingdom,10.645569620253164,5.7493328825709975,54
16297,269,1,301.9,1,1,1,1.0,At Risk,20,United Kingdom,10.3,4.146397929465246,0
16298,23,3,598.2,3,3,2,2.7,Loyal,22,United Kingdom,7.333333333333333,17.196565250370682,164
16302,127,1,233.22,2,1,1,1.4000000000000001,At Risk,11,United Kingdom,14.363636363636363,10.81502826457871,0
16303,26,3,5360.63,3,3,4,3.3,Loyal,119,United Kingdom,16.41358024691358,19.338542001310408,307
16305,139,1,361.21999999999997,2,1,2,1.7000000000000002,Needs Attention,22,United Kingdom,11.636363636363637,4.590098981286641,0
16306,214,6,632.27,1,4,2,2.2,Needs Attention,36,United Kingdom,11.878048780487806,9.82146277168578,153
16308,38,4,2560.0,3,3,4,3.3,Loyal,1,United Kingdom,2000.0,261.2789058968723,223
16309,106,2,706.57,2,2,3,2.3,Needs Attention,39,United Kingdom,11.119047619047619,14.141509990802849,134
16311,18,2,616.26,3,2,2,2.4000000000000004,Needs Attention,35,United Kingdom,10.64864864864865,6.6974761168918215,31
16313,3,2,274.15000000000003,4,2,1,2.5,Needs Attention,16,United Kingdom,10.3125,3.1895286354987733,46
16315,331,1,226.37,1,1,1,1.0,At Risk,14,United Kingdom,5.357142857142857,2.598098311297098,0
16316,64,8,2938.91,2,4,4,3.2,Loyal,120,United Kingdom,9.827814569536423,28.551330635534352,293
16317,120,3,1341.65,2,3,3,2.5999999999999996,Loyal,64,United Kingdom,12.898550724637682,10.238127759363541,177
16318,35,1,328.15,3,1,2,2.1,Needs Attention,19,United Kingdom,10.473684210526315,6.517717643075204,0
16319,218,1,404.40000000000003,1,1,2,1.2999999999999998,At Risk,3,United Kingdom,24.0,13.856406460551018,0
16320,172,2,1038.46,1,2,3,1.9,Needs Attention,56,Unspecified,13.071428571428571,7.902579942035371,40
16321,72,5,373.65000000000003,2,4,2,2.6,Loyal,7,Australia,11.25,13.771283115104549,251
16322,1,2,326.75,4,2,2,2.8000000000000003,Loyal,28,United Kingdom,6.243243243243243,5.854592586538738,35
16323,196,1,207.50000000000003,1,1,1,1.0,At Risk,1,United Kingdom,50.0,0.0,0
16324,128,3,428.68,2,3,2,2.3,Needs Attention,100,United Kingdom,2.389830508474576,3.366620995296948,48
16325,47,3,594.24,3,3,2,2.7,Loyal,14,United Kingdom,10.777777777777779,18.465894795222766,198
16326,6,14,3110.96,4,4,4,4.0,Champions,158,United Kingdom,2.2225705329153604,9.008921594791364,328
16327,14,6,3844.22,4,4,4,4.0,Champions,142,United Kingdom,8.059561128526646,10.228470420497775,355
16330,18,3,251.91,3,3,1,2.4,Needs Attention,39,United Kingdom,3.769230769230769,17.64067748200991,94
16332,28,7,1593.2,3,4,3,3.3000000000000003,Loyal,125,United Kingdom,5.235294117647059,8.955658625831417,277
16333,8,22,26626.8,4,4,4,4.0,Champions,9,United Kingdom,715.2,532.8805293360365,302
16337,37,1,151.05,3,1,1,1.8000000000000003,Needs Attention,10,United Kingdom,8.7,3.8136050311133873,0
16338,157,1,214.79999999999998,1,1,1,1.0,At Risk,11,United Kingdom,8.545454545454545,14.201185929991263,0
16339,284,1,109.95,1,1,1,1.0,At Risk,17,United Kingdom,1.15,2.6160675087861005,0
16340,107,1,549.07,2,1,2,1.7000000000000002,Needs Attention,124,United Kingdom,3.2745098039215685,4.424078359686382,0
16341,25,4,1971.87,3,3,4,3.3,Loyal,60,United Kingdom,18.155844155844157,22.488418735841588,176
16342,75,4,322.41,2,3,2,2.3,Needs Attention,10,United Kingdom,10.466666666666667,9.931672136582613,104
16343,16,2,370.47999999999996,4,2,2,2.8000000000000003,Loyal,29,United Kingdom,4.148936170212766,6.427968597933735,0
16344,158,1,101.10000000000001,1,1,1,1.0,At Risk,1,United Kingdom,9.0,21.001071401240463,0
16345,44,1,575.41,3,1,2,2.1,Needs Attention,35,United Kingdom,7.605263157894737,15.774856907597991,0
16347,11,2,887.65,4,2,3,3.1,Loyal,61,United Kingdom,3.8369565217391304,10.046161617579923,25
16348,32,7,1469.45,3,4,3,3.3000000000000003,Loyal,157,United Kingdom,3.4851063829787234,7.549929335406452,207
16349,291,1,53.5,1,1,1,1.0,At Risk,9,United Kingdom,1.0,6.061353213415118,0
16350,21,4,1116.47,3,3,3,3.0,Loyal,40,United Kingdom,9.56140350877193,7.1279950482952295,312
16351,333,1,153.9,1,1,1,1.0,At Risk,8,United Kingdom,11.25,3.0061544015093906,0
16352,18,2,494.44,3,2,2,2.4000000000000004,Needs Attention,28,United Kingdom,10.714285714285714,7.454696612693342,20
16353,4,23,6675.71,4,4,4,4.0,Champions,51,United Kingdom,21.340425531914892,99.7528381245287,366
16354,63,2,395.8,2,2,2,2.0,Needs Attention,38,United Kingdom,3.8461538461538463,7.311634628772786,9
16356,198,3,211.77,1,3,1,1.5999999999999999,Needs Attention,20,United Kingdom,3.0,4.75200711414695,79
16357,33,3,658.88,3,3,2,2.7,Loyal,31,United Kingdom,7.235294117647059,6.779097001056456,180
16358,1,4,2027.5,4,3,4,3.7,Champions,82,United Kingdom,11.944954128440367,12.222363878569327,183
16359,7,9,1750.92,4,4,4,4.0,Champions,39,United Kingdom,17.924242424242426,39.004978093621794,324
16360,5,6,3512.53,4,4,4,4.0,Champions,365,United Kingdom,3.2386706948640485,5.158309948712114,83
16361,10,4,896.66,4,3,3,3.4,Loyal,87,United Kingdom,3.9716981132075473,6.967078301117934,61
16362,32,5,734.77,3,4,3,3.3000000000000003,Loyal,58,United Kingdom,4.333333333333333,8.92108925282054,58
16363,53,1,109.36000000000001,2,1,1,1.4000000000000001,At Risk,5,United Kingdom,10.4,11.89999663865499,0
16364,12,2,707.04,4,2,3,3.1,Loyal,48,United Kingdom,5.283018867924528,9.726554643833419,125
16365,18,9,1540.42,3,4,3,3.3000000000000003,Loyal,45,United Kingdom,9.882352941176471,66.00035337041467,349
16366,19,1,327.3,3,1,2,2.1,Needs Attention,18,United Kingdom,14.222222222222221,7.864533193581244,0
16367,37,2,804.49,3,2,3,2.7,Loyal,123,United Kingdom,4.976923076923077,4.589620207530671,325
16368,2,2,497.43,4,2,2,2.8000000000000003,Loyal,58,United Kingdom,3.4210526315789473,9.772244572382341,25
16369,18,3,1553.66,3,3,3,3.0,Loyal,91,United Kingdom,8.771186440677965,11.156780792038765,178
16370,82,4,1320.56,2,3,3,2.5999999999999996,Loyal,143,United Kingdom,2.837719298245614,5.2237198549316375,142
16372,33,2,367.93,3,2,2,2.4000000000000004,Needs Attention,86,United Kingdom,1.711340206185567,3.0166141895152716,0
16374,66,2,473.03000000000003,2,2,2,2.0,Needs Attention,101,United Kingdom,2.1621621621621623,4.050673613610051,196
16376,9,2,987.01,4,2,3,3.1,Loyal,104,United Kingdom,5.552,11.267314553681942,8
16377,267,1,676.2,1,1,3,1.5999999999999999,Needs Attention,5,United Kingdom,300.0,155.87394907424397,0
16378,247,3,362.95,1,3,2,1.9,Needs Attention,22,United Kingdom,11.608695652173912,8.909274268097807,63
16379,4,4,2157.4,4,3,4,3.7,Champions,87,United Kingdom,13.055555555555555,9.510036315568609,74
16380,61,1,1780.59,2,1,4,2.3,Needs Attention,28,United Kingdom,47.625,133.9045081659212,0
16383,75,2,668.36,2,2,2,2.0,Needs Attention,80,United Kingdom,4.6568627450980395,5.541289781997359,193
16384,90,2,584.5,2,2,2,2.0,Needs Attention,33,United Kingdom,7.878787878787879,5.815080479653611,174
16385,60,3,555.89,2,3,2,2.3,Needs Attention,52,United Kingdom,4.423728813559322,10.376702431919682,306
16386,29,2,317.2,3,2,2,2.4000000000000004,Needs Attention,76,United Kingdom,2.5454545454545454,4.292411349499537,225
16387,323,1,94.36,1,1,1,1.0,At Risk,4,United Kingdom,11.0,12.049912862755482,0
16389,53,4,1382.07,2,3,3,2.5999999999999996,Loyal,33,United Kingdom,36.529411764705884,33.188884627751875,229
16392,270,1,221.19,1,1,1,1.0,At Risk,41,United Kingdom,4.511111111111111,4.039428739989671,0
16393,2,13,3046.21,4,4,4,4.0,Champions,120,United Kingdom,4.775757575757575,8.684726909101828,366
16394,57,5,1555.34,2,4,3,2.9,Loyal,61,United Kingdom,31.373493975903614,14.727909262851103,232
16395,61,5,1486.9,2,4,3,2.9,Loyal,150,United Kingdom,7.0285714285714285,6.467459346154967,270
16398,154,2,1705.8,1,2,4,2.2,Needs Attention,75,United Kingdom,9.24390243902439,11.700690974739889,99
16399,19,2,408.57,3,2,2,2.4000000000000004,Needs Attention,68,United Kingdom,3.6164383561643834,4.507265084995904,216
16400,95,1,303.93,2,1,1,1.4000000000000001,At Risk,28,United Kingdom,5.931034482758621,8.594979632136852,0
16401,1,12,4098.32,4,4,4,4.0,Champions,66,United Kingdom,20.870967741935484,25.058393906376015,326
16402,265,2,299.6,1,2,1,1.3,At Risk,55,United Kingdom,2.4833333333333334,7.324150130987412,104
16403,312,1,177.5,1,1,1,1.0,At Risk,10,United Kingdom,11.4,3.49833293631886,0
16404,70,1,443.05,2,1,2,1.7000000000000002,Needs Attention,23,United Kingdom,6.826086956521739,6.070592628538014,0
16405,302,2,167.25,1,2,1,1.3,At Risk,3,United Kingdom,37.4,43.5710196116639,7
16406,19,1,163.07,3,1,1,1.8000000000000003,Needs Attention,54,United Kingdom,1.967741935483871,2.0551107759504883,0
16407,13,10,2126.93,4,4,4,4.0,Champions,99,United Kingdom,6.534883720930233,10.239900678310939,299
16409,36,5,2028.88,3,4,4,3.6000000000000005,Champions,145,United Kingdom,5.629310344827586,7.25715714589912,281
16411,19,2,214.65,3,2,1,2.1,Needs Attention,41,United Kingdom,2.933333333333333,4.157233564414071,349
16412,54,1,151.83,2,1,1,1.4000000000000001,At Risk,25,United Kingdom,2.085714285714286,3.7942036287567102,0
16413,57,1,262.2,2,1,1,1.4000000000000001,At Risk,30,United Kingdom,4.774193548387097,6.578374885108955,0
16414,22,2,126.25,3,2,1,2.1,Needs Attention,5,United Kingdom,3.857142857142857,7.224767256096346,258
16415,44,1,210.35,3,1,1,1.8000000000000003,Needs Attention,45,United Kingdom,3.462962962962963,5.610979033047102,0
16416,27,3,1051.4,3,3,3,3.0,Loyal,59,United Kingdom,9.464788732394366,16.536769130627604,29
16418,45,3,675.27,3,3,3,3.0,Loyal,76,United Kingdom,2.823529411764706,5.8447585820917665,181
16419,113,6,972.23,2,4,3,2.9,Loyal,36,United Kingdom,8.549019607843137,17.03779359737248,199
16422,17,51,34684.4,4,4,4,4.0,Champions,68,United Kingdom,91.33875338753387,72.1044032579919,351
16423,25,1,346.12,3,1,2,2.1,Needs Attention,18,United Kingdom,12.777777777777779,12.445157285839382,0
16424,191,1,133.56,1,1,1,1.0,At Risk,5,United Kingdom,17.6,10.47471813463255,0
16425,302,1,302.7,1,1,1,1.0,At Risk,21,United Kingdom,9.476190476190476,4.929861632367151,0
16426,2,10,1908.25,4,4,4,4.0,Champions,211,United Kingdom,3.3413978494623655,6.593889082149501,273
16427,263,2,241.06,1,2,1,1.3,At Risk,8,United Kingdom,17.333333333333332,15.147761477451967,21
16429,106,1,284.55,2,1,1,1.4000000000000001,At Risk,2,United Kingdom,4.5,194.2068774528853,0
16430,57,1,300.85,2,1,1,1.4000000000000001,At Risk,6,United Kingdom,17.166666666666668,35.47523666822629,0
16431,213,3,642.81,1,3,2,1.9,Needs Attention,51,United Kingdom,5.457831325301205,8.771113528516233,84
16432,64,1,287.4,2,1,1,1.4000000000000001,At Risk,8,United Kingdom,34.5,43.98165169379483,0
16433,28,1,184.26,3,1,1,1.8000000000000003,Needs Attention,17,United Kingdom,6.235294117647059,14.297052966587616,0
16434,29,7,1522.25,3,4,3,3.3000000000000003,Loyal,88,United Kingdom,7.036697247706422,8.891545446553968,270
16438,6,5,798.35,4,4,3,3.6999999999999997,Champions,74,United Kingdom,3.507575757575758,5.531303579299838,76
16440,8,5,3640.67,4,4,4,4.0,Champions,186,United Kingdom,7.156028368794326,12.778953684235058,206
16441,67,2,381.2,2,2,2,2.0,Needs Attention,22,United Kingdom,7.208333333333333,7.090128880086164,224
16442,2,3,616.79,4,3,2,3.1,Loyal,161,United Kingdom,2.5632183908045976,4.040298120978817,359
16444,46,4,654.67,3,3,2,2.7,Loyal,68,United Kingdom,4.845238095238095,8.415584049309505,218
16445,34,1,230.51,3,1,1,1.8000000000000003,Needs Attention,62,United Kingdom,1.7619047619047619,2.6148484882469685,0
16446,1,2,168472.5,4,2,4,3.4000000000000004,Loyal,3,United Kingdom,26999.0,97265.13175258387,204
16447,136,1,259.01,2,1,1,1.4000000000000001,At Risk,34,United Kingdom,6.194444444444445,8.506616075943011,0
16448,198,1,188.89000000000001,1,1,1,1.0,At Risk,19,United Kingdom,3.9,8.841455866660494,0
16449,198,2,707.69,1,2,3,1.9,Needs Attention,40,United Kingdom,9.175,6.621208150465811,82
16450,150,1,311.92,1,1,2,1.2999999999999998,At Risk,11,United Kingdom,18.181818181818183,18.234446124150455,0
16451,88,1,266.97,2,1,1,1.4000000000000001,At Risk,14,United Kingdom,8.571428571428571,11.153142685281212,0
16454,45,2,6.9,3,2,1,2.1,Needs Attention,2,United Kingdom,1.5,3.464823227814083,19
16455,64,7,1841.18,2,4,4,3.2,Loyal,69,United Kingdom,9.97979797979798,7.510294778795242,307
16456,99,5,2158.37,2,4,4,3.2,Loyal,80,United Kingdom,10.342342342342342,22.17814980588887,273
16457,218,1,208.36,1,1,1,1.0,At Risk,9,United Kingdom,15.555555555555555,11.31308141538419,0
16458,3,18,3482.7400000000002,4,4,4,4.0,Champions,52,United Kingdom,10.663366336633663,8.024880794622014,357
16460,28,3,814.72,3,3,3,3.0,Loyal,128,United Kingdom,6.511111111111111,6.841903906500164,53
16461,178,1,151.42,1,1,1,1.0,At Risk,31,United Kingdom,1.4848484848484849,3.7350979916965708,0
16462,74,3,136.0,2,3,1,2.0,Needs Attention,1,United Kingdom,5.333333333333333,19.629909152447276,210
16463,21,4,1422.4,3,3,3,3.0,Loyal,74,United Kingdom,14.182926829268293,7.9958372676260945,182
16464,20,3,1314.68,3,3,3,3.0,Loyal,152,United Kingdom,4.080508474576271,4.925612562197125,122
16466,34,7,1603.46,3,4,3,3.3000000000000003,Loyal,103,United Kingdom,5.331081081081081,11.035056199426815,258
16468,74,1,74.9,2,1,1,1.4000000000000001,At Risk,2,United Kingdom,15.5,35.28462838120873,0
16469,24,4,650.43,3,3,2,2.7,Loyal,148,United Kingdom,1.5,2.7483985131535436,222
16470,52,4,762.39,2,3,3,2.5999999999999996,Loyal,120,United Kingdom,3.123529411764706,5.056053509767312,307
16471,275,1,223.95000000000002,1,1,1,1.0,At Risk,13,United Kingdom,10.846153846153847,4.8152801659844355,0
16473,165,3,316.11,1,3,2,1.9,Needs Attention,18,United Kingdom,10.88888888888889,6.92454139488037,171
16474,7,7,1871.5,4,4,4,4.0,Champions,237,United Kingdom,2.6194444444444445,6.644167590309662,137
16475,88,4,544.3,2,3,2,2.3,Needs Attention,23,United Kingdom,11.392857142857142,14.380422372762478,185
16477,64,7,2494.46,2,4,4,3.2,Loyal,111,United Kingdom,9.691780821917808,5.410327055495405,307
16478,25,3,331.0,3,3,2,2.7,Loyal,15,United Kingdom,13.176470588235293,9.505777500149735,40
16479,10,2,300.83,4,2,1,2.5,Needs Attention,35,United Kingdom,2.914285714285714,6.795277067211319,0
16480,76,1,769.29,2,1,3,2.0,Needs Attention,51,United Kingdom,8.584905660377359,15.729580979142147,0
16482,16,1,220.62,4,1,1,2.2,Needs Attention,18,United Kingdom,19.22222222222222,4.411076966002747,0
16483,192,1,139.35,1,1,1,1.0,At Risk,19,United Kingdom,2.3157894736842106,4.102135373178589,0
16484,174,2,404.3,1,2,2,1.6,Needs Attention,25,United Kingdom,8.0,4.077812935058858,17
16485,77,1,363.65,2,1,2,1.7000000000000002,Needs Attention,41,United Kingdom,5.595238095238095,8.015280198886792,0
16488,33,3,498.8,3,3,2,2.7,Loyal,28,United Kingdom,25.103448275862068,12.430350529478815,115
16491,47,1,731.5,3,1,3,2.4000000000000004,Needs Attention,39,United Kingdom,12.256410256410257,9.592886203953288,0
16493,80,4,1351.63,2,3,3,2.5999999999999996,Loyal,40,United Kingdom,20.785714285714285,12.462175873417934,250
16494,297,1,826.53,1,1,3,1.5999999999999999,Needs Attention,47,United Kingdom,13.5,11.80480849968714,0
16495,3,3,684.41,4,3,3,3.4,Loyal,78,United Kingdom,3.4742268041237114,8.089864779856175,272
16496,9,3,1599.52,4,3,3,3.4,Loyal,92,United Kingdom,11.694736842105263,8.590652871145451,308
16497,50,6,2965.69,3,4,4,3.6000000000000005,Champions,128,United Kingdom,10.264705882352942,13.491061149196995,283
16498,161,2,100.97,1,2,1,1.3,At Risk,15,United Kingdom,3.0,6.965797940823504,0
16499,360,2,365.45,1,2,2,1.6,Needs Attention,18,United Kingdom,6.684210526315789,7.320975432724095,4
16500,5,6,400.86,4,4,2,3.4,Loyal,8,United Kingdom,11.181818181818182,43.58494552438532,326
16503,107,4,1431.93,2,3,3,2.5999999999999996,Loyal,71,United Kingdom,6.773809523809524,5.610062852280752,253
16504,25,1,484.38,3,1,2,2.1,Needs Attention,76,United Kingdom,6.093023255813954,6.530407009100917,0
16505,32,1,777.6,3,1,3,2.4000000000000004,Needs Attention,4,United Kingdom,144.0,110.36451603663203,0
16506,20,2,90.30000000000001,3,2,1,2.1,Needs Attention,3,United Kingdom,14.0,8.92132277187638,20
16509,297,1,363.7,1,1,2,1.2999999999999998,At Risk,13,United Kingdom,4.923076923076923,16.100642008222007,0
16510,372,1,248.1,1,1,1,1.0,At Risk,13,United Kingdom,7.076923076923077,6.260204489983554,0
16511,22,3,950.26,3,3,3,3.0,Loyal,135,United Kingdom,2.467455621301775,5.118174454058879,244
16513,5,4,874.59,4,3,3,3.4,Loyal,33,United Kingdom,11.628571428571428,19.314303977913895,38
16515,52,5,1627.13,2,4,3,2.9,Loyal,89,United Kingdom,7.371681415929204,18.202481742254754,259
16516,30,1,101.69999999999999,3,1,1,1.8000000000000003,Needs Attention,6,United Kingdom,9.666666666666666,1.694402549573153,0
16517,277,1,162.7,1,1,1,1.0,At Risk,17,United Kingdom,5.647058823529412,6.050724616304475,0
16518,61,2,484.32,2,2,2,2.0,Needs Attention,36,United Kingdom,8.175,9.698069117890666,222
16519,25,2,215.07999999999998,3,2,1,2.1,Needs Attention,13,United Kingdom,4.153846153846154,13.075439836696772,340
16520,186,3,1046.57,1,3,3,2.1999999999999997,Needs Attention,129,United Kingdom,3.576923076923077,5.970986014964494,179
16523,2,21,9418.470000000001,4,4,4,4.0,Champions,151,United Kingdom,14.706896551724139,22.83208463538272,313
16525,2,26,13027.45,4,4,4,4.0,Champions,75,United Kingdom,40.4207650273224,40.857441010622146,364
16526,172,1,290.36,1,1,1,1.0,At Risk,15,United Kingdom,7.066666666666666,15.402448073818224,0
16527,81,1,228.06,2,1,1,1.4000000000000001,At Risk,14,United Kingdom,7.571428571428571,9.759812419382786,0
16528,4,1,244.41,4,1,1,2.2,Needs Attention,17,United Kingdom,10.058823529411764,5.046401892321254,0
16529,190,1,455.25,1,1,2,1.2999999999999998,At Risk,30,United Kingdom,6.6,10.552886106294041,0
16531,22,7,1244.59,3,4,3,3.3000000000000003,Loyal,68,United Kingdom,11.883116883116884,5.983179661226122,338
16532,18,3,6748.8,3,3,4,3.3,Loyal,2,United Kingdom,504.0,888.233482818566,320
16533,19,3,1095.56,3,3,3,3.0,Loyal,112,United Kingdom,3.457627118644068,6.231108116975183,48
16535,5,1,593.75,4,1,2,2.5,Needs Attention,31,United Kingdom,11.483870967741936,15.304811963801182,0
16536,110,1,548.97,2,1,2,1.7000000000000002,Needs Attention,49,United Kingdom,4.5636363636363635,7.889376601797075,0
16539,3,4,1388.81,4,3,3,3.4,Loyal,36,United Kingdom,10.6,22.47097250348825,370
16542,54,1,119.62,2,1,1,1.4000000000000001,At Risk,5,United Kingdom,9.2,16.68088366963813,0
16545,165,1,339.3,1,1,2,1.2999999999999998,At Risk,3,United Kingdom,26.0,110.82919290511865,0
16546,291,2,787.15,1,2,3,1.9,Needs Attention,25,United Kingdom,21.96,20.2607251433243,81
16549,10,10,4154.64,4,4,4,4.0,Champions,445,United Kingdom,2.4108053007135575,5.038497135197087,324
16550,109,5,2298.97,2,4,4,3.2,Loyal,162,United Kingdom,6.135458167330677,6.250607124488083,259
16551,96,3,922.12,2,3,3,2.5999999999999996,Loyal,26,United Kingdom,30.3125,21.631312541269068,240
16552,243,2,379.73,1,2,2,1.6,Needs Attention,17,United Kingdom,12.882352941176471,18.437844154315428,130
16553,163,12,5719.82,1,4,4,2.8,Loyal,62,United Kingdom,54.76190476190476,50.31734171288326,197
16554,42,3,837.1,3,3,3,3.0,Loyal,51,United Kingdom,7.730769230769231,6.546503044497412,289
16555,35,2,285.89,3,2,1,2.1,Needs Attention,15,United Kingdom,10.294117647058824,4.374448200496096,74
16556,67,7,3313.79,2,4,4,3.2,Loyal,144,United Kingdom,9.130434782608695,9.177355844542557,293
16557,24,2,281.85,3,2,1,2.1,Needs Attention,11,United Kingdom,10.090909090909092,13.963333478012396,113
16558,1,20,8338.49,4,4,4,4.0,Champions,264,United Kingdom,11.689130434782609,16.808100156473326,365
16560,27,2,841.41,3,2,3,2.7,Loyal,52,United Kingdom,8.928571428571429,7.712658777754786,331
16561,6,2,511.12,4,2,2,2.8000000000000003,Loyal,29,United Kingdom,7.870967741935484,3.6966107988060446,54
16563,54,1,1077.74,2,1,3,2.0,Needs Attention,19,United Kingdom,25.57894736842105,65.70661974536944,0
16565,364,1,173.7,1,1,1,1.0,At Risk,3,United Kingdom,15.333333333333334,69.36863484313353,0
16566,15,5,614.66,4,4,2,3.4,Loyal,14,United Kingdom,20.11111111111111,30.91612116214481,277
16567,194,2,865.6,1,2,3,1.9,Needs Attention,34,United Kingdom,28.457142857142856,18.32720111856516,142
16569,3,1,124.2,4,1,1,2.2,Needs Attention,5,United Kingdom,18.6,19.659043720384776,0
16570,15,10,3738.4,4,4,4,4.0,Champions,68,United Kingdom,16.761904761904763,20.45318412312868,296
16571,27,3,1421.69,3,3,3,3.0,Loyal,73,United Kingdom,14.241379310344827,7.099897281372537,255
16572,127,3,1009.6,2,3,3,2.5999999999999996,Loyal,40,United Kingdom,9.333333333333334,6.503680007048719,148
16573,85,2,663.61,2,2,2,2.0,Needs Attention,40,United Kingdom,8.571428571428571,6.292944747927204,205
16574,71,1,451.44,2,1,2,1.7000000000000002,Needs Attention,28,United Kingdom,14.857142857142858,5.624561781872012,0
16581,183,1,105.84,1,1,1,1.0,At Risk,9,United Kingdom,14.88888888888889,5.536442901358236,0
16582,113,1,313.62,2,1,2,1.7000000000000002,Needs Attention,6,United Kingdom,27.333333333333332,64.6616903583567,0
16583,374,1,233.45,1,1,1,1.0,At Risk,14,United Kingdom,7.928571428571429,1.976472187432018,0
16584,80,2,936.08,2,2,3,2.3,Needs Attention,25,United Kingdom,23.071428571428573,26.370765198280786,174
16586,249,1,463.95,1,1,2,1.2999999999999998,At Risk,8,United Kingdom,11.875,38.073241798820185,0
16587,232,1,225.15,1,1,1,1.0,At Risk,13,United Kingdom,5.461538461538462,5.252639751493943,0
16589,71,3,459.24,2,3,2,2.3,Needs Attention,31,United Kingdom,11.151515151515152,3.892705372056351,90
16591,69,1,213.5,2,1,1,1.4000000000000001,At Risk,10,United Kingdom,4.1,30.849113079273085,0
16592,4,16,4113.68,4,4,4,4.0,Champions,142,United Kingdom,13.550925925925926,10.303633405789233,283
16593,51,3,330.03,2,3,2,2.3,Needs Attention,24,United Kingdom,4.296296296296297,14.182367438261009,277
16594,75,1,181.09,2,1,1,1.4000000000000001,At Risk,53,United Kingdom,1.2075471698113207,3.2594518024124306,0
16595,61,1,360.16,2,1,2,1.7000000000000002,Needs Attention,83,United Kingdom,3.9411764705882355,3.855120161108163,0
16596,16,2,250.15,4,2,1,2.5,Needs Attention,12,United Kingdom,8.083333333333334,9.22687424501566,350
16597,4,1,90.04,4,1,1,2.2,Needs Attention,7,United Kingdom,26.285714285714285,8.5364350761617,0
16598,286,1,145.04999999999998,1,1,1,1.0,At Risk,10,United Kingdom,7.3,3.2411803405549664,0
16600,4,6,813.52,4,4,3,3.6999999999999997,Champions,50,United Kingdom,18.467741935483872,5.5733839042218545,334
16601,41,1,244.79999999999998,3,1,1,1.8000000000000003,Needs Attention,29,United Kingdom,4.32258064516129,7.502764551415596,0
16602,36,1,528.08,3,1,2,2.1,Needs Attention,29,United Kingdom,11.586206896551724,12.213573094471172,0
16603,75,2,482.47,2,2,2,2.0,Needs Attention,34,United Kingdom,14.117647058823529,5.180918068459061,16
16607,18,14,3347.71,3,4,4,3.6000000000000005,Champions,140,United Kingdom,16.622093023255815,29.66225808719492,341
16609,15,7,5493.46,4,4,4,4.0,Champions,155,United Kingdom,8.768115942028986,9.183289909392348,237
16610,219,1,75.66,1,1,1,1.0,At Risk,6,United Kingdom,11.0,3.0782787398154845,0
16611,186,1,129.49,1,1,1,1.0,At Risk,9,United Kingdom,4.7,5.568693144116789,0
16612,33,4,1187.66,3,3,3,3.0,Loyal,48,United Kingdom,7.666666666666667,5.989432807979847,278
16613,70,1,618.59,2,1,2,1.7000000000000002,Needs Attention,30,United Kingdom,9.766666666666667,7.109744882824599,0
16614,183,1,506.19,1,2,2,1.6,Needs Attention,26,United Kingdom,8.576923076923077,10.609141841609276,0
16616,15,2,500.42,4,2,2,2.8000000000000003,Loyal,31,United Kingdom,11.212121212121213,13.614212709128427,142
16617,236,1,151.85,1,2,1,1.3,At Risk,5,United Kingdom,18.2,24.093609111131524,0
16618,31,5,2647.59,3,4,4,3.6000000000000005,Champions,79,United Kingdom,14.197916666666666,23.130917158330025,291
16619,264,1,226.21,1,2,1,1.3,At Risk,14,United Kingdom,9.5,4.642193080151513,0
16620,4,2,178.96,4,2,1,2.5,Needs Attention,9,United Kingdom,9.777777777777779,6.951811114938163,257
16621,52,4,813.48,2,3,3,2.5999999999999996,Loyal,22,United Kingdom,10.413793103448276,27.48187290155713,226
16623,246,1,129.45,1,2,1,1.3,At Risk,5,United Kingdom,7.8,22.486896184222495,0
16624,81,2,810.5699999999999,2,2,3,2.3,Needs Attention,44,United Kingdom,10.166666666666666,18.642391426844952,116
16625,275,1,333.08,1,2,2,1.6,Needs Attention,23,United Kingdom,7.130434782608695,4.127152498640628,0
16626,1,17,4413.1,4,4,4,4.0,Champions,86,United Kingdom,15.027932960893855,23.39907111350693,265
16627,79,1,322.8,2,2,2,2.0,Needs Attention,20,United Kingdom,8.1,5.033051810414412,0
16628,30,5,2188.05,3,4,4,3.6000000000000005,Champions,79,United Kingdom,10.2991452991453,13.431280431583216,205
16629,74,2,417.73,2,2,2,2.0,Needs Attention,58,United Kingdom,7.703125,7.514072021761188,22
16633,17,6,2883.1,4,4,4,4.0,Champions,115,United Kingdom,7.4868421052631575,8.081331704349214,216
16634,223,2,217.9,1,2,1,1.3,At Risk,9,United Kingdom,9.11111111111111,12.180152343509958,149
16637,32,4,1154.47,3,3,3,3.0,Loyal,66,United Kingdom,13.434782608695652,9.372026473589044,193
16638,23,10,1680.72,3,4,4,3.6000000000000005,Champions,92,United Kingdom,13.351063829787234,15.527057548970195,346
16639,31,3,1257.51,3,3,3,3.0,Loyal,48,United Kingdom,10.2,18.313236039676273,204
16641,106,1,231.10000000000002,2,2,1,1.7,Needs Attention,12,United Kingdom,21.333333333333332,5.126717598359923,0
16642,5,2,688.33,4,2,3,3.1,Loyal,32,United Kingdom,14.088235294117647,10.321043595930158,202
16643,246,1,487.51,1,2,2,1.6,Needs Attention,27,United Kingdom,9.962962962962964,6.925101642830433,0
16644,178,2,833.78,1,2,3,1.9,Needs Attention,62,United Kingdom,13.32258064516129,4.064032899178536,34
16647,170,2,214.06,1,2,1,1.3,At Risk,12,United Kingdom,10.428571428571429,8.012684175250369,35
16648,43,1,290.65999999999997,3,2,1,2.1,Needs Attention,19,United Kingdom,14.789473684210526,5.633301359817911,0
16650,72,1,518.42,2,2,2,2.0,Needs Attention,24,United Kingdom,15.5,16.879446188284387,0
16652,59,7,6773.97,2,4,4,3.2,Loyal,74,United Kingdom,27.822033898305083,34.00587795789696,214
16653,16,2,1212.66,4,2,3,3.1,Loyal,67,United Kingdom,10.623188405797102,6.8171553944907455,55
16654,141,4,601.27,2,3,2,2.3,Needs Attention,29,United Kingdom,9.724137931034482,9.09264863025623,227
16655,18,6,3794.52,3,4,4,3.6000000000000005,Champions,208,United Kingdom,9.068965517241379,19.464358722481805,314
16656,22,15,8625.8,3,4,4,3.6000000000000005,Champions,14,United Kingdom,121.83561643835617,106.30855755004573,342
16657,10,4,933.62,4,3,3,3.4,Loyal,158,United Kingdom,5.908653846153846,5.06243557473538,244
16658,368,1,123.24,1,2,1,1.3,At Risk,8,United Kingdom,5.0,23.994521398495472,0
16659,189,1,39.12,1,2,1,1.3,At Risk,2,United Kingdom,36.0,1.1879393923933996,0
16660,16,4,1267.6499999999999,4,3,3,3.4,Loyal,16,United Kingdom,35.6875,109.90782569764234,303
16665,362,1,135.39999999999998,1,2,1,1.3,At Risk,9,United Kingdom,6.555555555555555,15.348848581498801,0
16666,19,1,118.98,3,2,1,2.1,Needs Attention,32,United Kingdom,7.28125,2.988363925564104,0
16667,68,2,570.13,2,2,2,2.0,Needs Attention,52,United Kingdom,4.471698113207547,7.63186598247478,216
16668,15,6,306.71999999999997,4,4,1,3.0999999999999996,Loyal,9,United Kingdom,15.9,7.594392945491187,269
16669,24,3,1374.8700000000001,3,3,3,3.0,Loyal,141,United Kingdom,5.55,7.525886863209557,54
16670,17,11,4095.9,4,4,4,4.0,Champions,179,United Kingdom,10.142857142857142,5.311087097593509,341
16671,28,3,1692.27,3,3,4,3.3,Loyal,3,United Kingdom,145.83333333333334,277.77587308835876,136
16672,2,20,8134.9400000000005,4,4,4,4.0,Champions,22,United Kingdom,24.842105263157894,44.58429815194582,264
16674,55,2,319.61,2,2,2,2.0,Needs Attention,89,United Kingdom,1.9183673469387754,3.137154675703586,43
16676,34,4,1592.1200000000001,3,3,3,3.0,Loyal,75,United Kingdom,7.146067415730337,9.595490897118836,303
16678,3,12,3109.99,4,4,4,4.0,Champions,92,United Kingdom,14.705521472392638,13.017784483862354,280
16679,366,1,129.75,1,2,1,1.3,At Risk,3,United Kingdom,9.666666666666666,50.891428551377885,0
16680,43,1,183.7,3,2,1,2.1,Needs Attention,10,United Kingdom,9.4,3.5412019302930338,0
16681,73,6,1770.34,2,4,4,3.2,Loyal,18,United Kingdom,31.977272727272727,26.484250387818253,180
16682,5,5,1028.0,4,4,3,3.6999999999999997,Champions,15,United Kingdom,34.666666666666664,24.54310231540357,183
16684,4,28,66653.56,4,4,4,4.0,Champions,119,United Kingdom,181.4259927797834,208.86016934263188,353
16685,61,2,324.24,2,2,2,2.0,Needs Attention,60,United Kingdom,6.387096774193548,4.210928781837953,0
16686,47,7,3062.83,3,4,4,3.6000000000000005,Champions,406,United Kingdom,3.47008547008547,5.292758203427884,307
16688,1,4,1260.86,4,3,3,3.4,Loyal,52,United Kingdom,12.96774193548387,10.570034523382088,59
16689,76,2,422.59999999999997,2,2,2,2.0,Needs Attention,12,United Kingdom,25.384615384615383,18.42291786238278,6
16690,72,2,225.57999999999998,2,2,1,1.7,Needs Attention,10,United Kingdom,11.5,13.278520477094052,129
16692,256,2,1276.0,1,2,3,1.9,Needs Attention,2,United Kingdom,50.666666666666664,603.5947177811726,32
16693,69,2,482.01,2,2,2,2.0,Needs Attention,58,United Kingdom,3.4,5.76612780947962,203
16696,135,4,657.9000000000001,2,3,2,2.3,Needs Attention,7,United Kingdom,14.6,60.47314279909719,112
16697,241,1,112.75,1,2,1,1.3,At Risk,20,United Kingdom,1.2857142857142858,3.2293759532793715,0
16698,227,2,1998.0,1,2,4,2.2,Needs Attention,4,United Kingdom,168.0,244.37021095051662,26
16700,9,13,5076.55,4,4,4,4.0,Champions,159,United Kingdom,13.064935064935066,7.369215008935539,357
16701,9,13,5398.3,4,4,4,4.0,Champions,99,United Kingdom,44.395833333333336,29.599700354105543,352
16705,1,20,14034.99,4,4,4,4.0,Champions,133,United Kingdom,20.28148148148148,40.37760931003165,358
16706,37,3,531.35,3,3,2,2.7,Loyal,108,United Kingdom,2.024390243902439,4.885485276487754,76
16708,46,1,656.63,3,2,2,2.4000000000000004,Needs Attention,27,United Kingdom,10.555555555555555,18.10230382309676,0
16709,85,5,3029.87,2,4,4,3.2,Loyal,64,United Kingdom,10.772151898734178,28.271109741068905,197
16710,19,10,2483.04,3,4,4,3.6000000000000005,Champions,268,United Kingdom,4.567164179104478,5.476776739610649,349
16711,3,5,1651.03,4,4,3,3.6999999999999997,Champions,18,United Kingdom,37.86363636363637,67.36327015209712,354
16712,9,11,3645.43,4,4,4,4.0,Champions,259,United Kingdom,3.912751677852349,13.355495545784228,266
16713,19,15,6923.13,3,4,4,3.6000000000000005,Champions,338,United Kingdom,6.852564102564102,13.813876729987996,347
16714,219,3,1161.53,1,3,3,2.1999999999999997,Needs Attention,77,United Kingdom,6.559139784946237,25.88952431734145,98
16715,78,1,301.71999999999997,2,2,1,1.7,Needs Attention,19,United Kingdom,33.78947368421053,22.93674296358962,0
16716,267,2,901.2,1,2,3,1.9,Needs Attention,1,United Kingdom,60.0,401.3538090014844,44
16717,24,6,3858.38,3,4,4,3.6000000000000005,Champions,176,United Kingdom,9.376884422110553,10.539677326767555,342
16718,369,1,623.75,1,2,2,1.6,Needs Attention,41,United Kingdom,9.177777777777777,10.542443269992496,0
16719,15,7,1790.42,4,4,4,4.0,Champions,107,United Kingdom,5.990049751243781,6.399968947374917,353
16720,26,1,155.24,3,2,1,2.1,Needs Attention,25,United Kingdom,6.7407407407407405,5.269731770638134,0
16721,262,1,292.47,1,2,1,1.3,At Risk,37,United Kingdom,4.648648648648648,5.760922280809343,0
16722,17,13,4730.81,4,4,4,4.0,Champions,96,United Kingdom,22.226666666666667,19.797546798883136,351
16723,91,2,589.15,2,2,2,2.0,Needs Attention,37,United Kingdom,9.279069767441861,25.218080834922347,16
16725,302,7,781.02,1,4,3,2.5,Needs Attention,110,United Kingdom,1.9470198675496688,4.88349566652258,69
16726,26,5,1382.02,3,4,3,3.3000000000000003,Loyal,121,United Kingdom,5.281081081081081,6.620774072008005,335
16727,364,1,272.82,1,2,1,1.3,At Risk,41,United Kingdom,3.847826086956522,4.537624354506298,0
16728,46,4,1054.67,3,3,3,3.0,Loyal,218,United Kingdom,2.516728624535316,4.916937360462674,218
16729,38,21,7239.92,3,4,4,3.6000000000000005,Champions,234,United Kingdom,8.762121212121212,8.942247791852084,203
16730,52,3,743.11,2,3,3,2.5999999999999996,Loyal,75,United Kingdom,12.121951219512194,7.774700391000826,267
16732,32,1,603.75,3,2,2,2.4000000000000004,Needs Attention,28,United Kingdom,11.321428571428571,12.499331426564828,0
16734,52,3,650.51,2,3,2,2.3,Needs Attention,44,United Kingdom,6.528301886792453,10.885560341468434,61
16735,79,5,2300.56,2,4,4,3.2,Loyal,88,United Kingdom,12.584,11.579504589659072,255
16737,53,1,417.59999999999997,2,2,2,2.0,Needs Attention,1,United Kingdom,288.0,0.0,0
16738,298,1,3.75,1,2,1,1.3,At Risk,1,United Kingdom,3.0,0.0,0
16739,177,1,323.0,1,2,2,1.6,Needs Attention,13,United Kingdom,13.23076923076923,11.821792403904986,0
16742,47,1,464.9,3,2,2,2.4000000000000004,Needs Attention,1,United Kingdom,1.0,0.0,0
16743,29,7,2238.09,3,4,4,3.6000000000000005,Champions,89,United Kingdom,10.717277486910994,9.21462017149554,329
16744,11,7,1304.76,4,4,3,3.6999999999999997,Champions,198,United Kingdom,3.3264462809917354,6.1315631289059125,161
16745,87,17,7194.3,2,4,4,3.2,Loyal,148,United Kingdom,18.865546218487395,21.74888733589268,225
16746,5,18,6697.66,4,4,4,4.0,Champions,234,United Kingdom,10.389755011135858,12.595516945270525,354
16747,38,2,836.06,3,2,3,2.7,Loyal,34,United Kingdom,13.880952380952381,9.894460128330731,30
16748,18,5,1515.9,3,4,3,3.3000000000000003,Loyal,42,United Kingdom,12.753623188405797,9.800124614271136,316
16750,45,5,623.93,3,4,2,3.0000000000000004,Loyal,74,United Kingdom,2.2526315789473683,8.250087743264103,187
16751,31,1,1764.72,3,2,4,3.0,Loyal,24,United Kingdom,41.24,183.6376717052722,0
16752,373,1,207.5,1,2,1,1.3,At Risk,9,United Kingdom,6.0,21.528984016385397,0
16753,58,1,223.92000000000002,2,2,1,1.7,Needs Attention,34,United Kingdom,5.5588235294117645,9.676220498585948,0
16754,372,1,2002.4,1,2,4,2.2,Needs Attention,2,United Kingdom,2140.0,682.7823079137303,0
16755,114,3,1496.83,2,3,3,2.5999999999999996,Loyal,133,United Kingdom,6.258823529411765,8.162620550192953,201
16756,215,1,239.4,1,2,1,1.3,At Risk,13,United Kingdom,8.153846153846153,4.898594382379186,0
16757,319,1,106.83000000000001,1,2,1,1.3,At Risk,7,United Kingdom,11.571428571428571,12.399242488382681,0
16758,65,1,369.34000000000003,2,2,2,2.0,Needs Attention,22,United Kingdom,9.227272727272727,15.482706062345398,0
16759,8,3,789.79,4,3,3,3.4,Loyal,40,United Kingdom,14.5,7.934746127581864,23
16761,97,1,316.62,2,2,2,2.0,Needs Attention,13,United Kingdom,26.23076923076923,15.182046752323732,0
16762,20,3,1501.38,3,3,3,3.0,Loyal,51,United Kingdom,6.943820224719101,11.482716494361759,124
16763,199,1,611.85,1,2,2,1.6,Needs Attention,23,United Kingdom,13.869565217391305,25.652429790376537,0
16764,4,13,2799.25,4,4,4,4.0,Champions,209,United Kingdom,1.7832861189801699,3.921023467443977,139
16765,294,1,34.0,1,2,1,1.3,At Risk,1,United Kingdom,4.0,0.0,0
16766,273,2,1145.6,1,2,3,1.9,Needs Attention,17,United Kingdom,15.764705882352942,9.115253322714343,0
16767,31,11,5580.6,3,4,4,3.6000000000000005,Champions,148,United Kingdom,19.97747747747748,25.994782278587003,285
16768,48,3,478.09000000000003,3,3,2,2.7,Loyal,47,United Kingdom,3.6296296296296298,10.533725739380193,224
16769,260,1,380.39,1,2,2,1.6,Needs Attention,33,United Kingdom,2.075,7.265441729560633,0
16770,58,5,770.1,2,4,3,2.9,Loyal,116,United Kingdom,3.2,6.558420025278144,314
16771,33,5,2246.81,3,4,4,3.6000000000000005,Champions,200,United Kingdom,5.8392156862745095,6.102763842339147,304
16773,57,1,171.59,2,2,1,1.7,Needs Attention,23,United Kingdom,6.576923076923077,5.928234462818914,0
16774,68,4,661.52,2,3,2,2.3,Needs Attention,36,United Kingdom,6.708333333333333,13.26606073315988,110
16775,10,11,1695.66,4,4,4,4.0,Champions,84,United Kingdom,2.7848101265822787,10.105454020849725,357
16776,60,1,388.28,2,2,2,2.0,Needs Attention,61,United Kingdom,3.4473684210526314,6.127271405543659,0
16777,80,2,226.35,2,2,1,1.7,Needs Attention,45,United Kingdom,1.28,3.9800631981445336,176
16778,74,2,245.94,2,2,1,1.7,Needs Attention,16,United Kingdom,12.125,5.219169633827461,199
16779,2,22,10629.720000000001,4,4,4,4.0,Champions,161,United Kingdom,15.99099099099099,34.43051103881567,364
16780,100,2,425.19,2,2,2,2.0,Needs Attention,51,United Kingdom,4.516666666666667,5.378104330192999,158
16781,372,1,311.25,1,2,2,1.6,Needs Attention,17,United Kingdom,6.647058823529412,5.514051235653488,0
16782,10,13,2279.9,4,4,4,4.0,Champions,103,United Kingdom,3.7473684210526317,11.227203863822593,355
16784,20,1,107.6,3,2,1,2.1,Needs Attention,3,United Kingdom,8.0,10.161364737737413,0
16788,123,2,597.48,2,2,2,2.0,Needs Attention,138,United Kingdom,2.0064516129032257,4.01064092906841,131
16789,8,1,80.8,4,2,1,2.5,Needs Attention,5,United Kingdom,6.4,2.9904849105120057,0
16790,4,6,1545.6200000000001,4,4,3,3.6999999999999997,Champions,88,United Kingdom,9.655913978494624,4.910496945094187,34
16791,29,7,1721.78,3,4,4,3.6000000000000005,Champions,218,United Kingdom,2.384375,4.745019067632328,303
16792,282,2,110.38000000000001,1,2,1,1.3,At Risk,11,United Kingdom,3.6666666666666665,6.777813851535066,0
16793,57,1,243.84,2,2,1,1.7,Needs Attention,16,United Kingdom,9.125,5.501602190877369,0
16794,1,10,1222.71,4,4,3,3.6999999999999997,Champions,142,United Kingdom,3.287719298245614,3.7424803420261523,179
16795,365,1,414.88,1,2,2,1.6,Needs Attention,64,United Kingdom,3.621212121212121,5.551657515148171,0
16796,89,1,305.62,2,2,1,1.7,Needs Attention,18,United Kingdom,10.333333333333334,9.269285072303795,0
16800,11,1,1201.49,4,2,3,3.1,Loyal,148,United Kingdom,3.292682926829268,5.593083963263088,0
16801,163,4,1619.73,1,3,3,2.1999999999999997,Needs Attention,72,United Kingdom,6.565789473684211,12.930496520364478,110
16803,65,1,332.3,2,2,2,2.0,Needs Attention,24,United Kingdom,10.208333333333334,4.360204339713676,0
16804,23,3,536.99,3,3,2,2.7,Loyal,59,United Kingdom,4.1,8.570780177621367,247
16805,174,2,460.59,1,2,2,1.6,Needs Attention,94,United Kingdom,5.5,4.420997343954589,186
16806,103,4,801.49,2,3,3,2.5999999999999996,Loyal,68,United Kingdom,3.6699029126213594,7.564062012759843,135
16807,143,3,1121.59,1,3,3,2.1999999999999997,Needs Attention,57,United Kingdom,11.611940298507463,6.428016917567759,128
16808,99,2,288.42,2,2,1,1.7,Needs Attention,21,United Kingdom,8.521739130434783,13.777480967803287,175
16809,23,5,914.69,3,4,3,3.3000000000000003,Loyal,79,United Kingdom,4.375838926174497,5.003362049419309,239
16810,192,1,309.54,1,2,2,1.6,Needs Attention,15,United Kingdom,7.6,12.244121504974192,0
16811,5,2,547.07,4,2,2,2.8000000000000003,Loyal,26,United Kingdom,17.035714285714285,7.48846473588072,12
16812,361,1,479.35,1,2,2,1.6,Needs Attention,15,United Kingdom,5.4,32.94393433583502,0
16813,8,10,1692.98,4,4,4,4.0,Champions,248,United Kingdom,3.3964365256124722,3.985016064899108,196
16814,14,21,6509.1,4,4,4,4.0,Champions,122,United Kingdom,8.546296296296296,20.649016842455907,355
16816,103,4,417.06,2,3,2,2.3,Needs Attention,28,United Kingdom,9.785714285714286,4.98172772350227,254
16817,3,9,1604.75,4,4,3,3.6999999999999997,Champions,73,United Kingdom,9.55813953488372,11.508894615923712,365
16818,11,11,3349.57,4,4,4,4.0,Champions,172,United Kingdom,11.51063829787234,8.481907655598334,194
16820,96,1,497.61,2,2,2,2.0,Needs Attention,26,United Kingdom,11.807692307692308,7.655362213206154,0
16823,227,1,358.38,1,2,2,1.6,Needs Attention,34,United Kingdom,3.5789473684210527,7.728474129835296,0
16824,16,2,460.64,4,2,2,2.8000000000000003,Loyal,23,United Kingdom,9.076923076923077,7.160926068173456,148
16825,39,2,775.1800000000001,3,2,3,2.7,Loyal,27,United Kingdom,20.214285714285715,22.41156951550132,147
16826,51,1,341.7,2,2,2,2.0,Needs Attention,22,United Kingdom,7.181818181818182,4.447351953009722,0
16828,93,2,128.5,2,2,1,1.7,Needs Attention,8,United Kingdom,7.375,4.36968043944373,19
16829,157,1,197.22,1,2,1,1.3,At Risk,11,United Kingdom,9.0,8.409287073879039,0
16830,39,1,325.91,3,2,2,2.4000000000000004,Needs Attention,23,United Kingdom,11.478260869565217,3.9468779376293686,0
16832,184,3,199.15,1,3,1,1.5999999999999999,Needs Attention,11,United Kingdom,2.75,15.434001106372747,33
16833,1,4,1106.53,4,3,3,3.4,Loyal,46,United Kingdom,9.361702127659575,15.743837870650129,333
16834,228,1,413.46,1,2,2,1.6,Needs Attention,24,United Kingdom,14.916666666666666,6.107505895279149,0
16835,128,2,180.85,2,2,1,1.7,Needs Attention,10,United Kingdom,6.1,3.396898094831027,244
16836,40,2,251.87,3,2,1,2.1,Needs Attention,11,United Kingdom,15.0,18.029640091199322,76
16837,31,11,3170.98,3,4,4,3.6000000000000005,Champions,123,United Kingdom,9.472727272727273,16.5472184272533,214
16838,197,2,588.85,1,2,2,1.6,Needs Attention,24,United Kingdom,7.4,30.3574001137559,90
16839,9,34,16594.35,4,4,4,4.0,Champions,114,United Kingdom,33.7406015037594,58.43263511882774,360
16841,37,6,1869.82,3,4,4,3.6000000000000005,Champions,101,United Kingdom,19.396551724137932,14.335251143155157,250
16842,101,3,1264.19,2,3,3,2.5999999999999996,Loyal,45,United Kingdom,11.0,10.432182396042109,201
16843,43,16,10196.57,3,4,4,3.6000000000000005,Champions,226,United Kingdom,26.875661375661377,18.373502461500458,284
16846,50,1,214.32,3,2,1,2.1,Needs Attention,11,United Kingdom,12.272727272727273,6.749298145329294,0
16847,43,1,193.44,3,2,1,2.1,Needs Attention,12,United Kingdom,6.5,3.6378415178634307,0
16848,53,1,281.42,2,2,1,1.7,Needs Attention,14,United Kingdom,13.0,9.800368797725348,0
16849,187,1,124.57,1,2,1,1.3,At Risk,8,United Kingdom,4.125,3.1688728843459235,0
16850,334,1,332.41,1,2,2,1.6,Needs Attention,19,United Kingdom,13.105263157894736,5.999257702620895,0
16851,4,3,342.45,4,3,2,3.1,Loyal,17,United Kingdom,13.55,8.670908939788564,47
16852,10,2,144.91000000000003,4,2,1,2.5,Needs Attention,9,United Kingdom,6.222222222222222,10.186382385867473,165
16855,24,2,328.4,3,2,2,2.4000000000000004,Needs Attention,19,United Kingdom,8.631578947368421,4.94334717439001,19
16856,15,1,35.400000000000006,4,2,1,2.5,Needs Attention,2,United Kingdom,6.0,0.0,0
16858,369,1,375.69000000000005,1,2,2,1.6,Needs Attention,9,United Kingdom,9.1,21.05358900520289,0
16859,145,2,747.81,1,2,3,1.9,Needs Attention,50,United Kingdom,15.903846153846153,6.299761981067186,116
16861,60,2,173.76,2,2,1,1.7,Needs Attention,6,United Kingdom,23.333333333333332,9.24441452986613,98
16863,31,2,502.8,3,2,2,2.4000000000000004,Needs Attention,25,United Kingdom,15.73076923076923,10.279230590781664,335
16866,141,3,207.73999999999998,2,3,1,2.0,Needs Attention,10,United Kingdom,5.454545454545454,18.94801116932137,20
16869,23,4,825.42,3,3,3,3.0,Loyal,113,United Kingdom,4.5703125,6.203322291781127,152
16871,22,6,2812.34,3,4,4,3.6000000000000005,Champions,131,United Kingdom,9.145985401459853,12.538281489304012,248
16872,77,3,680.02,2,3,3,2.5999999999999996,Loyal,5,United Kingdom,85.71428571428571,62.3654097122069,107
16873,5,6,7123.62,4,4,4,4.0,Champions,179,United Kingdom,13.763440860215054,23.42395676783507,359
16875,67,5,2095.53,2,4,4,3.2,Loyal,93,United Kingdom,9.544642857142858,7.854192602260126,272
16877,12,6,853.72,4,4,3,3.6999999999999997,Champions,111,United Kingdom,2.911949685534591,5.739311267229539,195
16878,84,1,13.3,2,2,1,1.7,Needs Attention,3,United Kingdom,4.0,4.435744958102679,0
16880,31,7,1519.08,3,4,3,3.3000000000000003,Loyal,121,United Kingdom,4.230337078651686,7.88782159482826,158
16881,67,1,432.0,2,2,2,2.0,Needs Attention,1,United Kingdom,600.0,0.0,0
16882,67,3,705.12,2,3,3,2.5999999999999996,Loyal,39,United Kingdom,10.871794871794872,18.978543008799228,250
16883,187,2,276.73,1,2,1,1.3,At Risk,33,United Kingdom,2.736842105263158,5.859729923769214,184
16884,38,2,429.84000000000003,3,2,2,2.4000000000000004,Needs Attention,26,United Kingdom,12.307692307692308,7.139338517085353,0
16885,15,3,471.51,4,3,2,3.1,Loyal,82,United Kingdom,1.8217821782178218,4.025666586460749,341
16887,35,1,194.88,3,2,1,2.1,Needs Attention,35,United Kingdom,4.243243243243243,6.629006069651126,0
16889,195,3,1578.67,1,3,3,2.1999999999999997,Needs Attention,112,United Kingdom,6.851851851851852,7.270906242679012,142
16891,2,5,809.7,4,4,3,3.6999999999999997,Champions,166,United Kingdom,1.3940886699507389,3.3738498890283384,369
16892,1,5,525.54,4,4,2,3.4,Loyal,87,United Kingdom,2.414141414141414,5.114354022615725,182
16893,367,1,145.93,1,2,1,1.3,At Risk,44,United Kingdom,1.3777777777777778,2.505816526533111,0
16895,65,1,219.14,2,2,1,1.7,Needs Attention,57,United Kingdom,1.4782608695652173,2.689001191586691,0
16897,299,2,289.78,1,2,1,1.3,At Risk,37,United Kingdom,1.972972972972973,4.507397523231385,14
16898,26,3,508.81,3,3,2,2.7,Loyal,150,United Kingdom,2.5864197530864197,3.7540044008344675,342
16899,8,6,1281.56,4,4,3,3.6999999999999997,Champions,80,United Kingdom,4.176,9.451182436349502,352
16900,17,3,887.11,4,3,3,3.4,Loyal,78,United Kingdom,10.544303797468354,7.27782190792454,46
16902,116,1,1706.88,2,2,4,2.5999999999999996,Loyal,43,United Kingdom,14.295454545454545,40.91703309185758,0
16903,29,1,373.24,3,2,2,2.4000000000000004,Needs Attention,50,United Kingdom,4.366666666666666,5.7386125609152066,0
16904,4,16,3754.27,4,4,4,4.0,Champions,387,United Kingdom,2.8647887323943664,6.990997571820948,362
16905,5,7,3102.43,4,4,4,4.0,Champions,117,United Kingdom,6.769230769230769,16.504570987671464,366
16906,82,4,579.77,2,3,2,2.3,Needs Attention,74,United Kingdom,3.021505376344086,11.269135246766325,166
16907,29,5,981.65,3,4,3,3.3000000000000003,Loyal,89,United Kingdom,1.9735099337748345,10.01184636684409,336
16909,72,1,379.14,2,2,2,2.0,Needs Attention,18,United Kingdom,24.22222222222222,16.130471347184894,0
16910,4,8,1510.06,4,4,3,3.6999999999999997,Champions,318,United Kingdom,1.6197440585009142,2.642717683710753,86
16912,29,11,2575.38,3,4,4,3.6000000000000005,Champions,88,United Kingdom,10.188118811881187,14.826310281869105,294
16913,290,1,113.44,1,2,1,1.3,At Risk,8,United Kingdom,10.25,22.61163227822605,0
16914,36,1,208.46,3,2,1,2.1,Needs Attention,25,United Kingdom,3.1842105263157894,9.197461057293298,0
16915,9,6,621.6800000000001,4,4,2,3.4,Loyal,46,United Kingdom,2.3157894736842106,20.2710186625894,274
16916,24,2,576.26,3,2,2,2.4000000000000004,Needs Attention,129,United Kingdom,3.076923076923077,3.447515837329231,348
16917,277,1,391.52,1,2,2,1.6,Needs Attention,9,United Kingdom,25.77777777777778,37.558641408395545,0
16918,50,6,1068.82,3,4,3,3.3000000000000003,Loyal,97,United Kingdom,5.6328125,6.406334584615399,267
16919,156,11,2596.45,1,4,4,2.8,Loyal,141,United Kingdom,4.321100917431193,8.29954427845941,212
16921,61,1,169.79,2,2,1,1.7,Needs Attention,50,United Kingdom,2.85,2.3965720516750704,0
16923,12,19,7247.61,4,4,4,4.0,Champions,313,United Kingdom,5.084821428571429,13.055322602991337,350
16924,21,3,846.75,3,3,3,3.0,Loyal,69,United Kingdom,5.9397590361445785,9.399977574516361,62
16926,371,1,230.25,1,2,1,1.3,At Risk,14,United Kingdom,2.5,9.16123657016374,0
16927,116,3,543.05,2,3,2,2.3,Needs Attention,5,United Kingdom,165.5,88.0855176329609,245
16928,80,17,2847.6,2,4,4,3.2,Loyal,69,United Kingdom,10.114832535885167,13.71213012649075,292
16929,4,7,1295.39,4,4,3,3.6999999999999997,Champions,51,United Kingdom,12.064935064935066,6.436505557643437,151
16930,26,3,380.55,3,3,2,2.7,Loyal,47,United Kingdom,6.314814814814815,9.215928257522341,42
16931,5,21,4604.22,4,4,4,4.0,Champions,448,United Kingdom,3.516703786191537,3.8207678298585948,364
16932,53,1,161.94,2,2,1,1.7,Needs Attention,44,United Kingdom,1.6415094339622642,2.42834350475138,0
16933,1,2,563.23,4,2,2,2.8000000000000003,Loyal,42,United Kingdom,6.545454545454546,12.273643229659402,237
16934,55,2,950.9300000000001,2,2,3,2.3,Needs Attention,59,United Kingdom,6.435483870967742,9.045636695727651,0
16936,26,1,262.68,3,2,1,2.1,Needs Attention,56,United Kingdom,3.0350877192982457,4.855319538356757,0
16938,9,4,2736.38,4,3,4,3.7,Champions,212,United Kingdom,10.53941908713693,53.50874722486678,300
16940,52,3,3049.88,2,3,4,2.9,Loyal,226,United Kingdom,7.111475409836066,6.681214077936733,237
16942,13,9,1920.59,4,4,4,4.0,Champions,159,United Kingdom,2.886120996441281,5.82682191550223,215
16943,212,3,816.73,1,3,3,2.1999999999999997,Needs Attention,23,United Kingdom,4.393939393939394,13.818550018768688,106
16945,22,19,4345.5,3,4,4,3.6000000000000005,Champions,137,United Kingdom,10.943775100401606,6.972637097377269,336
16947,236,1,406.48,1,2,2,1.6,Needs Attention,21,United Kingdom,14.857142857142858,5.465340315287307,0
16948,139,3,435.02,2,3,2,2.3,Needs Attention,15,United Kingdom,84.94736842105263,15.689073804469954,187
16949,4,6,1286.27,4,4,3,3.6999999999999997,Champions,57,United Kingdom,13.183333333333334,43.55813769702245,312
16950,57,3,1178.56,2,3,3,2.5999999999999996,Loyal,39,United Kingdom,15.333333333333334,29.837142494575108,310
16951,135,3,1277.75,2,3,3,2.5999999999999996,Loyal,73,United Kingdom,15.325581395348838,7.259331023472119,169
16952,109,2,167.61,2,2,1,1.7,Needs Attention,16,United Kingdom,5.75,8.549232299842288,0
16953,30,1,20.8,3,2,1,2.1,Needs Attention,1,United Kingdom,10.0,0.0,0
16954,1,9,2085.08,4,4,4,4.0,Champions,40,United Kingdom,19.51851851851852,35.49224327616224,358
16955,185,4,518.67,1,3,2,1.9,Needs Attention,18,United Kingdom,10.64,9.649975699451264,188
16956,18,1,308.74,3,2,2,2.4000000000000004,Needs Attention,16,United Kingdom,7.125,12.119123661937497,0
16957,239,2,416.64,1,2,2,1.6,Needs Attention,15,United Kingdom,10.75,17.91356283192524,42
16959,87,1,117.35000000000001,2,2,1,1.7,Needs Attention,7,United Kingdom,7.0,9.243813890277934,0
16960,39,3,507.05,3,3,2,2.7,Loyal,92,United Kingdom,3.00990099009901,4.13133718194135,213
16961,116,1,234.17,2,2,1,1.7,Needs Attention,14,United Kingdom,8.928571428571429,3.752118595679507,0
16963,187,1,110.55000000000001,1,2,1,1.3,At Risk,7,United Kingdom,5.0,1.9685926807892855,0
16965,227,1,201.19,1,2,1,1.3,At Risk,26,United Kingdom,11.192307692307692,8.33288714395234,0
16966,8,7,2154.97,4,4,4,4.0,Champions,8,United Kingdom,70.75,61.485139851992265,231
16967,189,1,319.02,1,2,2,1.6,Needs Attention,21,United Kingdom,15.857142857142858,6.268280693869959,0
16968,4,2,439.43,4,2,2,2.8000000000000003,Loyal,31,United Kingdom,10.516129032258064,5.541722879494993,103
16969,39,3,650.41,3,3,2,2.7,Loyal,42,United Kingdom,19.428571428571427,7.376782317754184,152
16971,38,1,357.21,3,2,2,2.4000000000000004,Needs Attention,40,United Kingdom,1.7560975609756098,19.17886203356286,0
16976,267,1,251.51999999999998,1,2,1,1.3,At Risk,2,United Kingdom,44.0,69.91871852372581,0
16978,78,1,344.33,2,2,2,2.0,Needs Attention,39,United Kingdom,4.256410256410256,4.622866958974471,0
16979,4,6,1852.0,4,4,4,4.0,Champions,64,United Kingdom,9.719101123595506,22.639495459210202,294
16980,255,2,1078.96,1,2,3,1.9,Needs Attention,71,United Kingdom,9.057471264367816,25.70957388992884,36
16982,61,1,384.06,2,2,2,2.0,Needs Attention,22,United Kingdom,8.272727272727273,4.304214083251305,0
16983,13,7,1931.25,4,4,4,4.0,Champions,112,United Kingdom,9.317567567567568,12.612057331072714,356
16984,88,2,4481.35,2,2,4,2.5999999999999996,Loyal,354,United Kingdom,5.953316953316953,12.9453240704546,41
16985,17,10,5464.12,4,4,4,4.0,Champions,62,United Kingdom,15.266666666666667,36.510610009274004,341
16986,30,2,1873.2,3,2,4,3.0,Loyal,3,United Kingdom,346.6666666666667,1009.6534851125905,0
16987,3,7,1625.05,4,4,3,3.6999999999999997,Champions,74,United Kingdom,3.116279069767442,18.879158016842357,202
16988,5,1,126.12,4,2,1,2.5,Needs Attention,7,United Kingdom,6.142857142857143,7.996534070636924,0
16989,7,6,1133.25,4,4,3,3.6999999999999997,Champions,7,United Kingdom,102.75,47.80505453021012,143
16990,219,1,179.0,1,2,1,1.3,At Risk,1,United Kingdom,100.0,0.0,0
16992,11,5,1614.31,4,4,3,3.6999999999999997,Champions,84,United Kingdom,9.24731182795699,5.985221463745469,274
16996,30,6,1456.96,3,4,3,3.3000000000000003,Loyal,13,United Kingdom,14.702702702702704,19.242897340266826,323
16997,288,3,702.0,1,3,3,2.1999999999999997,Needs Attention,7,United Kingdom,30.0,34.28291384666977,37
16998,150,4,295.0,1,3,1,1.5999999999999999,Needs Attention,1,United Kingdom,19.0,86.43026090438465,154
16999,23,2,484.82,3,2,2,2.4000000000000004,Needs Attention,21,United Kingdom,12.782608695652174,34.68812947511315,50
17001,1,11,3989.57,4,4,4,4.0,Champions,75,United Kingdom,12.804733727810651,11.483723419319565,358
17002,86,3,1493.73,2,3,3,2.5999999999999996,Loyal,41,United Kingdom,13.857142857142858,18.257143122624633,205
17004,46,2,1412.94,3,2,3,2.7,Loyal,38,United Kingdom,18.613636363636363,44.9603997780598,46
17006,5,4,781.78,4,3,3,3.4,Loyal,37,United Kingdom,6.181818181818182,14.208804323235054,70
17007,51,6,889.9300000000001,2,4,3,2.9,Loyal,50,United Kingdom,11.48076923076923,10.978682956050427,306
17010,18,1,195.36,3,2,1,2.1,Needs Attention,11,United Kingdom,10.727272727272727,8.527855533485544,0
17011,30,1,270.9,3,2,1,2.1,Needs Attention,15,United Kingdom,12.4,5.983047479575701,0
17014,8,3,586.33,4,3,2,3.1,Loyal,63,United Kingdom,3.310810810810811,10.640131871289483,58
17015,29,3,1842.56,3,3,4,3.3,Loyal,182,United Kingdom,9.129032258064516,7.313073673673718,156
17017,3,20,8694.26,4,4,4,4.0,Champions,88,United Kingdom,26.48015873015873,24.026786722451245,369
17018,41,2,920.1,3,2,3,2.7,Loyal,15,United Kingdom,11.0,21.23206596165338,285
17019,11,4,1272.61,4,3,3,3.4,Loyal,166,United Kingdom,3.534188034188034,5.7375275351600585,357
17022,31,1,71.0,3,2,1,2.1,Needs Attention,7,United Kingdom,15.428571428571429,5.191370128349915,0
17024,45,3,95.85,3,3,1,2.4,Needs Attention,2,United Kingdom,23.0,7.325127985230016,112
17025,61,3,357.77,2,3,2,2.3,Needs Attention,8,United Kingdom,26.11111111111111,28.00574127646766,312
17026,185,2,154.82999999999998,1,2,1,1.3,At Risk,4,United Kingdom,24.25,55.32806001478816,184
17027,79,6,890.29,2,4,3,2.9,Loyal,110,United Kingdom,2.7516339869281046,5.4580991914425425,238
17029,111,2,716.0,2,2,3,2.3,Needs Attention,1,United Kingdom,200.0,0.0,126
17030,64,1,146.87,2,2,1,1.7,Needs Attention,11,United Kingdom,13.272727272727273,7.166989351438745,0
17031,12,2,380.35,4,2,2,2.8000000000000003,Loyal,19,United Kingdom,10.681818181818182,10.924305925627952,143
17033,86,3,1030.14,2,3,3,2.5999999999999996,Loyal,24,United Kingdom,26.785714285714285,52.213331767717285,273
17034,16,3,745.52,4,3,3,3.4,Loyal,28,United Kingdom,13.666666666666666,18.403631563162847,271
17035,246,2,433.53000000000003,1,2,2,1.6,Needs Attention,27,United Kingdom,8.178571428571429,6.343387372673084,65
17037,88,1,1267.32,2,2,3,2.3,Needs Attention,75,United Kingdom,8.746666666666666,5.3271032745102005,0
17038,30,1,112.4,3,2,1,2.1,Needs Attention,22,United Kingdom,1.2727272727272727,2.6572289703497143,0
17040,138,1,449.73,2,2,2,2.0,Needs Attention,15,United Kingdom,12.066666666666666,46.29976831166961,0
17041,27,3,1081.57,3,3,3,3.0,Loyal,59,United Kingdom,13.585714285714285,7.198381490790587,333
17042,3,5,1044.3799999999999,4,4,3,3.6999999999999997,Champions,74,United Kingdom,10.142857142857142,7.666506806542967,244
17043,32,4,1735.18,3,3,4,3.3,Loyal,100,United Kingdom,9.784313725490197,19.394643730572565,234
17044,25,1,948.48,3,2,3,2.7,Loyal,6,United Kingdom,84.0,55.49652529663456,0
17045,113,3,339.44,2,3,2,2.3,Needs Attention,20,United Kingdom,4.818181818181818,14.431529935424598,134
17046,157,1,642.02,1,2,2,1.6,Needs Attention,22,United Kingdom,23.181818181818183,27.279709044290147,0
17047,85,3,1100.9,2,3,3,2.5999999999999996,Loyal,59,United Kingdom,8.2,5.494198907449147,119
17048,118,3,925.35,2,3,3,2.5999999999999996,Loyal,41,United Kingdom,11.279069767441861,11.203740975646971,213
17049,3,9,5659.9800000000005,4,4,4,4.0,Champions,201,United Kingdom,8.415094339622641,16.24666296677868,273
17050,96,6,3228.84,2,4,4,3.2,Loyal,169,United Kingdom,5.1075949367088604,9.359475283201167,203
17051,194,1,247.14000000000001,1,2,1,1.3,At Risk,40,United Kingdom,4.27906976744186,4.3404827979337,0
17052,28,1,413.75,3,2,2,2.4000000000000004,Needs Attention,72,United Kingdom,2.8369565217391304,5.994983636205819,0
17053,131,1,498.48,2,2,2,2.0,Needs Attention,13,United Kingdom,9.384615384615385,16.529364081024923,0
17054,28,5,1356.33,3,4,3,3.3000000000000003,Loyal,64,United Kingdom,9.686746987951807,8.673253077932424,216
17058,82,3,1179.89,2,3,3,2.5999999999999996,Loyal,51,United Kingdom,9.548387096774194,8.679344129375735,158
17059,30,5,3095.04,3,4,4,3.6000000000000005,Champions,292,United Kingdom,3.5949612403100777,5.81567911101015,339
17060,266,1,234.24,1,2,1,1.3,At Risk,5,United Kingdom,43.2,59.47754635154345,0
17061,74,11,5232.2300000000005,2,4,4,3.2,Loyal,57,United Kingdom,15.414141414141413,63.89261749818137,158
17062,314,4,538.37,1,3,2,1.9,Needs Attention,52,United Kingdom,6.142857142857143,5.751783630104337,55
17063,21,7,1461.14,3,4,3,3.3000000000000003,Loyal,66,United Kingdom,9.871794871794872,7.6206217893867745,268
17064,59,3,859.35,2,3,3,2.5999999999999996,Loyal,53,United Kingdom,5.129032258064516,10.539122654159014,268
17068,12,21,4552.14,4,4,4,4.0,Champions,116,United Kingdom,7.3108108108108105,8.755007672989201,355
17069,28,9,2709.7000000000003,3,4,4,3.6000000000000005,Champions,111,United Kingdom,10.531468531468532,9.982373882427607,345
17070,114,1,312.14,2,2,2,2.0,Needs Attention,62,United Kingdom,2.078125,4.8774842164527845,0
17071,28,9,2429.03,3,4,4,3.6000000000000005,Champions,102,United Kingdom,8.55,11.01845433465939,281
17073,18,4,1446.09,3,3,3,3.0,Loyal,142,United Kingdom,4.362068965517241,6.503015383584061,91
17075,18,4,834.12,3,3,3,3.0,Loyal,62,United Kingdom,3.792207792207792,9.364262782734947,299
17076,36,3,841.0799999999999,3,3,3,3.0,Loyal,17,United Kingdom,11.8,24.242211587779416,328
17078,36,2,378.2,3,2,2,2.4000000000000004,Needs Attention,28,United Kingdom,28.142857142857142,17.697888523805833,0
17079,78,1,118.80000000000001,2,2,1,1.7,Needs Attention,2,United Kingdom,12.0,0.0,0
17080,22,2,287.62,3,2,1,2.1,Needs Attention,8,United Kingdom,20.75,23.181194194555946,247
17081,25,2,290.16,3,2,1,2.1,Needs Attention,55,United Kingdom,1.21875,3.5627265731347726,20
17082,33,2,2003.85,3,2,4,3.0,Loyal,75,United Kingdom,12.950617283950617,28.960048428826916,285
17083,109,3,1405.78,2,3,3,2.5999999999999996,Loyal,24,United Kingdom,14.846153846153847,22.510559208230923,194
17084,35,2,2949.75,3,2,4,3.0,Loyal,146,United Kingdom,11.209876543209877,11.133439209585706,0
17085,123,5,1566.65,2,4,3,2.9,Loyal,115,United Kingdom,4.2032085561497325,6.470860989175549,239
17086,7,6,2050.08,4,4,4,4.0,Champions,76,United Kingdom,19.364583333333332,27.4117883208551,56
17088,28,4,1991.01,3,3,4,3.3,Loyal,96,United Kingdom,7.547826086956522,5.921995628137497,225
17090,4,7,2043.95,4,4,4,4.0,Champions,45,United Kingdom,14.619047619047619,36.138498295272015,349
17091,3,9,3827.76,4,4,4,4.0,Champions,119,United Kingdom,8.953846153846154,7.442866251203691,365
17092,50,4,1777.78,3,3,4,3.3,Loyal,99,United Kingdom,9.048,9.882770349484256,227
17094,322,1,302.0,1,2,1,1.3,At Risk,14,United Kingdom,10.857142857142858,19.028093747098044,0
17095,23,3,1324.16,3,3,3,3.0,Loyal,69,United Kingdom,8.35135135135135,14.130745738294415,312
17096,15,4,1022.13,4,3,3,3.4,Loyal,46,United Kingdom,7.0625,10.196185750386416,246
17097,2,8,954.42,4,4,3,3.6999999999999997,Champions,153,Spain,2.175355450236967,4.626575138585427,363
17100,18,2,971.74,3,2,3,2.7,Loyal,65,United Kingdom,12.307692307692308,4.540519825797652,0
17101,10,4,1621.73,4,3,3,3.4,Loyal,28,United Kingdom,19.404761904761905,36.516195208228936,167
17102,262,1,25.5,1,2,1,1.3,At Risk,1,United Kingdom,2.0,0.0,0
17105,159,2,665.78,1,2,2,1.6,Needs Attention,80,United Kingdom,7.7,4.124410291143195,147
17107,33,6,10815.43,3,4,4,3.6000000000000005,Champions,269,United Kingdom,11.57177033492823,36.41765440072188,244
17109,29,6,885.04,3,4,3,3.3000000000000003,Loyal,107,United Kingdom,5.034188034188034,8.550158038914923,203
17110,165,1,163.29999999999998,1,2,1,1.3,At Risk,12,United Kingdom,4.166666666666667,7.60994664099479,0
17111,47,1,248.61,3,2,1,2.1,Needs Attention,29,United Kingdom,10.066666666666666,5.390098297357147,0
17114,6,8,808.62,4,4,3,3.6999999999999997,Champions,85,United Kingdom,1.7244094488188977,4.460699124903476,329
17115,8,3,837.5,4,3,3,3.4,Loyal,33,United Kingdom,9.538461538461538,14.03424867110752,224
17117,288,1,116.19999999999999,1,2,1,1.3,At Risk,9,United Kingdom,7.555555555555555,4.861376976856568,0
17118,318,1,157.02,1,2,1,1.3,At Risk,10,United Kingdom,15.4,6.476668896894451,0
17119,3,2,606.91,4,2,2,2.8000000000000003,Loyal,35,United Kingdom,9.542857142857143,5.990624285308761,56
17120,233,1,307.46,1,2,2,1.6,Needs Attention,18,United Kingdom,6.666666666666667,3.730700752482724,0
17122,119,1,138.32,2,2,1,1.7,Needs Attention,7,United Kingdom,11.428571428571429,5.037975783983086,0
17123,162,1,345.29999999999995,1,2,2,1.6,Needs Attention,9,United Kingdom,27.333333333333332,18.387359788724424,0
17124,185,1,298.89,1,2,1,1.3,At Risk,31,United Kingdom,4.0625,7.593073025047875,0
17125,50,1,259.35,3,2,1,2.1,Needs Attention,34,United Kingdom,7.275,6.621204742612159,0
17126,152,5,1004.75,1,4,3,2.5,Needs Attention,187,United Kingdom,3.046153846153846,3.8827847017819623,210
17128,335,1,157.09,1,2,1,1.3,At Risk,14,United Kingdom,5.428571428571429,7.111962256849873,0
17131,5,5,2463.17,4,4,4,4.0,Champions,78,United Kingdom,7.335820895522388,15.07564725317361,70
17133,16,7,4892.240000000001,4,4,4,4.0,Champions,13,United Kingdom,101.11111111111111,161.46231911595348,250
17134,107,2,425.0,2,2,2,2.0,Needs Attention,21,United Kingdom,4.25,7.134753684951396,157
17135,16,7,1139.73,4,4,3,3.6999999999999997,Champions,34,United Kingdom,23.53846153846154,17.302986066282163,355
17138,276,1,380.5,1,2,2,1.6,Needs Attention,24,United Kingdom,5.25,3.709327744867064,0
17139,16,12,10668.47,4,4,4,4.0,Champions,309,United Kingdom,10.841004184100418,17.12569014341486,273
17140,247,1,465.32,1,2,2,1.6,Needs Attention,16,United Kingdom,15.1,43.17676682759156,0
17142,239,1,579.0,1,2,2,1.6,Needs Attention,15,United Kingdom,5.4,46.343018429347666,0
17144,1,2,984.57,4,2,3,3.1,Loyal,42,United Kingdom,10.0625,17.383631657426008,83
17146,106,3,749.78,2,3,3,2.5999999999999996,Loyal,33,United Kingdom,6.057142857142857,26.171901758960356,253
17147,23,4,1714.59,3,3,4,3.3,Loyal,68,United Kingdom,10.88888888888889,16.544429349481955,289
17148,52,1,124.88,2,2,1,1.7,Needs Attention,9,United Kingdom,9.11111111111111,4.187944337951231,0
17152,195,3,1689.5,1,3,4,2.5,Needs Attention,9,United Kingdom,36.92857142857143,189.48459214231815,68
17153,24,1,213.78,3,2,1,2.1,Needs Attention,14,United Kingdom,7.428571428571429,4.696928620017389,0
17154,75,1,329.34,2,2,2,2.0,Needs Attention,23,United Kingdom,21.304347826086957,6.3227280598312205,0
17155,18,2,251.70000000000002,3,2,1,2.1,Needs Attention,19,United Kingdom,12.1,19.882093371727866,160
17157,8,2,319.0,4,2,2,2.8000000000000003,Loyal,11,United Kingdom,13.23076923076923,19.630181628533926,168
17158,32,3,1266.97,3,3,3,3.0,Loyal,53,United Kingdom,11.611940298507463,8.544848173199469,328
17159,22,3,1538.88,3,3,3,3.0,Loyal,96,United Kingdom,11.0,6.68784009739444,150
17160,31,6,3518.03,3,4,4,3.6000000000000005,Champions,111,United Kingdom,12.471615720524017,5.794832687559664,210
17162,29,10,1715.46,3,4,4,3.6000000000000005,Champions,81,United Kingdom,9.625,5.637004640931389,276
17163,22,2,293.1,3,2,1,2.1,Needs Attention,3,United Kingdom,13.2,29.21013522734874,56
17164,33,7,2467.35,3,4,4,3.6000000000000005,Champions,92,United Kingdom,10.42361111111111,6.506924522346214,240
17165,284,1,158.68,1,2,1,1.3,At Risk,10,United Kingdom,10.0,2.6211142668720115,0
17166,39,2,206.34,3,2,1,2.1,Needs Attention,11,United Kingdom,6.5,12.872979100002102,165
17169,58,2,835.78,2,2,3,2.3,Needs Attention,51,United Kingdom,9.74074074074074,4.808587909141735,125
17171,289,1,224.91,1,2,1,1.3,At Risk,16,United Kingdom,11.5625,9.06409452639001,0
17172,79,1,317.76,2,2,2,2.0,Needs Attention,15,United Kingdom,32.0,12.67876334663598,0
17173,5,8,3766.6,4,4,4,4.0,Champions,36,United Kingdom,13.046511627906977,21.86215971648776,125
17174,218,1,59.9,1,2,1,1.3,At Risk,4,United Kingdom,10.25,5.225179422756696,0
17175,44,4,1443.69,3,3,3,3.0,Loyal,42,United Kingdom,13.746031746031745,15.52180066398659,252
17176,202,1,306.13,1,2,1,1.3,At Risk,15,United Kingdom,11.333333333333334,17.401567608640757,0
17179,178,3,711.79,1,3,3,2.1999999999999997,Needs Attention,56,United Kingdom,3.625,9.804552771415347,183
17180,56,4,796.03,2,3,3,2.5999999999999996,Loyal,91,United Kingdom,5.3359375,7.219564608313454,259
17181,57,2,239.92000000000002,2,2,1,1.7,Needs Attention,23,United Kingdom,10.478260869565217,21.672137391831818,316
17183,8,6,3347.31,4,4,4,4.0,Champions,42,United Kingdom,17.753424657534246,41.30307290726627,97
17186,47,2,144.0,3,2,1,2.1,Needs Attention,1,United Kingdom,100.0,0.0,13
17187,227,1,203.95,1,2,1,1.3,At Risk,10,United Kingdom,14.4,12.152193446269505,0
17188,11,7,2474.23,4,4,4,4.0,Champions,71,United Kingdom,15.80952380952381,33.71844329232811,351
17189,106,2,384.40000000000003,2,2,2,2.0,Needs Attention,52,United Kingdom,3.721311475409836,6.896191021215472,253
17190,59,2,444.74,2,3,2,2.3,Needs Attention,19,United Kingdom,8.473684210526315,44.166006641874,148
17191,28,7,2095.13,3,4,4,3.6000000000000005,Champions,163,United Kingdom,4.924050632911392,8.509599437248589,340
17193,36,7,1699.3000000000002,3,4,4,3.6000000000000005,Champions,17,United Kingdom,39.1875,33.860350820115414,141
17194,274,2,262.62,1,3,1,1.5999999999999999,Needs Attention,26,United Kingdom,4.103448275862069,17.327652037225143,86
17197,30,1,1013.01,3,2,3,2.7,Loyal,29,United Kingdom,6.586206896551724,26.552396007589262,0
17198,24,3,692.22,3,3,3,3.0,Loyal,89,United Kingdom,3.71875,9.321285749633242,347
17201,54,1,342.63,2,2,2,2.0,Needs Attention,38,United Kingdom,6.7,14.223372943314654,0
17203,36,6,3563.85,3,4,4,3.6000000000000005,Champions,116,United Kingdom,18.75,38.13131477264479,24
17204,175,4,1564.56,1,3,3,2.1999999999999997,Needs Attention,44,United Kingdom,11.333333333333334,20.154001710886252,88
17205,54,1,384.08,2,2,2,2.0,Needs Attention,13,United Kingdom,68.0,18.51897433057269,0
17206,53,1,204.24,2,2,1,1.7,Needs Attention,7,United Kingdom,10.857142857142858,9.706268960978628,0
17211,27,8,2317.2200000000003,3,4,4,3.6000000000000005,Champions,150,United Kingdom,6.270142180094787,7.661236031838796,342
17212,253,1,226.85,1,2,1,1.3,At Risk,4,United Kingdom,36.75,46.86513229470285,0
17213,40,7,2781.23,3,4,4,3.6000000000000005,Champions,85,United Kingdom,7.490445859872612,5.943606628144437,326
17214,60,6,1069.1200000000001,2,4,3,2.9,Loyal,79,United Kingdom,2.679611650485437,9.625697528132857,298
17217,234,1,113.5,1,2,1,1.3,At Risk,9,United Kingdom,2.6666666666666665,20.432905106986407,0
17218,4,10,1960.72,4,4,4,4.0,Champions,146,United Kingdom,3.4963503649635035,6.380779753553789,363
17219,32,1,114.23,3,2,1,2.1,Needs Attention,24,United Kingdom,3.56,3.1973516645290463,0
17220,24,14,3198.25,3,4,4,3.6000000000000005,Champions,303,United Kingdom,4.036016949152542,5.383949641183463,339
17221,7,2,335.13,4,3,2,3.1,Loyal,59,United Kingdom,4.571428571428571,10.560243830972146,28
17222,65,1,354.15,2,2,2,2.0,Needs Attention,27,United Kingdom,4.571428571428571,11.600283857820488,0
17223,310,2,426.79,1,3,2,1.9,Needs Attention,43,United Kingdom,2.2857142857142856,12.231514113142332,58
17226,309,1,393.49,1,2,2,1.6,Needs Attention,21,United Kingdom,19.333333333333332,25.481036655670408,0
17227,19,6,939.32,3,4,3,3.3000000000000003,Loyal,28,United Kingdom,15.76595744680851,34.94462867280866,349
17228,16,8,1906.09,4,4,4,4.0,Champions,140,United Kingdom,7.365384615384615,6.550087784075646,356
17229,96,2,318.76,2,3,2,2.3,Needs Attention,39,United Kingdom,3.9361702127659575,7.086697561712003,46
17230,264,8,3638.41,1,4,4,2.8,Loyal,51,United Kingdom,23.92753623188406,43.659039926526695,95
17231,12,10,3174.32,4,4,4,4.0,Champions,292,United Kingdom,3.21996303142329,5.027934030335378,349
17232,3,2,421.52,4,3,2,3.1,Loyal,30,United Kingdom,5.638888888888889,8.696425136728893,11
17233,35,1,190.88,3,2,1,2.1,Needs Attention,25,United Kingdom,5.24,7.087515502628547,0
17234,183,1,149.89000000000001,1,2,1,1.3,At Risk,14,United Kingdom,3.9285714285714284,8.789777810391112,0
17235,25,2,550.06,3,3,2,2.7,Loyal,24,United Kingdom,7.724137931034483,20.25760750490196,347
17236,13,6,916.13,4,4,3,3.6999999999999997,Champions,88,United Kingdom,4.514285714285714,9.824220572314116,350
17237,11,2,314.69,4,3,2,3.1,Loyal,18,United Kingdom,5.526315789473684,20.465086758266914,11
17238,3,17,3744.65,4,4,4,4.0,Champions,297,United Kingdom,3.2190812720848054,5.499909475672796,368
17239,313,1,382.5,1,2,2,1.6,Needs Attention,15,United Kingdom,10.0,16.239535091867626,0
17242,108,2,1135.04,2,3,3,2.5999999999999996,Loyal,30,United Kingdom,15.275,17.18384763337884,72
17243,1,26,8676.85,4,4,4,4.0,Champions,180,United Kingdom,8.425,26.86324901428313,368
17244,53,1,954.9,2,2,3,2.3,Needs Attention,31,United Kingdom,19.870967741935484,32.691776579347575,0
17245,205,1,171.45,1,2,1,1.3,At Risk,9,United Kingdom,8.333333333333334,7.198437330421097,0
17247,15,1,282.19,4,2,1,2.5,Needs Attention,53,United Kingdom,1.9272727272727272,5.365418369157644,0
17248,120,1,318.65,2,2,2,2.0,Needs Attention,68,United Kingdom,3.0869565217391304,7.162895051288378,0
17250,4,2,384.52,4,3,2,3.1,Loyal,55,United Kingdom,2.9473684210526314,8.317515910854532,257
17251,363,1,283.28000000000003,1,2,1,1.3,At Risk,37,United Kingdom,2.8205128205128207,4.332513848600268,0
17252,117,2,353.86,2,3,2,2.3,Needs Attention,86,United Kingdom,2.218390804597701,3.079836698996985,69
17253,18,1,178.26,3,2,1,2.1,Needs Attention,18,United Kingdom,2.388888888888889,4.937136583796201,0
17254,5,2,272.44,4,3,1,2.8,Loyal,100,United Kingdom,2.25,2.8417623956822133,10
17255,41,2,298.41,3,3,1,2.4,Needs Attention,69,United Kingdom,2.9743589743589745,3.7549612269880788,258
17256,107,2,240.0,2,3,1,2.0,Needs Attention,12,United Kingdom,8.8125,23.111555551282134,204
17259,148,2,603.37,1,3,2,1.9,Needs Attention,104,United Kingdom,3.306451612903226,4.92000016724449,220
17262,52,5,1253.3600000000001,2,4,3,2.9,Loyal,9,United Kingdom,30.583333333333332,121.72664437794694,313
17263,208,1,63.440000000000005,1,2,1,1.3,At Risk,23,United Kingdom,1.565217391304348,1.8700356150568438,0
17265,139,2,562.9,2,3,2,2.3,Needs Attention,106,United Kingdom,3.1023622047244093,3.709289323319157,41
17266,2,3,310.64,4,3,2,3.1,Loyal,60,United Kingdom,2.0125,3.3025269956447025,145
17267,127,2,317.62,2,3,2,2.3,Needs Attention,37,United Kingdom,4.184210526315789,11.01961777095391,0
17268,108,4,763.64,2,3,3,2.5999999999999996,Loyal,3,United Kingdom,140.66666666666666,104.56173959277201,137
17272,42,4,2148.63,3,3,4,3.3,Loyal,70,United Kingdom,15.596491228070175,17.67160540821837,220
17274,35,1,111.97999999999999,3,2,1,2.1,Needs Attention,24,United Kingdom,2.925925925925926,5.333642565821505,0
17277,228,2,1065.3500000000001,1,3,3,2.1999999999999997,Needs Attention,67,United Kingdom,6.231884057971015,11.93004579311186,95
17278,241,1,246.04,1,2,1,1.3,At Risk,15,United Kingdom,11.933333333333334,8.768160310925847,0
17279,58,1,187.82999999999998,2,2,1,1.7,Needs Attention,8,United Kingdom,5.333333333333333,26.1326562943762,0
17282,130,3,1703.41,2,3,4,2.9,Loyal,79,United Kingdom,19.96808510638298,44.88672173805283,169
17284,60,6,1652.58,2,4,3,2.9,Loyal,229,United Kingdom,4.671232876712328,5.456245745817502,276
17286,22,1,153.92,3,2,1,2.1,Needs Attention,44,United Kingdom,2.6222222222222222,3.241695653060402,0
17287,26,7,1064.11,3,4,3,3.3000000000000003,Loyal,88,United Kingdom,4.508064516129032,9.178108989599504,346
17288,9,7,1419.73,4,4,3,3.6999999999999997,Champions,118,United Kingdom,8.471830985915492,12.05714043071977,349
17289,32,3,944.41,3,3,3,3.0,Loyal,86,United Kingdom,4.684684684684685,12.43730153414596,148
17290,4,2,525.24,4,3,2,3.1,Loyal,92,United Kingdom,3.9607843137254903,5.284667121138886,12
17291,308,1,550.8000000000001,1,2,2,1.6,Needs Attention,1,United Kingdom,72.0,0.0,0
17293,8,9,1875.1100000000001,4,4,4,4.0,Champions,93,United Kingdom,8.444444444444445,13.945266994695526,352
17295,29,3,556.95,3,3,2,2.7,Loyal,53,United Kingdom,4.260869565217392,6.4239425672570345,35
17297,17,1,131.78,4,2,1,2.5,Needs Attention,49,United Kingdom,1.3137254901960784,2.5328608950602653,0
17298,101,2,498.42,2,3,2,2.3,Needs Attention,30,United Kingdom,12.9,17.44085821203801,23
17299,12,4,669.11,4,3,2,3.1,Loyal,50,United Kingdom,11.894736842105264,11.295614362311381,161
17301,21,1,197.63,3,2,1,2.1,Needs Attention,59,United Kingdom,2.257575757575758,2.709168551866835,0
17302,15,5,1135.63,4,4,3,3.6999999999999997,Champions,68,United Kingdom,7.2784810126582276,14.714734188544917,290
17303,361,1,250.04,1,2,1,1.3,At Risk,53,United Kingdom,2.7169811320754715,4.045409383823667,0
17306,11,19,8631.31,4,4,4,4.0,Champions,13,United Kingdom,174.1060606060606,71.67516742618112,342
17309,95,1,82.75,2,2,1,1.7,Needs Attention,11,United Kingdom,3.4166666666666665,3.876001825530421,0
17311,78,2,1384.85,2,3,3,2.5999999999999996,Loyal,55,United Kingdom,18.272727272727273,21.06399915185529,238
17312,139,3,644.3,2,3,2,2.3,Needs Attention,11,United Kingdom,26.571428571428573,85.21574365710227,20
17313,31,1,2328.84,3,2,4,3.0,Loyal,24,United Kingdom,58.416666666666664,63.95569097973732,0
17314,25,8,2527.92,3,4,4,3.6000000000000005,Champions,120,United Kingdom,14.473282442748092,11.842505808676554,287
17315,2,38,6292.26,4,4,4,4.0,Champions,256,United Kingdom,8.219873150105709,20.281803164331727,355
17317,46,3,2600.34,3,3,4,3.3,Loyal,8,United Kingdom,127.33333333333333,204.6930560619974,43
17320,100,3,1200.6200000000001,2,3,3,2.5999999999999996,Loyal,57,United Kingdom,8.684931506849315,11.628478079065724,267
17321,8,2,700.86,4,3,3,3.4,Loyal,94,United Kingdom,3.485981308411215,7.763100855769141,59
17323,15,7,921.07,4,4,3,3.6999999999999997,Champions,125,United Kingdom,3.88,3.211510998262313,277
17324,18,4,990.23,3,3,3,3.0,Loyal,43,United Kingdom,16.88,31.038361597433923,348
17325,280,1,96.8,1,2,1,1.3,At Risk,6,United Kingdom,10.0,3.464486493936245,0
17329,14,2,523.11,4,3,2,3.1,Loyal,29,United Kingdom,4.303030303030303,16.10725350085821,300
17330,23,2,363.9,3,3,2,2.7,Loyal,5,United Kingdom,20.0,21.53859326882793,44
17331,124,1,175.2,2,2,1,1.7,Needs Attention,1,United Kingdom,16.0,0.0,0
17333,86,1,494.25,2,2,2,2.0,Needs Attention,28,United Kingdom,13.392857142857142,9.9163647212935,0
17334,302,2,307.02,1,3,1,1.5999999999999999,Needs Attention,11,United Kingdom,28.636363636363637,18.252919467605974,6
17337,151,4,2027.8700000000001,1,3,4,2.5,Needs Attention,421,United Kingdom,2.3370165745856353,4.516596797335172,158
17338,17,8,6643.93,4,4,4,4.0,Champions,389,United Kingdom,4.154050464807437,6.9744036004722885,344
17339,94,2,243.36,2,3,1,2.0,Needs Attention,9,United Kingdom,16.88888888888889,22.97435962110805,270
17340,30,11,12353.29,3,4,4,3.6000000000000005,Champions,229,United Kingdom,14.660933660933662,25.578436166331997,336
17341,157,3,781.36,1,3,3,2.1999999999999997,Needs Attention,147,United Kingdom,2.6721311475409837,6.414963570999148,209
17343,355,1,193.64,1,2,1,1.3,At Risk,17,United Kingdom,3.2941176470588234,9.636694499793636,0
17344,46,1,160.57,3,2,1,2.1,Needs Attention,31,United Kingdom,2.0625,5.625475311459354,0
17345,15,4,537.74,4,3,2,3.1,Loyal,70,United Kingdom,3.9770114942528734,6.924445680473134,181
17346,4,15,2676.56,4,4,4,4.0,Champions,299,United Kingdom,3.314,5.976819975508656,369
17347,86,1,228.96,2,2,1,1.7,Needs Attention,1,United Kingdom,216.0,0.0,0
17348,15,5,1159.52,4,4,3,3.6999999999999997,Champions,180,United Kingdom,6.5162790697674415,5.755465672144907,283
17349,179,1,110.75,1,2,1,1.3,At Risk,8,United Kingdom,12.444444444444445,12.013987796638457,0
17350,8,4,1286.07,4,3,3,3.4,Loyal,66,United Kingdom,11.19718309859155,17.56060796534892,42
17351,36,3,587.15,3,3,2,2.7,Loyal,22,United Kingdom,4.185185185185185,27.646901084952358,237
17353,129,2,1740.0,2,3,4,2.9,Loyal,5,United Kingdom,150.0,0.0,25
17354,51,1,1393.06,2,2,3,2.3,Needs Attention,15,United Kingdom,62.875,69.00435724165057,0
17356,312,1,178.22,1,2,1,1.3,At Risk,19,United Kingdom,8.736842105263158,8.282790055960074,0
17357,24,2,388.14,3,3,2,2.7,Loyal,41,United Kingdom,3.4,14.945527242136846,0
17358,303,2,365.85,1,3,2,1.9,Needs Attention,55,United Kingdom,3.4237288135593222,4.8765672239929945,52
17359,11,1,127.86,4,2,1,2.5,Needs Attention,13,United Kingdom,10.733333333333333,9.331778884160142,0
17360,17,3,585.79,4,3,2,3.1,Loyal,113,United Kingdom,2.537878787878788,3.9440401098857616,166
17361,49,3,488.2,3,3,2,2.7,Loyal,26,United Kingdom,5.413793103448276,11.847656364448172,242
17362,239,2,312.23,1,3,2,1.9,Needs Attention,30,United Kingdom,5.457142857142857,7.438521109906257,70
17364,1,11,4481.18,4,4,4,4.0,Champions,288,United Kingdom,6.571776155717761,10.162038351033056,330
17365,13,8,4801.56,4,4,4,4.0,Champions,278,United Kingdom,10.207264957264957,8.82562234543378,320
17367,238,1,168.4,1,2,1,1.3,At Risk,33,United Kingdom,4.411764705882353,4.465538434678002,0
17368,23,8,1912.67,3,4,4,3.6000000000000005,Champions,93,United Kingdom,12.531531531531531,39.11950264875139,314
17370,73,4,446.18,2,3,2,2.3,Needs Attention,31,United Kingdom,16.363636363636363,5.09686542113995,96
17371,17,3,423.89,4,3,2,3.1,Loyal,83,United Kingdom,1.7471264367816093,7.499046094554591,343
17372,41,8,1342.68,3,4,3,3.3000000000000003,Loyal,215,United Kingdom,2.960474308300395,4.631598543288251,321
17373,40,4,646.92,3,3,2,2.7,Loyal,47,United Kingdom,7.157894736842105,8.080599655314803,272
17374,219,2,495.77,1,3,2,1.9,Needs Attention,24,United Kingdom,3.0357142857142856,5.553556977813418,62
17375,199,3,400.1,1,3,2,1.9,Needs Attention,63,United Kingdom,5.318840579710145,4.109335596563427,162
17376,71,2,203.2,2,3,1,2.0,Needs Attention,23,United Kingdom,3.5833333333333335,4.636543565187764,240
17377,24,20,4100.92,3,4,4,3.6000000000000005,Champions,190,United Kingdom,4.966507177033493,13.306493062042303,349
17379,11,1,404.66,4,2,2,2.8000000000000003,Loyal,71,United Kingdom,7.9879518072289155,4.983323971789979,0
17381,9,29,20275.61,4,4,4,4.0,Champions,40,United Kingdom,235.3119266055046,180.69666765869303,363
17382,65,1,65.4,2,2,1,1.7,Needs Attention,2,United Kingdom,12.5,25.031580054003786,0
17383,4,1,199.29,4,2,1,2.5,Needs Attention,49,United Kingdom,2.9411764705882355,3.9525928645562747,0
17384,19,2,336.4,3,3,2,2.7,Loyal,12,United Kingdom,5.866666666666666,53.12512166932846,199
17385,15,1,261.11,4,2,1,2.5,Needs Attention,42,United Kingdom,4.276595744680851,4.533361267848489,0
17386,8,6,2686.42,4,4,4,4.0,Champions,23,United Kingdom,67.92857142857143,156.34576639056772,157
17387,20,2,784.11,3,3,3,3.0,Loyal,71,United Kingdom,6.948717948717949,8.782879992862874,13
17388,78,4,1259.56,2,3,3,2.5999999999999996,Loyal,13,United Kingdom,71.2,142.26548569822683,209
17389,1,34,31833.68,4,4,4,4.0,Champions,45,United Kingdom,35.737089201877936,173.908566169417,330
17391,164,2,508.8,1,3,2,1.9,Needs Attention,2,United Kingdom,160.0,58.75116339273632,0
17392,307,2,457.91,1,3,2,1.9,Needs Attention,53,United Kingdom,5.161290322580645,7.28460483552336,51
17394,219,1,203.86999999999998,1,2,1,1.3,At Risk,4,United Kingdom,60.25,70.36217893868836,0
17396,39,8,7330.8,3,4,4,3.6000000000000005,Champions,24,United Kingdom,74.25925925925925,243.73034924076575,332
17397,22,2,696.41,3,3,3,3.0,Loyal,88,United Kingdom,2.760869565217391,7.933330502350937,0
17398,115,3,653.38,2,3,2,2.3,Needs Attention,30,United Kingdom,8.157894736842104,8.113940833304904,140
17400,126,5,2129.96,2,4,4,3.2,Loyal,175,United Kingdom,5.150234741784038,8.214042564266764,226
17402,5,13,2633.85,4,4,4,4.0,Champions,33,United Kingdom,11.88135593220339,64.55136884719607,364
17403,36,1,281.62,3,2,1,2.1,Needs Attention,32,United Kingdom,3.5454545454545454,7.731289082113807,0
17404,4,15,31906.82,4,4,4,4.0,Champions,111,Sweden,165.3939393939394,142.8036242570854,356
17405,1,3,1031.41,4,3,3,3.4,Loyal,77,United Kingdom,8.853658536585366,8.139991374407536,149
17406,333,3,2200.42,1,3,4,2.5,Needs Attention,99,United Kingdom,6.964601769911504,39.634488459452555,33
17408,163,1,32.65,1,2,1,1.3,At Risk,2,United Kingdom,1.5,5.055813485483814,0
17409,185,2,771.85,1,3,3,2.1999999999999997,Needs Attention,13,United Kingdom,8.076923076923077,39.13133130553559,63
17410,16,5,1214.72,4,4,3,3.6999999999999997,Champions,57,United Kingdom,9.625,10.461742396381874,199
17411,12,3,778.94,4,3,3,3.4,Loyal,39,United Kingdom,7.463414634146342,9.545889576402928,249
17412,3,7,1258.06,4,4,3,3.6999999999999997,Champions,48,United Kingdom,11.181818181818182,7.501900526876608,369
17414,44,2,778.0,3,3,3,3.0,Loyal,5,United Kingdom,350.0,152.52507553404675,141
17415,80,1,507.84,2,2,2,2.0,Needs Attention,14,United Kingdom,8.142857142857142,42.50745757453096,0
17416,30,7,6893.42,3,4,4,3.6000000000000005,Champions,186,United Kingdom,15.992565055762082,26.79606283743262,251
17418,42,2,463.46000000000004,3,3,2,2.7,Loyal,29,United Kingdom,9.633333333333333,8.125170229870129,281
17419,11,12,4226.57,4,4,4,4.0,Champions,155,United Kingdom,9.106796116504855,10.934805390788023,355
17420,50,3,598.83,3,3,2,2.7,Loyal,28,United Kingdom,8.833333333333334,5.365604603268925,323
17422,16,6,1979.37,4,4,4,4.0,Champions,93,United Kingdom,19.256410256410255,10.800051834535202,279
17423,46,2,698.41,3,3,3,3.0,Loyal,26,United Kingdom,17.653846153846153,25.352882916028427,171
17425,19,2,759.17,3,3,3,3.0,Loyal,42,United Kingdom,9.465116279069768,9.428552979947723,41
17426,8,6,5037.26,4,4,4,4.0,Champions,179,United Kingdom,11.416974169741698,16.093826563764583,274
17427,72,1,100.8,2,2,1,1.7,Needs Attention,2,United Kingdom,17.0,28.84995667241114,0
17428,1,28,17256.85,4,4,4,4.0,Champions,252,United Kingdom,28.884146341463413,55.11506386191242,368
17429,128,3,524.9200000000001,2,3,2,2.3,Needs Attention,36,United Kingdom,16.0,7.029301435951007,90
17430,33,2,265.76,3,3,1,2.4,Needs Attention,14,United Kingdom,13.571428571428571,8.27028734369325,332
17431,313,1,403.3,1,2,2,1.6,Needs Attention,41,United Kingdom,6.790697674418604,8.21637876843839,0
17432,18,2,365.76,3,3,2,2.7,Loyal,44,United Kingdom,4.3125,7.4200880306758314,19
17433,88,1,303.15999999999997,2,2,1,1.7,Needs Attention,53,United Kingdom,3.425925925925926,2.9655560543329202,0
17434,2,7,2373.82,4,4,4,4.0,Champions,100,United Kingdom,12.634328358208956,12.168506605245675,82
17436,2,2,216.29999999999998,4,3,1,2.8,Loyal,7,United Kingdom,10.0,10.93503543661382,225
17438,254,1,388.45000000000005,1,2,2,1.6,Needs Attention,17,United Kingdom,6.0588235294117645,8.582048852109851,0
17440,157,3,186.42000000000002,1,3,1,1.5999999999999999,Needs Attention,3,United Kingdom,49.2,37.60304881256306,90
17442,37,6,2248.56,3,4,4,3.6000000000000005,Champions,96,United Kingdom,11.08148148148148,6.0020875970272245,253
17443,220,1,534.24,1,2,2,1.6,Needs Attention,1,Canada,504.0,0.0,0
17444,148,3,2940.04,1,3,4,2.5,Needs Attention,132,Canada,15.696296296296296,47.08854353326321,25
17446,177,2,120.9,1,3,1,1.5999999999999999,Needs Attention,6,United Kingdom,22.0,0.6999999999999991,133
17447,40,2,541.53,3,3,2,2.7,Loyal,33,United Kingdom,12.305555555555555,7.78746662455586,31
17449,2,7,2520.86,4,4,4,4.0,Champions,178,United Kingdom,4.050541516245487,6.069630598906196,357
17450,8,46,194550.79,4,4,4,4.0,Champions,124,United Kingdom,207.69436201780417,819.5070140804442,359
17451,1,7,1721.4,4,4,4,4.0,Champions,83,United Kingdom,12.03,7.543136287414211,104
17453,18,2,486.71999999999997,3,3,2,2.7,Loyal,19,United Kingdom,11.526315789473685,18.632280844643905,46
17454,192,4,517.53,1,3,2,1.9,Needs Attention,57,United Kingdom,3.9836065573770494,7.946580475703407,167
17455,204,1,131.7,1,2,1,1.3,At Risk,8,United Kingdom,8.25,2.2990292982660563,0
17456,365,1,249.86,1,2,1,1.3,At Risk,17,United Kingdom,13.058823529411764,7.008098466606122,0
17457,127,5,1737.7,2,4,4,3.2,Loyal,14,United Kingdom,43.473684210526315,98.41166324165191,212
17458,15,1,316.5,4,2,2,2.8000000000000003,Loyal,52,United Kingdom,3.1481481481481484,4.21445923775123,0
17459,43,2,657.3,3,3,2,2.7,Loyal,88,United Kingdom,4.837837837837838,6.205466291254178,16
17460,94,6,622.4300000000001,2,4,2,2.6,Loyal,18,United Kingdom,8.137931034482758,8.538635765678046,278
17461,23,3,757.46,3,3,3,3.0,Loyal,104,United Kingdom,7.198198198198198,5.005901295521894,6
17462,60,2,675.69,2,3,3,2.5999999999999996,Loyal,25,United Kingdom,8.407407407407407,22.00111436571642,223
17463,16,5,1896.41,4,4,4,4.0,Champions,162,United Kingdom,5.093023255813954,6.325084035391997,296
17464,158,1,289.96000000000004,1,2,1,1.3,At Risk,9,United Kingdom,24.444444444444443,25.301434632139827,0
17466,10,2,763.28,4,3,3,3.4,Loyal,41,United Kingdom,7.463414634146342,7.6398892694057094,68
17468,10,2,137.0,4,3,1,2.8,Loyal,5,United Kingdom,23.2,5.813776741499453,4
17469,16,5,1870.97,4,4,4,4.0,Champions,61,United Kingdom,8.943181818181818,7.520719279579326,188
17470,45,5,1125.07,3,4,3,3.3000000000000003,Loyal,67,United Kingdom,21.474358974358974,7.436190258309396,323
17472,191,3,710.29,1,3,3,2.1999999999999997,Needs Attention,142,United Kingdom,2.552486187845304,3.7415757407730057,108
17475,79,1,194.37,2,2,1,1.7,Needs Attention,14,United Kingdom,12.714285714285714,5.753291508937573,0
17480,78,1,511.82,2,2,2,2.0,Needs Attention,29,United Kingdom,11.655172413793103,8.02829564941917,0
17481,4,4,1255.59,4,3,3,3.4,Loyal,69,United Kingdom,12.939024390243903,6.56916322871065,90
17483,65,3,414.04,2,3,2,2.3,Needs Attention,18,United Kingdom,9.095238095238095,8.955987090315883,117
17486,261,1,396.87,1,2,2,1.6,Needs Attention,24,United Kingdom,7.958333333333333,4.668632434059018,0
17489,59,2,376.64,2,3,2,2.3,Needs Attention,28,United Kingdom,14.758620689655173,5.257246465031733,153
17490,1,7,2092.32,4,4,4,4.0,Champions,63,United Kingdom,14.921052631578947,27.485666562518812,175
17491,1,10,3558.87,4,4,4,4.0,Champions,72,United Kingdom,18.46788990825688,25.92973700362448,366
17492,248,1,374.57,1,2,2,1.6,Needs Attention,12,United Kingdom,12.916666666666666,17.300076961643494,0
17495,8,2,497.56,4,3,2,3.1,Loyal,21,United Kingdom,8.481481481481481,6.573525009774517,31
17496,359,1,271.05,1,2,1,1.3,At Risk,10,United Kingdom,7.9,9.22281139349602,0
17498,76,1,272.22,2,2,1,1.7,Needs Attention,17,United Kingdom,23.176470588235293,6.715187790287293,0
17499,290,1,622.88,1,2,2,1.6,Needs Attention,40,United Kingdom,17.775,9.361523599423553,0
17500,17,3,1138.0,4,3,3,3.4,Loyal,3,United Kingdom,3.4,213.4600079640212,12
17501,221,2,288.6,1,3,1,1.5999999999999999,Needs Attention,18,United Kingdom,8.88888888888889,4.6310016703288115,0
17502,9,4,689.1,4,3,3,3.4,Loyal,25,United Kingdom,13.428571428571429,9.33146407018329,19
17503,3,2,558.96,4,3,2,3.1,Loyal,36,United Kingdom,12.789473684210526,10.293772440988597,35
17504,206,9,2997.0299999999997,1,4,4,2.8,Loyal,112,United Kingdom,13.10236220472441,20.40508485345051,116
17505,162,2,1145.84,1,3,3,2.1999999999999997,Needs Attention,48,United Kingdom,10.692307692307692,10.767887891926254,44
17506,76,1,302.2,2,2,1,1.7,Needs Attention,14,United Kingdom,9.928571428571429,7.825667545166517,0
17507,262,2,605.58,1,3,2,1.9,Needs Attention,79,United Kingdom,4.079545454545454,4.212801750538672,47
17508,281,1,387.31,1,2,2,1.6,Needs Attention,22,Greece,13.136363636363637,9.685149530522049,0
17509,58,8,6115.14,2,4,4,3.2,Loyal,75,United Kingdom,9.655737704918034,3.838546379979126,5
17510,25,1,308.48,3,2,2,2.4000000000000004,Needs Attention,20,United Kingdom,10.7,5.4115572231056905,0
17511,3,31,91062.38,4,4,4,4.0,Champions,453,United Kingdom,67.02907580477674,82.04277007616697,370
17512,29,10,2924.9900000000002,3,4,4,3.6000000000000005,Champions,61,United Kingdom,26.21904761904762,25.192441667317052,272
17513,72,1,513.2,2,2,2,2.0,Needs Attention,6,United Kingdom,42.333333333333336,61.523805690697216,0
17514,128,1,208.65,2,2,1,1.7,Needs Attention,40,United Kingdom,3.375,3.266044959807991,0
17515,31,4,639.02,3,3,2,2.7,Loyal,49,United Kingdom,2.793103448275862,4.8582985521929425,286
17516,15,5,768.08,4,4,3,3.6999999999999997,Champions,113,United Kingdom,3.0364963503649633,4.5554911495433785,270
17517,309,1,153.94,1,2,1,1.3,At Risk,11,United Kingdom,9.272727272727273,5.913469985780538,0
17519,17,6,1844.02,4,4,4,4.0,Champions,60,United Kingdom,15.073170731707316,15.990563454817012,351
17520,54,1,546.81,2,2,2,2.0,Needs Attention,30,United Kingdom,12.166666666666666,7.678954288541976,0
17521,30,3,723.2099999999999,3,3,3,3.0,Loyal,38,United Kingdom,11.533333333333333,6.437890535373721,169
17522,2,5,1070.71,4,4,3,3.6999999999999997,Champions,59,United Kingdom,14.164383561643836,14.945725537226169,216
17523,11,4,652.74,4,3,2,3.1,Loyal,25,United Kingdom,26.424242424242426,38.178572115127615,7
17524,361,1,145.0,1,2,1,1.3,At Risk,6,United Kingdom,15.0,11.150231686681073,0
17525,360,1,422.70000000000005,1,2,2,1.6,Needs Attention,9,United Kingdom,9.11111111111111,24.642544511474462,0
17526,5,4,1195.8999999999999,4,3,3,3.4,Loyal,17,United Kingdom,16.31578947368421,70.38369694269856,360
17527,54,4,939.37,2,3,3,2.5999999999999996,Loyal,45,United Kingdom,10.382978723404255,12.894872468745039,164
17528,1,8,3628.5,4,4,4,4.0,Champions,183,United Kingdom,8.450592885375494,12.28773883801661,70
17530,1,10,2385.0,4,4,4,4.0,Champions,306,United Kingdom,3.8730964467005076,5.552067654793969,363
17531,190,1,296.7,1,2,1,1.3,At Risk,14,United Kingdom,9.714285714285714,8.703267669781745,0
17534,54,1,223.36,2,2,1,1.7,Needs Attention,9,United Kingdom,11.444444444444445,8.757016869028199,0
17535,280,1,164.4,1,2,1,1.3,At Risk,13,United Kingdom,10.461538461538462,2.6490927329356198,0
17536,177,1,76.5,1,2,1,1.3,At Risk,3,United Kingdom,2.0,0.0,0
17537,30,2,897.62,3,3,3,3.0,Loyal,74,United Kingdom,9.333333333333334,10.544871351506371,273
17538,26,1,98.42,3,2,1,2.1,Needs Attention,9,United Kingdom,14.88888888888889,3.7581880977111535,0
17540,25,2,578.9,3,3,2,2.7,Loyal,20,United Kingdom,7.76,12.759721130703968,291
17542,270,1,170.75,1,2,1,1.3,At Risk,24,United Kingdom,5.36,7.9313481409741,0
17545,43,3,645.96,3,3,2,2.7,Loyal,122,United Kingdom,2.3517241379310345,8.787133990895232,0
17548,234,1,103.3,1,2,1,1.3,At Risk,5,United Kingdom,11.6,6.103523572494826,0
17549,24,2,148.86,3,3,1,2.4,Needs Attention,5,United Kingdom,35.0,16.10736850016166,27
17550,197,3,267.16,1,3,1,1.5999999999999999,Needs Attention,42,United Kingdom,2.0476190476190474,9.330848341826423,45
17551,359,1,306.84,1,2,1,1.3,At Risk,39,United Kingdom,3.488372093023256,5.38672408292043,0
17552,60,4,930.41,2,3,3,2.5999999999999996,Loyal,43,United Kingdom,14.673469387755102,7.80395545529953,311
17553,130,1,1487.6,2,2,3,2.3,Needs Attention,2,United Kingdom,524.0,715.8749052732608,0
17554,1,5,1952.45,4,4,4,4.0,Champions,58,United Kingdom,20.03409090909091,18.016070881806783,146
17555,20,2,483.26,3,3,2,2.7,Loyal,101,United Kingdom,3.292452830188679,2.3139611587890894,314
17556,206,1,157.9,1,2,1,1.3,At Risk,6,United Kingdom,16.833333333333332,24.319429817877445,0
17557,14,3,541.46,4,3,2,3.1,Loyal,27,United Kingdom,9.0,11.280888433552892,66
17560,95,4,854.95,2,3,3,2.5999999999999996,Loyal,22,United Kingdom,24.423076923076923,20.88409951282407,215
17561,19,1,167.62,3,2,1,2.1,Needs Attention,44,United Kingdom,3.1739130434782608,2.9747048243935956,0
17562,14,7,1122.38,4,4,3,3.6999999999999997,Champions,48,United Kingdom,12.968253968253968,7.760598949652514,159
17564,24,3,454.01,3,3,2,2.7,Loyal,38,United Kingdom,2.979591836734694,4.649100746929673,55
17566,8,2,901.21,4,3,3,3.4,Loyal,113,United Kingdom,3.4078947368421053,5.335691363914479,17
17567,7,8,4331.48,4,4,4,4.0,Champions,110,United Kingdom,15.951515151515151,29.32292894765929,365
17569,332,1,344.14,1,2,2,1.6,Needs Attention,29,United Kingdom,5.482758620689655,9.532123172068628,0
17571,50,4,1498.51,3,3,3,3.0,Loyal,247,United Kingdom,3.0267558528428093,5.868682064998994,248
17572,71,4,226.75000000000003,2,3,1,2.0,Needs Attention,7,United Kingdom,7.916666666666667,3.697939127119155,302
17573,29,3,380.6,3,3,2,2.7,Loyal,24,United Kingdom,12.32,5.029856691132793,64
17574,243,1,185.65,1,2,1,1.3,At Risk,8,United Kingdom,9.625,7.1713934439947895,0
17576,8,19,3622.68,4,4,4,4.0,Champions,245,United Kingdom,4.851581508515815,7.666692338174596,357
17578,218,1,143.45999999999998,1,2,1,1.3,At Risk,5,United Kingdom,27.6,12.192289366644806,0
17579,5,3,448.90000000000003,4,3,2,3.1,Loyal,46,United Kingdom,5.16,7.944212628430477,174
17580,253,3,215.72,1,3,1,1.5999999999999999,Needs Attention,43,United Kingdom,1.9555555555555555,7.691224423413553,105
17581,1,25,11045.04,4,4,4,4.0,Champions,229,United Kingdom,13.470454545454546,21.50147384585543,371
17582,236,1,175.27,1,2,1,1.3,At Risk,28,United Kingdom,4.241379310344827,10.876793584046299,0
17584,7,2,1242.3,4,3,3,3.4,Loyal,30,United Kingdom,13.085714285714285,25.073394533755856,120
17585,109,4,1133.07,2,3,3,2.5999999999999996,Loyal,176,United Kingdom,7.808411214953271,6.706717021569228,228
17588,100,3,1240.2,2,3,3,2.5999999999999996,Loyal,19,United Kingdom,29.391304347826086,61.09175808510387,132
17589,60,4,2404.17,2,3,4,2.9,Loyal,172,United Kingdom,6.446640316205533,9.66776983148904,180
17590,2,3,1479.22,4,3,3,3.4,Loyal,162,United Kingdom,4.119402985074627,7.619195660464286,37
17591,73,7,2225.9700000000003,2,4,4,3.2,Loyal,81,United Kingdom,6.078313253012048,15.298100545830263,293
17593,4,5,3927.34,4,4,4,4.0,Champions,190,United Kingdom,14.55868544600939,14.803220347318128,349
17594,85,2,993.18,2,3,3,2.5999999999999996,Loyal,42,United Kingdom,11.0,8.483858084621644,169
17595,12,2,388.79,4,3,2,3.1,Loyal,68,United Kingdom,2.7590361445783134,4.848283357372025,24
17596,23,7,2827.93,3,4,4,3.6000000000000005,Champions,168,United Kingdom,16.296296296296298,15.845615341216233,345
17597,214,1,2044.3700000000001,1,2,4,2.2,Needs Attention,55,United Kingdom,21.381818181818183,37.50401267240596,0
17600,18,1,161.67000000000002,3,2,1,2.1,Needs Attention,13,United Kingdom,11.076923076923077,5.956925295348178,0
17601,239,1,116.00999999999999,1,2,1,1.3,At Risk,9,United Kingdom,11.444444444444445,9.227792260340498,0
17602,2,6,5102.97,4,4,4,4.0,Champions,335,United Kingdom,7.4125,13.846178780185788,321
17603,78,1,394.72,2,2,2,2.0,Needs Attention,11,United Kingdom,6.7272727272727275,71.09981199310266,0
17604,217,2,309.36,1,3,2,1.9,Needs Attention,57,United Kingdom,2.6825396825396823,4.3762395215790475,94
17608,33,2,193.42,3,3,1,2.4,Needs Attention,54,United Kingdom,3.9322033898305087,2.625637625378127,0
17609,41,5,1112.22,3,4,3,3.3000000000000003,Loyal,199,United Kingdom,3.050632911392405,3.807474301380739,286
17611,7,15,3984.22,4,4,4,4.0,Champions,440,United Kingdom,4.444444444444445,6.18459904610728,353
17612,53,6,2048.45,2,4,4,3.2,Loyal,116,United Kingdom,13.392592592592592,15.291857736909588,244
17613,23,14,4559.150000000001,3,4,4,3.6000000000000005,Champions,211,United Kingdom,8.0,12.867884559199998,282
17614,57,1,390.07,2,2,2,2.0,Needs Attention,97,United Kingdom,2.38,3.161252550314303,0
17615,130,3,329.6,2,3,2,2.3,Needs Attention,13,United Kingdom,10.0,21.29127536324226,91
17616,174,3,571.1999999999999,1,3,2,1.9,Needs Attention,1,United Kingdom,74.66666666666667,124.64605890279886,194
17618,6,3,971.58,4,3,3,3.4,Loyal,56,United Kingdom,4.243589743589744,12.968687086796594,356
17619,312,1,218.52,1,2,1,1.3,At Risk,71,United Kingdom,1.6493506493506493,2.743737528523311,0
17620,60,1,81.44,2,2,1,1.7,Needs Attention,4,United Kingdom,15.0,11.169768723359196,0
17621,21,3,1379.9,3,3,3,3.0,Loyal,24,United Kingdom,19.76923076923077,38.10525630610357,333
17623,33,1,527.0500000000001,3,2,2,2.4000000000000004,Needs Attention,33,United Kingdom,8.030303030303031,6.889263729517726,0
17624,15,2,843.48,4,3,3,3.4,Loyal,49,United Kingdom,11.08,6.0975498458355375,203
17625,18,4,2047.0,3,3,4,3.3,Loyal,223,United Kingdom,3.803174603174603,5.474196798934874,239
17628,81,1,75.75,2,2,1,1.7,Needs Attention,5,United Kingdom,15.8,2.9355578686171397,0
17629,6,8,1814.12,4,4,4,4.0,Champions,106,United Kingdom,13.24390243902439,13.217223600040057,354
17630,170,2,503.59999999999997,1,3,2,1.9,Needs Attention,24,United Kingdom,6.076923076923077,7.797397988086499,62
17631,2,3,528.33,4,3,2,3.1,Loyal,39,United Kingdom,8.564102564102564,4.352621807507549,230
17633,31,4,1324.84,3,3,3,3.0,Loyal,59,United Kingdom,9.2,9.965915124312989,88
17634,36,9,2361.9700000000003,3,4,4,3.6000000000000005,Champions,209,United Kingdom,2.8282828282828283,9.842018157141165,301
17636,19,1,285.56,3,2,1,2.1,Needs Attention,20,United Kingdom,9.1,3.872956982652104,0
17637,31,2,547.0600000000001,3,3,2,2.7,Loyal,35,United Kingdom,8.0,6.108236717606754,83
17639,276,1,108.5,1,2,1,1.3,At Risk,7,United Kingdom,7.0,10.28943633052851,0
17640,87,1,621.66,2,2,2,2.0,Needs Attention,5,United Kingdom,50.0,76.69451036417144,0
17642,120,2,712.29,2,3,3,2.5999999999999996,Loyal,34,United Kingdom,11.85,10.146126705072463,56
17643,373,1,101.55,1,2,1,1.3,At Risk,8,United Kingdom,8.875,2.6915791302292633,0
17644,1,11,2895.64,4,4,4,4.0,Champions,102,United Kingdom,11.420382165605096,11.41905346636112,259
17646,219,3,1008.39,1,3,3,2.1999999999999997,Needs Attention,46,United Kingdom,6.333333333333333,10.12734725152353,145
17647,65,1,133.06,2,2,1,1.7,Needs Attention,7,United Kingdom,4.285714285714286,3.6017608127665772,0
17648,61,4,1797.5,2,3,4,2.9,Loyal,81,United Kingdom,5.351648351648351,8.188620839777066,188
17649,138,1,868.49,2,2,3,2.3,Needs Attention,52,United Kingdom,7.673076923076923,3.4692824150122346,0
17650,21,1,166.08,3,2,1,2.1,Needs Attention,8,United Kingdom,18.75,9.423834524377915,0
17651,12,10,3945.0,4,4,4,4.0,Champions,149,United Kingdom,13.413793103448276,7.127525538469683,165
17652,25,12,4867.72,3,4,4,3.6000000000000005,Champions,118,United Kingdom,9.687258687258687,8.785993068351509,255
17653,37,4,1207.56,3,3,3,3.0,Loyal,44,United Kingdom,32.02272727272727,33.248005602333045,83
17654,277,1,117.55,1,2,1,1.3,At Risk,22,United Kingdom,1.8636363636363635,4.309521447704502,0
17655,11,7,2638.94,4,4,4,4.0,Champions,66,United Kingdom,12.263736263736265,28.021256487102697,355
17656,73,5,1674.69,2,4,4,3.2,Loyal,67,United Kingdom,17.0609756097561,13.916274040948469,55
17658,26,2,595.42,3,3,2,2.7,Loyal,17,United Kingdom,32.421052631578945,16.77886487318938,185
17659,17,12,2999.46,4,4,4,4.0,Champions,127,United Kingdom,9.651898734177216,8.15502008928337,354
17660,141,1,196.0,2,2,1,1.7,Needs Attention,37,United Kingdom,2.888888888888889,7.474458191235353,0
17663,26,7,1802.91,3,4,4,3.6000000000000005,Champions,63,United Kingdom,9.267441860465116,10.194013742550602,261
17664,19,2,604.64,3,3,2,2.7,Loyal,41,United Kingdom,14.046511627906977,5.805649375678071,193
17666,4,2,728.16,4,3,3,3.4,Loyal,14,United Kingdom,33.111111111111114,33.63322656855516,61
17667,66,5,2055.51,2,4,4,3.2,Loyal,85,United Kingdom,8.905172413793103,6.786684596958275,232
17668,1,2,347.75,4,3,2,3.1,Loyal,14,United Kingdom,6.2,9.649309128982583,36
17669,43,7,3406.7200000000003,3,4,4,3.6000000000000005,Champions,45,United Kingdom,28.176470588235293,55.52925313579447,206
17670,228,1,205.7,1,2,1,1.3,At Risk,11,United Kingdom,10.0,5.739512174392524,0
17671,16,4,1572.71,4,3,3,3.4,Loyal,40,United Kingdom,14.566037735849056,34.426971773396104,349
17672,50,2,3178.17,3,3,4,3.3,Loyal,105,United Kingdom,15.363636363636363,30.506014241934448,259
17673,2,6,1629.12,4,4,3,3.6999999999999997,Champions,118,United Kingdom,6.5506607929515415,8.012553200758093,318
17674,74,2,551.04,2,3,2,2.3,Needs Attention,19,United Kingdom,24.88888888888889,30.900415398419355,294
17675,1,31,20374.28,4,4,4,4.0,Champions,239,United Kingdom,11.858156028368795,20.651981336935183,366
17676,4,6,1387.68,4,4,3,3.6999999999999997,Champions,49,United Kingdom,11.948717948717949,8.858483170155266,362
17677,2,30,16363.23,4,4,4,4.0,Champions,178,United Kingdom,32.1546052631579,63.74971870491947,367
17678,264,1,298.11,1,2,1,1.3,At Risk,16,United Kingdom,12.9375,6.678851416972831,0
17679,53,2,1992.1100000000001,2,3,4,2.9,Loyal,29,United Kingdom,24.3,35.523218097787655,32
17680,24,1,184.4,3,2,1,2.1,Needs Attention,11,United Kingdom,8.727272727272727,8.7460016838865,0
17682,10,6,2474.33,4,4,4,4.0,Champions,48,United Kingdom,11.584745762711865,7.96539124903815,358
17684,44,1,239.41,3,2,1,2.1,Needs Attention,15,United Kingdom,9.666666666666666,5.447954356147512,0
17685,17,7,3191.53,4,4,4,4.0,Champions,88,United Kingdom,15.046153846153846,29.91018048834806,355
17686,7,7,5739.46,4,4,4,4.0,Champions,205,United Kingdom,8.664335664335665,10.032774240440018,295
17690,30,15,4757.95,3,4,4,3.6000000000000005,Champions,186,United Kingdom,6.92578125,20.278548277214306,342
17691,358,2,290.40000000000003,1,3,1,1.5999999999999999,Needs Attention,18,United Kingdom,7.052631578947368,2.1007969804853537,10
17692,127,4,740.9399999999999,2,3,3,2.5999999999999996,Loyal,34,United Kingdom,14.608695652173912,9.56414913094907,232
17693,137,1,200.47,2,2,1,1.7,Needs Attention,16,United Kingdom,14.4375,4.770877583492021,0
17694,142,1,283.12,2,2,1,1.7,Needs Attention,15,United Kingdom,12.266666666666667,9.731860684419624,0
17695,132,2,765.34,2,3,3,2.5999999999999996,Loyal,30,United Kingdom,22.257142857142856,19.574073454358928,39
17696,38,8,2285.71,3,4,4,3.6000000000000005,Champions,78,United Kingdom,15.269565217391305,16.984639864738345,326
17697,236,1,338.95,1,2,2,1.6,Needs Attention,19,United Kingdom,4.894736842105263,6.3940636302434735,0
17698,261,1,154.95,1,2,1,1.3,At Risk,8,United Kingdom,11.625,5.525585780194324,0
17700,17,4,2534.64,4,3,4,3.7,Champions,116,United Kingdom,8.915492957746478,10.964102798442184,264
17701,253,1,417.95,1,2,2,1.6,Needs Attention,24,United Kingdom,4.541666666666667,3.679717592149025,0
17702,30,4,1824.37,3,3,4,3.3,Loyal,58,United Kingdom,18.283783783783782,37.85743952779808,175
17703,35,3,798.74,3,3,3,3.0,Loyal,47,United Kingdom,10.727272727272727,6.090084296133078,103
17704,169,2,885.19,1,3,3,2.1999999999999997,Needs Attention,27,United Kingdom,11.064516129032258,20.546334926811916,71
17705,3,9,1823.52,4,4,4,4.0,Champions,63,United Kingdom,9.349514563106796,7.993820828920839,298
17706,4,17,10504.49,4,4,4,4.0,Champions,270,United Kingdom,10.206806282722512,19.600741416899307,362
17707,185,2,152.4,1,3,1,1.5999999999999999,Needs Attention,3,United Kingdom,28.8,18.76451438220558,151
17708,188,2,267.08,1,3,1,1.5999999999999999,Needs Attention,28,United Kingdom,2.6,8.416433634625204,137
17709,170,1,137.45,1,2,1,1.3,At Risk,7,United Kingdom,2.4285714285714284,13.755959747375993,0
17711,11,2,385.1,4,3,2,3.1,Loyal,22,United Kingdom,10.695652173913043,7.200521198746439,279
17712,45,1,522.91,3,2,2,2.4000000000000004,Needs Attention,29,United Kingdom,7.413793103448276,12.815959560568537,0
17714,321,1,153.0,1,2,1,1.3,At Risk,10,United Kingdom,9.2,0.848528137423858,0
17715,201,1,326.4,1,2,2,1.6,Needs Attention,1,United Kingdom,384.0,0.0,0
17716,23,11,5655.99,3,4,4,3.6000000000000005,Champions,171,United Kingdom,12.538775510204081,17.541695084863314,245
17718,232,1,139.35,1,2,1,1.3,At Risk,6,United Kingdom,13.833333333333334,6.685637591135194,0
17719,38,15,5396.04,3,4,4,3.6000000000000005,Champions,111,United Kingdom,9.0,11.553176988001285,217
17720,26,4,1195.94,3,3,3,3.0,Loyal,39,United Kingdom,11.52,21.67795425245262,341
17722,96,4,2424.04,2,3,4,2.9,Loyal,111,United Kingdom,13.869565217391305,28.886355058636386,270
17723,127,6,3276.4000000000005,2,4,4,3.2,Loyal,4,United Kingdom,79.2,295.3639908843174,87
17724,71,3,1033.0,2,3,3,2.5999999999999996,Loyal,38,United Kingdom,7.5,14.356232453412359,67
17725,16,11,3439.08,4,4,4,4.0,Champions,115,United Kingdom,11.260416666666666,10.846018094575232,250
17727,15,1,1060.25,4,2,3,3.1,Loyal,66,United Kingdom,9.772727272727273,4.091509831830139,0
17728,4,3,2876.01,4,3,4,3.7,Champions,153,United Kingdom,8.903030303030302,4.475032755147748,82
17730,3,13,5298.4800000000005,4,4,4,4.0,Champions,127,United Kingdom,16.40366972477064,25.6017361387047,323
17731,79,4,1240.11,2,3,3,2.5999999999999996,Loyal,54,United Kingdom,7.358208955223881,6.887570872174173,104
17732,373,1,303.97,1,2,1,1.3,At Risk,18,United Kingdom,5.166666666666667,2.574638308248492,0
17733,39,2,692.19,3,3,3,3.0,Loyal,33,United Kingdom,13.228571428571428,16.16155346556042,222
17734,54,3,700.63,2,3,3,2.5999999999999996,Loyal,40,United Kingdom,9.813953488372093,7.951112837134009,180
17735,2,19,13110.02,4,4,4,4.0,Champions,319,United Kingdom,12.230434782608695,8.730463556041435,365
17736,9,3,377.44,4,3,2,3.1,Loyal,24,United Kingdom,9.52,8.855617463885094,104
17737,9,2,168.24,4,3,1,2.8,Loyal,8,United Kingdom,10.8,5.304409486455584,49
17738,19,4,1879.05,3,3,4,3.3,Loyal,89,United Kingdom,10.608247422680412,13.116905732712237,262
17739,12,7,2791.35,4,4,4,4.0,Champions,29,United Kingdom,18.319148936170212,43.25527240833578,348
17742,113,2,355.11,2,3,2,2.3,Needs Attention,13,United Kingdom,5.933333333333334,14.105812783590826,219
17744,4,6,2322.4,4,4,4,4.0,Champions,110,United Kingdom,25.08823529411765,11.197382467239699,354
17746,240,1,110.25,1,2,1,1.3,At Risk,6,United Kingdom,4.833333333333333,8.355701646181487,0
17747,113,1,71.4,2,2,1,1.7,Needs Attention,1,United Kingdom,12.0,0.0,0
17749,178,2,674.52,1,3,3,2.1999999999999997,Needs Attention,33,United Kingdom,9.142857142857142,12.211412405662848,78
17750,5,9,1797.57,4,4,4,4.0,Champions,101,United Kingdom,20.502590673575128,6.886501955325323,158
17752,359,1,80.64,1,2,1,1.3,At Risk,1,United Kingdom,192.0,0.0,0
17754,1,5,1772.26,4,4,4,4.0,Champions,82,United Kingdom,20.315217391304348,34.79911432235942,259
17757,1,30,5605.29,4,4,4,4.0,Champions,275,United Kingdom,4.480431848852901,12.438371967816384,370
17758,19,8,3456.7000000000003,3,4,4,3.6000000000000005,Champions,310,United Kingdom,5.075242718446602,6.194452191585806,230
17759,17,3,834.99,4,3,3,3.4,Loyal,82,United Kingdom,7.4526315789473685,8.553414748051427,152
17760,22,2,287.59,3,3,1,2.4,Needs Attention,25,United Kingdom,9.56,9.749326421177344,351
17761,33,1,712.78,3,2,3,2.7,Loyal,19,United Kingdom,20.94736842105263,42.75931586195523,0
17763,263,1,15.0,1,2,1,1.3,At Risk,1,United Kingdom,12.0,0.0,0
17764,51,2,818.8199999999999,2,3,3,2.5999999999999996,Loyal,71,United Kingdom,5.266666666666667,10.466676056689426,160
17765,159,3,371.88,1,3,2,1.9,Needs Attention,51,United Kingdom,2.526315789473684,4.530273543999153,98
17767,15,1,271.2,4,2,1,2.5,Needs Attention,21,United Kingdom,6.095238095238095,6.66259827051622,0
17768,8,3,2273.1800000000003,4,3,4,3.7,Champions,77,United Kingdom,11.295238095238096,19.52536394158332,157
17769,13,10,3997.98,4,4,4,4.0,Champions,200,United Kingdom,6.006451612903226,11.285917083419577,308
17770,199,5,1143.27,1,4,3,2.5,Needs Attention,33,United Kingdom,9.605263157894736,26.8693632972044,83
17771,57,2,245.81,2,3,1,2.0,Needs Attention,51,United Kingdom,5.314814814814815,3.2050022103601887,266
17772,11,2,182.77,4,3,1,2.8,Loyal,50,United Kingdom,1.0943396226415094,2.988563712288779,0
17774,97,4,1225.41,2,3,3,2.5999999999999996,Loyal,123,United Kingdom,3.282051282051282,5.2380679116111235,208
17775,255,1,56.4,1,2,1,1.3,At Risk,3,United Kingdom,24.0,2.771281292110202,0
17777,25,3,665.86,3,3,2,2.7,Loyal,141,United Kingdom,2.61340206185567,2.636534271359101,75
17779,21,3,658.57,3,3,2,2.7,Loyal,73,United Kingdom,4.841463414634147,8.758044592935104,122
17781,159,2,188.02,1,3,1,1.5999999999999999,Needs Attention,12,United Kingdom,2.8333333333333335,25.36669392345129,93
17783,72,2,283.47,2,3,1,2.0,Needs Attention,67,United Kingdom,5.2835820895522385,3.060132563648324,175
17785,53,1,131.94,2,2,1,1.7,Needs Attention,13,United Kingdom,5.153846153846154,5.755990302195997,0
17786,85,2,278.74,2,3,1,2.0,Needs Attention,57,United Kingdom,2.7777777777777777,3.003176396143536,231
17787,153,4,1865.19,1,3,4,2.5,Needs Attention,94,United Kingdom,6.791044776119403,9.902981718347592,218
17788,74,2,1117.9,2,3,3,2.5999999999999996,Loyal,3,United Kingdom,42.2,356.5104041258824,55
17789,281,1,225.9,1,2,1,1.3,At Risk,14,United Kingdom,5.285714285714286,9.790643661001218,0
17790,27,14,1965.55,3,4,4,3.6000000000000005,Champions,121,United Kingdom,4.4,7.684545457532861,338
17791,30,1,106.1,3,2,1,2.1,Needs Attention,10,United Kingdom,4.6,5.5800637192698,0
17793,25,1,323.04,3,2,2,2.4000000000000004,Needs Attention,49,United Kingdom,4.0,6.353738494891335,0
17795,180,2,350.39,1,3,2,1.9,Needs Attention,43,United Kingdom,7.413043478260869,6.1057883877308425,85
17796,40,4,697.9,3,3,3,3.0,Loyal,63,United Kingdom,2.1707317073170733,7.47504087436797,329
17797,22,3,780.43,3,3,3,3.0,Loyal,102,United Kingdom,4.486486486486487,5.94461812360934,160
17799,22,10,3055.93,3,4,4,3.6000000000000005,Champions,280,United Kingdom,4.3088235294117645,6.247935462406389,339
17800,37,9,1199.01,3,4,3,3.3000000000000003,Loyal,51,United Kingdom,7.076923076923077,11.363666757318985,296
17802,82,3,1285.04,2,3,3,2.5999999999999996,Loyal,102,United Kingdom,5.371428571428571,10.265300430532236,290
17805,74,1,512.31,2,2,2,2.0,Needs Attention,10,United Kingdom,47.8,56.833873790196634,0
17806,11,1,546.04,4,2,2,2.8000000000000003,Loyal,43,United Kingdom,16.906976744186046,10.213704281478961,0
17809,16,12,5411.91,4,4,4,4.0,Champions,46,United Kingdom,33.721311475409834,100.80640238417074,357
17811,4,39,7837.7300000000005,4,4,4,4.0,Champions,359,United Kingdom,4.90834312573443,14.855588902716237,329
17812,13,4,732.16,4,3,3,3.4,Loyal,113,United Kingdom,2.482269503546099,5.452685923389377,355
17813,14,5,1770.8799999999999,4,4,4,4.0,Champions,297,United Kingdom,2.129380053908356,5.005502311278361,57
17816,37,4,36.56,3,3,1,2.4,Needs Attention,16,United Kingdom,1.7647058823529411,1.3107558439133282,328
17817,4,3,387.68,4,3,2,3.1,Loyal,32,United Kingdom,2.0303030303030303,33.803198236037495,272
17819,72,7,3704.87,2,4,4,3.2,Loyal,36,United Kingdom,21.479166666666668,90.1098367830175,299
17824,51,1,298.4,2,2,1,1.7,Needs Attention,13,United Kingdom,31.384615384615383,10.316366881854563,0
17827,5,5,1995.46,4,4,4,4.0,Champions,190,United Kingdom,5.668181818181818,8.535989504460359,359
17828,23,4,1820.09,3,3,4,3.3,Loyal,54,Malta,9.955223880597014,56.505737367145244,162
17829,299,1,889.24,1,2,3,1.9,Needs Attention,30,United Arab Emirates,16.533333333333335,13.052573727795611,0
17830,2,3,398.7,4,3,2,3.1,Loyal,18,United Kingdom,4.0,4.25834567703684,287
17831,33,1,35.400000000000006,3,2,1,2.1,Needs Attention,2,United Kingdom,6.0,0.0,0
17832,50,1,155.37,3,2,1,2.1,Needs Attention,61,United Kingdom,3.4098360655737703,3.1099331955645475,0
17835,3,3,350.64,4,3,2,3.1,Loyal,45,United Kingdom,5.704918032786885,5.665864014192576,20
17836,47,1,110.21000000000001,3,2,1,2.1,Needs Attention,23,United Kingdom,3.6666666666666665,6.718882528184001,0
17837,42,8,1593.38,3,4,3,3.3000000000000003,Loyal,110,United Kingdom,3.06508875739645,8.447104886673861,120
17838,27,5,2779.3,3,4,4,3.6000000000000005,Champions,96,United Kingdom,15.52892561983471,16.241903228866615,345
17839,42,1,338.8,3,2,2,2.4000000000000004,Needs Attention,50,United Kingdom,5.089285714285714,4.831014574412068,0
17841,2,124,40991.57,4,4,4,4.0,Champions,1323,United Kingdom,2.9401044985344718,9.941529083347998,371
17843,303,1,205.48,1,2,1,1.3,At Risk,36,United Kingdom,3.054054054054054,3.7100443365246965,0
17844,107,1,51.559999999999995,2,2,1,1.7,Needs Attention,5,Canada,10.4,3.8029882986935424,0
17846,85,1,2033.1,2,2,4,2.5999999999999996,Loyal,1,United Kingdom,1.0,0.0,0
17848,81,9,901.1999999999999,2,4,3,2.9,Loyal,41,United Kingdom,7.803921568627451,27.503186899831423,276
17849,218,4,605.8000000000001,1,3,2,1.9,Needs Attention,14,United Kingdom,4.384615384615385,26.42219143068947,115
17850,372,34,5391.21,1,4,4,2.8,Loyal,21,United Kingdom,5.835016835016835,12.725234630308254,1
17852,12,2,114.34,4,3,1,2.8,Loyal,21,United Kingdom,2.2083333333333335,2.282854652035219,0
17854,185,2,311.26,1,3,2,1.9,Needs Attention,15,United Kingdom,5.6,30.825544941693746,41
17855,373,1,208.97,1,2,1,1.3,At Risk,17,United Kingdom,11.588235294117647,6.298406077544307,0
17856,2,4,1418.03,4,3,3,3.4,Loyal,12,United Kingdom,56.13333333333333,120.1773804998658,279
17857,4,23,26879.04,4,4,4,4.0,Champions,19,United Kingdom,356.5925925925926,439.8670997231641,361
17858,6,12,5155.66,4,4,4,4.0,Champions,101,United Kingdom,13.597989949748744,35.35198684077281,363
17859,305,1,148.21,1,2,1,1.3,At Risk,23,United Kingdom,5.08,9.051287514307932,0
17860,369,1,252.8,1,2,1,1.3,At Risk,49,United Kingdom,1.793103448275862,5.401330391112026,0
17861,3,8,2100.8,4,4,4,4.0,Champions,172,United Kingdom,8.954954954954955,9.215787633534767,316
17862,324,1,330.9,1,2,2,1.6,Needs Attention,11,United Kingdom,9.090909090909092,30.89274407306085,0
17863,59,6,3160.0,2,4,4,3.2,Loyal,110,United Kingdom,17.824324324324323,14.967638044715583,310
17864,13,3,597.5,4,3,2,3.1,Loyal,70,United Kingdom,7.9411764705882355,4.473877895148124,262
17865,31,20,10526.32,3,4,4,3.6000000000000005,Champions,191,United Kingdom,15.55945945945946,33.09953955878967,333
17866,143,1,329.65,1,2,2,1.6,Needs Attention,9,United Kingdom,19.333333333333332,20.12993900746956,0
17867,30,6,1197.1000000000001,3,4,3,3.3000000000000003,Loyal,62,United Kingdom,6.860759493670886,68.2623057666172,258
17869,107,5,428.18,2,4,2,2.6,Loyal,37,United Kingdom,2.775,9.790084190727804,260
17870,2,12,1894.35,4,4,4,4.0,Champions,214,United Kingdom,5.021505376344086,20.43742097752499,364
17871,205,1,155.9,1,2,1,1.3,At Risk,10,United Kingdom,18.2,8.06011441881841,0
17873,80,5,1859.16,2,4,4,3.2,Loyal,24,United Kingdom,23.795454545454547,30.36608543439342,293
17874,185,6,683.46,1,4,3,2.5,Needs Attention,37,United Kingdom,4.804347826086956,15.39002070795567,70
17877,170,1,237.61,1,2,1,1.3,At Risk,12,United Kingdom,8.166666666666666,24.908401451694726,0
17878,44,1,379.45,3,2,2,2.4000000000000004,Needs Attention,26,United Kingdom,15.423076923076923,10.484698249573775,0
17879,174,1,178.51999999999998,1,2,1,1.3,At Risk,6,United Kingdom,7.5,49.64152522502372,0
17880,365,1,458.92,1,2,2,1.6,Needs Attention,26,United Kingdom,12.076923076923077,5.791589020693317,0
17881,304,1,133.35000000000002,1,2,1,1.3,At Risk,8,United Kingdom,4.0,18.385862921199617,0
17883,3,4,671.77,4,3,2,3.1,Loyal,133,United Kingdom,2.613793103448276,6.296976227307809,242
17884,4,4,717.45,4,3,3,3.4,Loyal,107,United Kingdom,7.299145299145299,6.955850866228341,367
17885,12,1,190.19,4,2,1,2.5,Needs Attention,50,United Kingdom,2.609375,2.3529121130433985,0
17886,32,3,899.61,3,3,3,3.0,Loyal,93,United Kingdom,4.412844036697248,16.582913677272238,217
17887,129,1,111.35,2,2,1,1.7,Needs Attention,10,United Kingdom,3.0,11.557129834002904,0
17888,21,8,726.05,3,4,3,3.3000000000000003,Loyal,60,United Kingdom,14.626865671641792,10.66337992244582,335
17889,212,2,203.87,1,3,1,1.5999999999999999,Needs Attention,20,United Kingdom,3.761904761904762,11.566794118962964,109
17890,323,2,602.09,1,3,2,1.9,Needs Attention,88,United Kingdom,4.425531914893617,4.90960452795442,38
17891,162,1,203.85999999999999,1,2,1,1.3,At Risk,34,United Kingdom,11.558823529411764,4.221797059308059,0
17892,56,3,244.1,2,3,1,2.0,Needs Attention,27,United Kingdom,3.892857142857143,16.798082641280235,99
17893,225,1,112.25,1,2,1,1.3,At Risk,15,United Kingdom,10.0625,5.676725545300448,0
17894,72,8,1119.81,2,4,3,2.9,Loyal,127,United Kingdom,2.098445595854922,11.316411116948219,294
17895,44,1,98.0,3,2,1,2.1,Needs Attention,15,United Kingdom,8.125,4.049898764166828,0
17896,23,1,256.32,3,2,1,2.1,Needs Attention,2,United Kingdom,144.0,34.61994800689339,0
17897,173,3,566.6,1,3,2,1.9,Needs Attention,100,United Kingdom,2.008771929824561,8.324933440160843,200
17898,85,2,152.06,2,3,1,2.0,Needs Attention,27,United Kingdom,6.785714285714286,4.342370003658975,121
17899,159,1,155.8,1,2,1,1.3,At Risk,29,United Kingdom,5.34375,4.861810860030414,0
17900,190,2,112.19999999999999,1,3,1,1.5999999999999999,Needs Attention,4,United Kingdom,12.166666666666666,7.945564800566413,0
17901,29,1,110.38,3,2,1,2.1,Needs Attention,19,United Kingdom,1.263157894736842,4.635993808935817,0
17904,21,1,191.67,3,2,1,2.1,Needs Attention,33,United Kingdom,1.6578947368421053,5.970861017847623,0
17905,71,4,800.24,2,3,3,2.5999999999999996,Loyal,33,United Kingdom,11.970588235294118,42.11564107940673,302
17906,247,1,72.9,1,2,1,1.3,At Risk,12,United Kingdom,2.1666666666666665,4.138263799315756,0
17908,374,1,243.28,1,2,1,1.3,At Risk,51,United Kingdom,2.9827586206896552,3.4974608194957737,0
17911,9,1,366.23,4,2,2,2.8000000000000003,Loyal,39,United Kingdom,5.717948717948718,8.266781002974925,0
17912,310,5,311.01,1,4,2,2.2,Needs Attention,35,United Kingdom,4.868421052631579,5.822364012021058,54
17913,59,2,411.6,2,3,2,2.3,Needs Attention,55,United Kingdom,4.898305084745763,6.696646072090498,296
17914,4,1,336.43,4,2,2,2.8000000000000003,Loyal,72,United Kingdom,5.9125,5.0518353460820595,0
17917,45,3,341.28,3,3,2,2.7,Loyal,77,United Kingdom,1.9893617021276595,2.6267121639981785,317
17919,88,1,1304.04,2,2,3,2.3,Needs Attention,23,United Kingdom,32.869565217391305,48.64117608638995,0
17920,4,17,4204.1,4,4,4,4.0,Champions,407,United Kingdom,3.6149425287356323,8.370918354927017,369
17921,64,4,826.52,2,3,3,2.5999999999999996,Loyal,114,United Kingdom,2.9655172413793105,4.491921450134257,202
17923,282,1,207.50000000000003,1,2,1,1.3,At Risk,1,United Kingdom,50.0,0.0,0
17924,12,7,2962.5,4,4,4,4.0,Champions,26,United Kingdom,37.41935483870968,79.48596248557392,361
17925,373,1,244.08,1,2,1,1.3,At Risk,1,United Kingdom,72.0,0.0,0
17926,133,2,397.29,2,3,2,2.3,Needs Attention,17,United Kingdom,14.571428571428571,8.725924756559781,70
17928,45,2,212.54,3,3,1,2.4,Needs Attention,23,United Kingdom,6.086956521739131,15.09567876550453,200
17929,11,4,843.0,4,3,3,3.4,Loyal,4,United Kingdom,21.6,81.58256553945824,297
17930,36,5,1740.48,3,4,4,3.6000000000000005,Champions,26,United Kingdom,40.87179487179487,51.22499628632893,203
17931,134,2,408.36,2,3,2,2.3,Needs Attention,63,United Kingdom,3.830769230769231,9.161514276916991,121
17932,29,3,1331.57,3,3,3,3.0,Loyal,84,United Kingdom,8.766666666666667,4.314614628013106,182
17934,52,2,704.25,2,3,3,2.5999999999999996,Loyal,21,United Kingdom,22.761904761904763,26.04195164948829,7
17935,138,2,145.79,2,3,1,2.0,Needs Attention,28,United Kingdom,2.8275862068965516,5.646360962445334,3
17936,5,1,389.84,4,2,2,2.8000000000000003,Loyal,68,United Kingdom,3.4025974025974026,7.37022367316496,0
17937,9,7,4301.22,4,4,4,4.0,Champions,19,United Kingdom,40.7906976744186,59.61362967078013,353
17939,160,1,99.14,1,2,1,1.3,At Risk,12,United Kingdom,3.3333333333333335,7.328686888873853,0
17940,49,10,4106.4400000000005,3,4,4,3.6000000000000005,Champions,6,United Kingdom,513.421052631579,407.4517285283028,253
17941,131,1,304.56,2,2,1,1.7,Needs Attention,2,United Kingdom,126.0,18.4979133958401,0
17942,8,1,77.50000000000001,4,2,1,2.5,Needs Attention,2,United Kingdom,19.0,52.11376977344856,0
17946,233,2,149.57999999999998,1,3,1,1.5999999999999999,Needs Attention,18,United Kingdom,3.75,10.721612653642028,26
17947,37,1,176.68,3,2,1,2.1,Needs Attention,9,United Kingdom,18.666666666666668,14.760173139604802,0
17948,147,1,358.56000000000006,1,2,2,1.6,Needs Attention,1,United Kingdom,144.0,0.0,0
17949,1,45,58510.48,4,4,4,4.0,Champions,29,United Kingdom,436.37142857142857,799.8002500251486,370
17950,72,3,482.2,2,3,2,2.3,Needs Attention,63,United Kingdom,5.154929577464789,7.249767808673465,293
17951,40,3,1008.5400000000001,3,3,3,3.0,Loyal,18,United Kingdom,30.8,49.33678728899968,333
17954,5,12,2332.72,4,4,4,4.0,Champions,326,United Kingdom,4.606185567010309,5.586239488441248,365
17955,199,4,557.3,1,3,2,1.9,Needs Attention,14,United Kingdom,14.368421052631579,35.50395209036717,20
17956,249,1,12.75,1,2,1,1.3,At Risk,1,United Kingdom,1.0,0.0,0
17957,66,1,111.68,2,2,1,1.7,Needs Attention,31,United Kingdom,9.258064516129032,2.984703187635174,0
17958,117,1,508.4599999999999,2,2,2,2.0,Needs Attention,7,United Kingdom,12.0,132.9429789689657,0
17960,171,1,73.78,1,2,1,1.3,At Risk,26,United Kingdom,1.5769230769230769,4.077847773217934,0
17961,21,39,1296.44,3,4,3,3.3000000000000003,Loyal,211,United Kingdom,2.248995983935743,9.175426464201768,350
17962,142,1,102.83,1,2,1,1.3,At Risk,33,United Kingdom,3.657142857142857,2.9394665382364478,0
17964,32,2,471.7,3,3,2,2.7,Loyal,84,United Kingdom,2.894230769230769,5.076298978036433,340
17965,38,14,2622.57,3,4,4,3.6000000000000005,Champions,274,United Kingdom,4.729483282674772,5.297464594763692,331
17966,38,5,1098.43,3,4,3,3.3000000000000003,Loyal,53,United Kingdom,37.80882352941177,21.002102141430676,223
17967,372,1,123.07,1,2,1,1.3,At Risk,41,United Kingdom,1.6666666666666667,2.9948855265896035,0
17968,374,1,277.35,1,2,1,1.3,At Risk,74,United Kingdom,1.8823529411764706,2.8522363087206344,0
17969,166,2,228.2,1,3,1,1.5999999999999999,Needs Attention,14,United Kingdom,10.857142857142858,19.697891335798435,194
17970,211,1,582.59,1,2,2,1.6,Needs Attention,27,United Kingdom,16.93548387096774,19.124615619160693,0
17972,242,1,136.04,1,2,1,1.3,At Risk,30,United Kingdom,1.1935483870967742,3.5015445132819063,0
17973,52,1,337.04,2,2,2,2.0,Needs Attention,15,United Kingdom,11.733333333333333,13.898556691082643,0
17974,25,3,740.79,3,3,3,3.0,Loyal,143,United Kingdom,2.899441340782123,3.994748021709487,194
17975,15,13,4488.81,4,4,4,4.0,Champions,189,United Kingdom,5.297297297297297,22.45339385444689,351
17976,372,1,353.19,1,2,2,1.6,Needs Attention,56,United Kingdom,1.6307692307692307,5.987232919207848,0
17977,29,1,288.14,3,2,1,2.1,Needs Attention,19,United Kingdom,16.285714285714285,16.963752799649583,0
17978,365,1,300.91999999999996,1,2,1,1.3,At Risk,12,United Kingdom,41.583333333333336,42.770763024488694,0
17979,36,4,757.71,3,3,3,3.0,Loyal,116,United Kingdom,2.719178082191781,7.31268349906428,224
17980,166,3,811.45,1,3,3,2.1999999999999997,Needs Attention,23,United Kingdom,22.733333333333334,30.054747411249743,193
17984,145,1,152.68,1,2,1,1.3,At Risk,48,United Kingdom,2.0416666666666665,3.4486771027258047,0
17985,22,1,634.95,3,2,2,2.4000000000000004,Needs Attention,20,United Kingdom,7.956521739130435,19.884354884430135,0
17986,56,1,20.8,2,2,1,1.7,Needs Attention,1,United Kingdom,10.0,0.0,0
17987,185,1,198.57,1,2,1,1.3,At Risk,13,United Kingdom,20.076923076923077,10.508481190118623,0
17988,12,7,201.12,4,4,1,3.0999999999999996,Loyal,37,United Kingdom,1.131578947368421,6.62668180966488,314
17990,237,3,630.84,1,3,2,1.9,Needs Attention,27,United Kingdom,14.275862068965518,10.80492483726362,124
17991,225,2,93.35,1,3,1,1.5999999999999999,Needs Attention,4,United Kingdom,5.0,24.56884714430044,0
17994,122,4,678.49,2,3,3,2.5999999999999996,Loyal,63,United Kingdom,6.135802469135802,9.460883720435683,169
17995,282,1,76.1,1,2,1,1.3,At Risk,2,United Kingdom,66.5,20.435385976291226,0
17997,74,8,1970.6699999999998,2,4,4,3.2,Loyal,133,United Kingdom,13.843373493975903,17.69701925312334,89
17999,37,2,382.06,3,3,2,2.7,Loyal,87,United Kingdom,2.3763440860215055,3.749599383307084,329
18001,12,2,417.23,4,3,2,3.1,Loyal,56,United Kingdom,6.258620689655173,8.002172226641187,74
18004,362,1,169.47,1,2,1,1.3,At Risk,32,United Kingdom,1.95,3.5254142418903167,0
18005,4,2,249.72,4,3,1,2.8,Loyal,52,United Kingdom,1.55,4.789949506120753,43
18006,23,1,444.68,3,2,2,2.4000000000000004,Needs Attention,21,United Kingdom,10.0,22.904088672594636,0
18008,70,9,2116.19,2,4,4,3.2,Loyal,24,United Kingdom,52.7,160.85357817042768,248
18009,235,1,257.34,1,2,1,1.3,At Risk,31,United Kingdom,3.9375,5.598423993382193,0
18010,257,1,174.8,1,2,1,1.3,At Risk,14,United Kingdom,4.285714285714286,16.06077913345509,0
18011,373,1,102.78999999999999,1,2,1,1.3,At Risk,28,United Kingdom,2.5357142857142856,2.6307023978055946,0
18013,155,2,187.29,1,3,1,1.5999999999999999,Needs Attention,31,United Kingdom,9.193548387096774,5.39327426632727,0
18014,28,1,166.42,3,2,1,2.1,Needs Attention,29,United Kingdom,2.125,5.427616917508623,0
18015,4,1,120.03,4,2,1,2.5,Needs Attention,46,United Kingdom,3.4130434782608696,1.82590422308621,0
18016,32,5,1483.56,3,4,3,3.3000000000000003,Loyal,90,United Kingdom,8.365853658536585,8.45682464561997,331
18017,81,3,523.0,2,3,2,2.3,Needs Attention,1,United Kingdom,100.0,8.08290376865476,229
18018,108,2,122.14,2,3,1,2.0,Needs Attention,29,United Kingdom,1.896551724137931,5.874686659708218,91
18019,52,1,38.45,2,2,1,1.7,Needs Attention,5,United Kingdom,1.4,3.0784330429619544,0
18022,36,1,668.11,3,2,2,2.4000000000000004,Needs Attention,141,United Kingdom,3.8534031413612566,3.608782929162597,0
18024,153,2,389.78,1,3,2,1.9,Needs Attention,21,United Kingdom,8.761904761904763,37.37916784851716,0
18027,99,1,115.31,2,2,1,1.7,Needs Attention,21,United Kingdom,3.7142857142857144,4.377776724276725,0
18030,4,2,230.64999999999998,4,3,1,2.8,Loyal,8,United Kingdom,7.444444444444445,32.31839753831313,38
18032,334,1,73.5,1,2,1,1.3,At Risk,5,United Kingdom,8.4,3.0149626863362657,0
18033,65,1,97.97,2,2,1,1.7,Needs Attention,32,United Kingdom,7.4411764705882355,1.8659827735619496,0
18034,22,2,422.88,3,3,2,2.7,Loyal,99,United Kingdom,5.008928571428571,4.309710325393471,0
18035,36,3,730.4,3,3,3,3.0,Loyal,44,United Kingdom,11.528301886792454,18.762446705748875,7
18036,32,3,405.62,3,3,2,2.7,Loyal,77,United Kingdom,2.4375,4.7332069865148485,213
18037,154,6,70.02,1,4,1,1.9000000000000001,Needs Attention,19,United Kingdom,1.0526315789473684,4.529988187893666,207
18040,19,2,357.20000000000005,3,3,2,2.7,Loyal,18,United Kingdom,7.7894736842105265,5.207126526854007,226
18041,12,21,4183.39,4,4,4,4.0,Champions,285,United Kingdom,8.091101694915254,12.18800533902065,361
18042,54,1,165.04999999999998,2,2,1,1.7,Needs Attention,7,United Kingdom,4.714285714285714,22.609748213673548,0
18043,25,3,559.51,3,3,2,2.7,Loyal,106,United Kingdom,2.330578512396694,3.9017576335356856,342
18044,4,10,2088.6,4,4,4,4.0,Champions,88,United Kingdom,8.133858267716535,8.976947159388997,356
18045,45,1,189.4,3,2,1,2.1,Needs Attention,43,United Kingdom,3.021276595744681,3.115201500469775,0
18048,203,2,172.29000000000002,1,3,1,1.5999999999999999,Needs Attention,6,United Kingdom,18.142857142857142,27.134283796386764,0
18050,359,1,74.4,1,2,1,1.3,At Risk,5,United Kingdom,8.0,5.454081040835385,0
18053,71,1,300.02,2,2,1,1.7,Needs Attention,20,United Kingdom,15.1,7.205680434651248,0
18055,7,10,6784.1900000000005,4,4,4,4.0,Champions,223,United Kingdom,6.819444444444445,12.434635315560369,362
18056,288,1,363.65,1,2,2,1.6,Needs Attention,19,United Kingdom,11.105263157894736,9.224794170353078,0
18058,10,1,170.16,4,2,1,2.5,Needs Attention,3,United Kingdom,29.333333333333332,43.09342409231367,0
18059,23,3,306.46,3,3,1,2.4,Needs Attention,17,United Kingdom,14.333333333333334,9.900048260263965,44
18061,22,10,2119.41,3,4,4,3.6000000000000005,Champions,18,United Kingdom,20.76086956521739,41.06130590422553,344
18062,173,3,720.52,1,3,3,2.1999999999999997,Needs Attention,23,United Kingdom,14.666666666666666,13.900011139801641,164
18064,133,2,814.0,2,3,3,2.5999999999999996,Loyal,7,United Kingdom,54.857142857142854,94.3635951796989,102
18065,6,14,2392.83,4,4,4,4.0,Champions,110,United Kingdom,7.4963503649635035,5.366525269004106,358
18066,75,1,318.0,2,2,2,2.0,Needs Attention,10,United Kingdom,10.8,16.739772997266126,0
18067,40,1,396.33,3,2,2,2.4000000000000004,Needs Attention,36,United Kingdom,5.108108108108108,9.579598551526487,0
18068,289,1,101.69999999999999,1,2,1,1.3,At Risk,1,United Kingdom,6.0,0.0,0
18069,26,5,2036.67,3,4,4,3.6000000000000005,Champions,334,United Kingdom,2.7893617021276595,4.2597992523878085,301
18071,258,2,453.0,1,3,2,1.9,Needs Attention,23,United Kingdom,10.4,8.366189395417726,108
18072,186,1,247.44,1,2,1,1.3,At Risk,18,United Kingdom,16.0,10.213338452873339,0
18073,114,12,3877.5200000000004,2,4,4,3.2,Loyal,23,United Kingdom,42.57534246575342,70.72807779829094,82
18074,374,1,489.6,1,2,2,1.6,Needs Attention,13,United Kingdom,14.615384615384615,28.25437395229095,0
18075,23,10,2611.75,3,4,4,3.6000000000000005,Champions,97,United Kingdom,10.309859154929578,9.298274657281187,337
18077,8,11,2633.0099999999998,4,4,4,4.0,Champions,101,United Kingdom,8.273127753303966,10.321798811847327,358
18078,217,2,336.13,1,3,2,1.9,Needs Attention,27,United Kingdom,5.0,16.655447613969276,41
18079,45,4,3651.97,3,3,4,3.3,Loyal,99,United Kingdom,58.51968503937008,35.42189878642583,193
18080,19,2,1231.5,3,3,3,3.0,Loyal,2,United Kingdom,321.0,319.25871170572617,223
18081,36,3,343.45,3,3,2,2.7,Loyal,14,United Kingdom,11.470588235294118,7.8811593093163355,97
18082,26,1,703.37,3,2,3,2.7,Loyal,62,United Kingdom,8.506849315068493,8.061526790459911,0
18084,16,1,90.47999999999999,4,2,1,2.5,Needs Attention,1,United Kingdom,312.0,0.0,0
18085,330,2,689.95,1,3,3,2.1999999999999997,Needs Attention,25,United Kingdom,9.137931034482758,17.99679569180063,43
18086,274,1,101.34,1,2,1,1.3,At Risk,7,United Kingdom,15.142857142857142,4.757526368067459,0
18087,98,2,4055.7199999999993,2,3,4,2.9,Loyal,2,United Kingdom,1953.5,1661.7857886021288,192
18088,61,1,167.67000000000002,2,2,1,1.7,Needs Attention,35,United Kingdom,2.7948717948717947,5.142822481568179,0
18092,2,11,9068.26,4,4,4,4.0,Champions,28,United Kingdom,47.7752808988764,79.25682534932577,363
18093,93,4,2106.52,2,3,4,2.9,Loyal,31,United Kingdom,38.666666666666664,39.480018124503324,209
18094,82,7,3017.3,2,4,4,3.2,Loyal,39,United Kingdom,35.97142857142857,54.685455331785626,210
18095,313,2,580.0500000000001,1,3,2,1.9,Needs Attention,20,United Kingdom,19.952380952380953,23.43171233301448,20
18096,12,3,911.15,4,3,3,3.4,Loyal,157,United Kingdom,3.8732394366197185,4.653618582274684,52
18097,8,6,2697.8,4,4,4,4.0,Champions,65,United Kingdom,15.61111111111111,17.762773838592413,346
18099,127,1,168.31,2,2,1,1.7,Needs Attention,19,United Kingdom,7.842105263157895,7.876676726723647,0
18101,11,2,223.65,4,3,1,2.8,Loyal,37,United Kingdom,2.1463414634146343,6.46550621450139,132
18102,1,60,259657.3,4,4,4,4.0,Champions,150,United Kingdom,148.77958236658932,691.620534827144,366
18104,37,1,754.64,3,2,3,2.7,Loyal,38,United Kingdom,9.526315789473685,10.052318487300731,0
18105,38,1,113.48000000000002,3,2,1,2.1,Needs Attention,18,United Kingdom,2.5555555555555554,10.797543414631392,0
18106,330,1,430.7,1,2,2,1.6,Needs Attention,33,United Kingdom,3.282051282051282,14.176872286483377,0
18108,254,1,271.0,1,2,1,1.3,At Risk,17,United Kingdom,4.9411764705882355,3.583828055224158,0
18109,2,26,8052.97,4,4,4,4.0,Champions,119,United Kingdom,9.542792792792794,28.04495860549924,368
18110,20,1,236.3,3,2,1,2.1,Needs Attention,33,United Kingdom,1.8695652173913044,4.234008276675487,0
18112,12,2,352.69,4,3,2,3.1,Loyal,26,United Kingdom,9.807692307692308,7.255446643729109,154
18113,369,1,76.32000000000001,1,2,1,1.3,At Risk,1,United Kingdom,72.0,0.0,0
18114,290,1,220.1,1,2,1,1.3,At Risk,28,United Kingdom,1.9642857142857142,5.671768245129116,0
18116,68,8,1418.03,2,4,3,2.9,Loyal,230,United Kingdom,2.2433862433862433,4.302456936988146,296
18117,26,1,320.72,3,2,2,2.4000000000000004,Needs Attention,68,United Kingdom,8.35135135135135,4.484400333734993,0
18118,11,26,5653.82,4,4,4,4.0,Champions,424,United Kingdom,2.253322908522283,5.255826268538798,358
18119,368,1,181.12,1,2,1,1.3,At Risk,29,United Kingdom,4.166666666666667,10.470114755269194,0
18120,214,1,111.15,1,2,1,1.3,At Risk,17,United Kingdom,1.8235294117647058,4.745409933944218,0
18121,149,2,673.1,1,3,2,1.9,Needs Attention,28,United Kingdom,14.0625,12.177454826374316,5
18122,8,6,1826.21,4,4,4,4.0,Champions,239,United Kingdom,3.39010989010989,4.38214375587605,142
18123,24,2,589.4399999999999,3,3,2,2.7,Loyal,31,United Kingdom,16.5,15.296176366287472,7
18125,30,4,1142.99,3,3,3,3.0,Loyal,164,United Kingdom,4.1020408163265305,5.610285887726213,286
18126,61,1,206.82999999999998,2,2,1,1.7,Needs Attention,52,United Kingdom,2.5714285714285716,4.2974949476032345,0
18127,19,3,348.73,3,3,2,2.7,Loyal,41,United Kingdom,4.0,6.561899409987174,114
18129,243,1,112.55000000000001,1,2,1,1.3,At Risk,13,United Kingdom,3.4285714285714284,7.594055837688717,0
18130,15,3,1059.39,4,3,3,3.4,Loyal,58,United Kingdom,11.771428571428572,4.768056296737832,41
18133,212,1,931.4999999999999,1,2,3,1.9,Needs Attention,1,United Kingdom,1350.0,0.0,0
18135,29,5,681.9100000000001,3,4,3,3.3000000000000003,Loyal,11,United Kingdom,17.45,46.77835649719801,161
18136,63,3,784.33,2,3,3,2.5999999999999996,Loyal,34,United Kingdom,9.973684210526315,11.75043196143136,256
18138,295,1,152.65,1,2,1,1.3,At Risk,8,United Kingdom,4.75,14.55325043467217,0
18139,18,6,8438.34,3,4,4,3.6000000000000005,Champions,35,United Kingdom,34.9496855345912,95.6832470165858,0
18142,157,2,1019.52,1,3,3,2.1999999999999997,Needs Attention,9,United Kingdom,85.06666666666666,63.06398057302033,58
18143,117,2,1000.16,2,3,3,2.5999999999999996,Loyal,59,United Kingdom,9.344262295081966,5.171987779918706,25
18144,8,12,2888.75,4,4,4,4.0,Champions,27,United Kingdom,31.232558139534884,69.31763942647581,365
18145,13,4,2861.55,4,3,4,3.7,Champions,174,United Kingdom,11.877828054298643,6.250643485426157,299
18146,141,2,160.35000000000002,2,3,1,2.0,Needs Attention,10,United Kingdom,15.3,3.4325282227536,79
18147,46,2,179.33999999999997,3,3,1,2.4,Needs Attention,7,United Kingdom,29.0,10.079821426989664,62
18149,51,3,612.0799999999999,2,3,2,2.3,Needs Attention,11,United Kingdom,19.375,32.36531167778243,222
18150,32,3,566.58,3,3,2,2.7,Loyal,29,United Kingdom,8.972972972972974,3.712038123056797,169
18151,135,2,653.35,2,3,2,2.3,Needs Attention,38,United Kingdom,9.342105263157896,5.351678835511687,155
18154,3,2,399.19,4,3,2,3.1,Loyal,15,United Kingdom,12.142857142857142,6.351374579381934,40
18155,75,3,371.62,2,3,2,2.3,Needs Attention,19,United Kingdom,10.64,3.531562590884286,216
18156,13,2,734.94,4,3,3,3.4,Loyal,100,United Kingdom,2.15,4.73000842188682,356
18158,9,2,453.4,4,3,2,3.1,Loyal,24,United Kingdom,10.411764705882353,5.659525751249416,79
18159,301,1,530.15,1,2,2,1.6,Needs Attention,23,United Kingdom,6.043478260869565,33.18929865867228,0
18160,57,2,638.0600000000001,2,3,2,2.3,Needs Attention,37,United Kingdom,7.538461538461538,3.568789378042827,143
18161,15,5,1618.69,4,4,3,3.6999999999999997,Champions,49,United Kingdom,10.15,9.679877894897569,304
18164,37,1,399.65000000000003,3,2,2,2.4000000000000004,Needs Attention,24,United Kingdom,7.666666666666667,4.721941364907361,0
18165,177,1,302.46000000000004,1,2,1,1.3,At Risk,10,United Kingdom,25.4,44.17367949356268,0
18167,23,3,1384.8600000000001,3,3,3,3.0,Loyal,24,United Kingdom,10.324324324324325,16.063205395174638,82
18168,176,6,1169.94,1,4,3,2.5,Needs Attention,97,United Kingdom,4.534351145038168,7.276741667084874,196
18169,61,1,202.65,2,2,1,1.7,Needs Attention,9,United Kingdom,6.777777777777778,16.045014802112213,0
18170,33,3,980.31,3,3,3,3.0,Loyal,29,United Kingdom,10.763157894736842,20.111564971188272,183
18171,59,5,1231.31,2,4,3,2.9,Loyal,43,United Kingdom,8.907407407407407,13.005588113856353,274
18172,15,20,7561.68,4,4,4,4.0,Champions,100,United Kingdom,16.84656084656085,54.79123475222802,275
18173,87,4,2106.84,2,3,4,2.9,Loyal,23,United Kingdom,39.354838709677416,52.24098767364836,187
18174,7,1,104.0,4,2,1,2.5,Needs Attention,1,United Kingdom,50.0,0.0,0
18176,358,1,476.35,1,2,2,1.6,Needs Attention,30,United Kingdom,9.433333333333334,5.288857567359525,0
18177,31,6,1341.42,3,4,3,3.3000000000000003,Loyal,53,United Kingdom,9.594594594594595,11.958750026000885,224
18178,129,4,1590.81,2,3,3,2.5999999999999996,Loyal,80,United Kingdom,10.1340206185567,4.859653085793385,235
18179,9,6,1793.17,4,4,4,4.0,Champions,86,United Kingdom,15.11111111111111,21.804001122072435,327
18180,5,6,1843.75,4,4,4,4.0,Champions,108,United Kingdom,14.46218487394958,6.476330550491604,137
18181,24,1,382.8,3,2,2,2.4000000000000004,Needs Attention,40,United Kingdom,3.3181818181818183,5.6428308086353,0
18183,227,2,632.07,1,3,2,1.9,Needs Attention,36,United Kingdom,10.027027027027026,5.331221386462156,47
18184,15,1,49.8,4,2,1,2.5,Needs Attention,1,United Kingdom,60.0,0.0,0
18185,249,1,304.25,1,2,1,1.3,At Risk,17,United Kingdom,10.764705882352942,7.067873411346834,0
18188,15,3,2001.04,4,3,4,3.7,Champions,63,United Kingdom,16.450704225352112,33.05318593848564,275
18189,78,2,1090.24,2,3,3,2.5999999999999996,Loyal,65,United Kingdom,8.323529411764707,4.914393741575295,190
18190,192,2,284.46000000000004,1,3,1,1.5999999999999999,Needs Attention,14,United Kingdom,9.333333333333334,5.680871160557784,138
18191,262,1,207.79999999999998,1,2,1,1.3,At Risk,7,United Kingdom,20.0,8.210446307688064,0
18192,72,1,957.97,2,2,3,2.3,Needs Attention,45,United Kingdom,7.533333333333333,15.044272285021254,0
18193,165,1,243.76,1,2,1,1.3,At Risk,16,United Kingdom,7.75,5.572483587533779,0
18194,82,1,973.8399999999999,2,2,3,2.3,Needs Attention,7,United Kingdom,90.28571428571429,76.16040616138196,0
18196,95,2,689.13,2,3,3,2.5999999999999996,Loyal,131,United Kingdom,3.0709219858156027,5.15980957625588,195
18198,4,17,5425.56,4,4,4,4.0,Champions,81,United Kingdom,25.62264150943396,49.644769221761145,332
18200,106,1,163.8,2,2,1,1.7,Needs Attention,29,United Kingdom,3.46875,4.087089626238116,0
18202,200,3,1396.99,1,3,3,2.1999999999999997,Needs Attention,55,United Kingdom,8.544117647058824,8.084089983714534,111
18203,157,1,160.42000000000002,1,2,1,1.3,At Risk,19,United Kingdom,2.263157894736842,11.458718200872973,0
18204,71,3,1993.7,2,3,4,2.9,Loyal,159,United Kingdom,6.0,10.006539758562823,121
18205,36,2,517.36,3,3,2,2.7,Loyal,30,United Kingdom,6.0,6.949064917368844,38
18209,29,1,139.10000000000002,3,2,1,2.1,Needs Attention,8,United Kingdom,7.25,3.5501257522998904,0
18210,2,6,2621.38,4,4,4,4.0,Champions,109,United Kingdom,10.432835820895523,9.28938028045132,265
18211,26,5,600.07,3,4,2,3.0000000000000004,Loyal,37,United Kingdom,8.547619047619047,9.755364017791871,252
18212,326,1,248.42,1,2,1,1.3,At Risk,30,United Kingdom,2.3488372093023258,5.582642455726755,0
18213,237,1,232.48000000000002,1,2,1,1.3,At Risk,15,United Kingdom,15.466666666666667,5.390523254043243,0
18215,89,1,299.34000000000003,2,2,1,1.7,Needs Attention,13,United Kingdom,9.076923076923077,10.270402084356729,0
18216,31,1,481.75,3,2,2,2.4000000000000004,Needs Attention,26,United Kingdom,7.6923076923076925,5.880383203107143,0
18217,29,2,621.75,3,3,2,2.7,Loyal,27,United Kingdom,15.838709677419354,8.765195015281403,41
18218,211,2,662.08,1,3,2,1.9,Needs Attention,17,United Kingdom,27.80952380952381,38.51602639223859,70
18219,3,10,2069.77,4,4,4,4.0,Champions,58,United Kingdom,7.7631578947368425,7.050167111733525,366
18220,227,1,305.28000000000003,1,2,1,1.3,At Risk,2,United Kingdom,144.0,0.0,0
18221,22,5,1041.61,3,4,3,3.3000000000000003,Loyal,59,United Kingdom,12.359375,6.450615571016433,189
18222,93,1,443.0,2,2,2,2.0,Needs Attention,19,United Kingdom,17.63157894736842,11.433132804747531,0
18223,5,14,6484.54,4,4,4,4.0,Champions,116,United Kingdom,10.838235294117647,17.005892465523452,353
18224,264,1,158.95000000000002,1,2,1,1.3,At Risk,10,United Kingdom,6.9,3.7425815511043536,0
18225,3,12,5509.12,4,4,4,4.0,Champions,150,United Kingdom,11.970479704797048,16.337236760937163,361
18226,44,11,5228.05,3,4,4,3.6000000000000005,Champions,141,United Kingdom,14.322314049586776,13.443341580131587,293
18227,218,1,93.75,1,2,1,1.3,At Risk,5,United Kingdom,4.2,6.229967897188556,0
18228,57,2,779.9,2,3,3,2.5999999999999996,Loyal,23,United Kingdom,7.933333333333334,13.631995156763479,22
18229,12,20,7276.900000000001,4,4,4,4.0,Champions,66,United Kingdom,15.170731707317072,40.77111211955727,361
18230,9,7,2810.2000000000003,4,4,4,4.0,Champions,32,United Kingdom,15.30232558139535,30.156927579574017,293
18231,192,5,2083.27,1,4,4,2.8,Loyal,106,United Kingdom,6.620967741935484,10.862010871221571,96
18232,82,4,592.97,2,3,2,2.3,Needs Attention,31,United Kingdom,8.162162162162161,5.824822530129782,115
18233,326,1,440.0,1,2,2,1.6,Needs Attention,1,United Kingdom,4.0,0.0,0
18235,72,3,1796.48,2,3,4,2.9,Loyal,100,United Kingdom,15.173076923076923,9.850630388156015,145
18236,30,6,882.24,3,4,3,3.3000000000000003,Loyal,42,United Kingdom,8.224489795918368,6.687098001141508,210
18237,3,5,987.1,4,4,3,3.6999999999999997,Champions,40,United Kingdom,10.19672131147541,5.500773830311554,131
18239,219,5,1561.6100000000001,1,4,3,2.5,Needs Attention,80,United Kingdom,9.034090909090908,7.993373672108947,153
18240,46,1,422.58,3,2,2,2.4000000000000004,Needs Attention,6,United Kingdom,21.0,113.5196458768261,0
18241,10,17,2073.09,4,4,4,4.0,Champions,60,United Kingdom,10.10576923076923,8.224788003673844,208
18242,72,4,2232.4900000000002,2,3,4,2.9,Loyal,72,United Kingdom,13.038461538461538,28.63943260233258,141
18245,7,7,2567.06,4,4,4,4.0,Champions,153,United Kingdom,10.217142857142857,6.989113658683063,347
18246,24,2,596.1,3,3,2,2.7,Loyal,3,United Kingdom,41.5,82.39872066158956,209
18248,123,2,804.02,2,3,3,2.5999999999999996,Loyal,39,United Kingdom,10.872340425531915,10.91554059813307,63
18249,17,1,95.34,4,2,1,2.5,Needs Attention,8,United Kingdom,16.0,3.5760542900960393,0
18250,310,1,349.27,1,2,2,1.6,Needs Attention,21,United Kingdom,9.476190476190476,5.159605235914487,0
18251,87,1,4314.72,2,2,4,2.5999999999999996,Loyal,16,United Kingdom,489.0,139.9982045599157,0
18252,51,2,526.67,2,3,2,2.3,Needs Attention,90,United Kingdom,2.438775510204082,5.926387770569301,121
18255,89,1,103.3,2,2,1,1.7,Needs Attention,6,United Kingdom,12.333333333333334,7.417119836342586,0
18257,39,8,2337.63,3,4,4,3.6000000000000005,Champions,97,United Kingdom,8.822033898305085,10.758100855027969,256
18259,25,3,2338.6000000000004,3,3,4,3.3,Loyal,27,United Kingdom,17.0,34.60732502538026,341
18260,173,6,2643.2000000000003,1,4,4,2.8,Loyal,86,United Kingdom,11.029850746268657,11.197483985435516,185
18261,43,2,324.24,3,3,2,2.7,Loyal,19,United Kingdom,6.9523809523809526,2.8199734041299043,52
18262,140,1,149.48,2,2,1,1.7,Needs Attention,13,United Kingdom,14.0,4.614531117664874,0
18263,26,3,1213.1599999999999,3,3,3,3.0,Loyal,59,United Kingdom,24.065573770491802,9.937649808473175,226
18265,72,2,801.51,2,3,3,2.5999999999999996,Loyal,44,United Kingdom,6.760869565217392,5.24194644768396,85
18268,134,1,25.5,2,2,1,1.7,Needs Attention,1,United Kingdom,2.0,0.0,0
18269,366,1,168.6,1,2,1,1.3,At Risk,7,United Kingdom,10.857142857142858,7.784049625447447,0
18270,38,2,283.15,3,3,1,2.4,Needs Attention,11,United Kingdom,9.181818181818182,12.678068034637972,228
18272,3,6,3078.58,4,4,4,4.0,Champions,99,United Kingdom,12.349397590361447,8.024890399368038,244
18273,2,3,204.0,4,3,1,2.8,Loyal,1,United Kingdom,26.666666666666668,29.444863728670914,255
18274,30,1,175.92,3,2,1,2.1,Needs Attention,11,United Kingdom,8.0,3.094233639882712,0
18276,44,1,335.86,3,2,2,2.4000000000000004,Needs Attention,14,United Kingdom,13.285714285714286,22.78462605827413,0
18277,58,1,110.38,2,2,1,1.7,Needs Attention,8,United Kingdom,8.5,4.558335379123768,0
18278,74,1,173.9,2,2,1,1.7,Needs Attention,9,United Kingdom,7.333333333333333,6.5617790609288615,0
18280,278,1,180.60000000000002,1,2,1,1.3,At Risk,10,United Kingdom,4.5,3.380318854125385,0
18281,181,1,80.82,1,2,1,1.3,At Risk,7,United Kingdom,7.714285714285714,6.1104442204661815,0
18282,8,2,178.05,4,3,1,2.8,Loyal,12,United Kingdom,8.583333333333334,5.85357874218064,118
18283,4,16,2094.88,4,4,4,4.0,Champions,263,United Kingdom,1.847883597883598,2.5499284072481667,333
18287,43,3,1837.28,3,3,4,3.3,Loyal,59,United Kingdom,22.65714285714286,19.75176084924994,158
